"Key","Item Type","Publication Year","Author","Title","Publication Title","ISBN","ISSN","DOI","Url","Abstract Note","Date","Date Added","Date Modified","Access Date","Pages","Num Pages","Issue","Volume","Number Of Volumes","Journal Abbreviation","Short Title","Series","Series Number","Series Text","Series Title","Publisher","Place","Language","Rights","Type","Archive","Archive Location","Library Catalog","Call Number","Extra","Notes","File Attachments","Link Attachments","Manual Tags","Automatic Tags","Editor","Series Editor","Translator","Contributor","Attorney Agent","Book Author","Cast Member","Commenter","Composer","Cosponsor","Counsel","Interviewer","Producer","Recipient","Reviewed Author","Scriptwriter","Words By","Guest","Number","Edition","Running Time","Scale","Medium","Artwork Size","Filing Date","Application Number","Assignee","Issuing Authority","Country","Meeting Name","Conference Name","Court","References","Reporter","Legal Status","Priority Numbers","Programming Language","Version","System","Code","Code Number","Section","Session","Committee","History","Legislative Body"
"DSR2NZ9C","journalArticle","2021","Golden, Christopher D.; Koehn, J. Zachary; Shepon, Alon; Passarelli, Simone; Free, Christopher M.; Viana, Daniel F.; Matthey, Holger; Eurich, Jacob G.; Gephart, Jessica A.; Fluet-Chouinard, Etienne","Aquatic foods to nourish nations","Nature","","","","https://www.nature.com/articles/s41586-021-03917-1","","2021","2026-01-22 07:42:56","2026-01-22 07:42:56","2026-01-22 07:42:45","315–320","","7880","598","","","","","","","","Nature Publishing Group UK London","","","","","","","Google Scholar","","","","","","","","","","","","","","","","","","","","","","","","","","","","","","","","","","","","","","","","","","","","","","","","","","","","",""
"TVFA6DYE","journalArticle","2019","Abdalla, Mohamed; Hastings, Astley; Cheng, Kun; Yue, Qian; Chadwick, Dave; Espenberg, Mikk; Truu, Jaak; Rees, Robert M.; Smith, Pete","A critical review of the impacts of cover crops on nitrogen leaching, net greenhouse gas balance and crop productivity","Global change biology","","","","https://onlinelibrary.wiley.com/doi/abs/10.1111/gcb.14644","","2019","2026-01-22 07:42:56","2026-01-22 07:42:56","2026-01-22 07:42:45","2530–2543","","8","25","","","","","","","","Wiley Online Library","","","","","","","Google Scholar","","","","/Users/dutang/Zotero/storage/J5UFJ728/Abdalla et al. - 2019 - A critical review of the impacts of cover crops on nitrogen leaching, net greenhouse gas balance and.pdf","","","","","","","","","","","","","","","","","","","","","","","","","","","","","","","","","","","","","","","","","","","","","","","","",""
"EZA8366R","journalArticle","2022","Starr, Tyler N.; Greaney, Allison J.; Hannon, William W.; Loes, Andrea N.; Hauser, Kevin; Dillen, Josh R.; Ferri, Elena; Farrell, Ariana Ghez; Dadonaite, Bernadeta; McCallum, Matthew; Matreyek, Kenneth A.; Corti, Davide; Veesler, David; Snell, Gyorgy; Bloom, Jesse D.","Shifting mutational constraints in the SARS-CoV-2 receptor-binding domain during viral evolution","Science","","0036-8075, 1095-9203","10.1126/science.abo7896","https://www.science.org/doi/10.1126/science.abo7896","Severe acute respiratory syndrome coronavirus 2 (SARS-CoV-2) has evolved variants with substitutions in the spike receptor-binding domain (RBD) that affect its affinity for angiotensin-converting enzyme 2 (ACE2) receptor and recognition by antibodies. These substitutions could also shape future evolution by modulating the effects of mutations at other sites—a phenomenon called epistasis. To investigate this possibility, we performed deep mutational scans to measure the effects on ACE2 binding of all single–amino acid mutations in the Wuhan-Hu-1, Alpha, Beta, Delta, and Eta variant RBDs. Some substitutions, most prominently Asn               501               →Tyr (N501Y), cause epistatic shifts in the effects of mutations at other sites. These epistatic shifts shape subsequent evolutionary change—for example, enabling many of the antibody-escape substitutions in the Omicron RBD. These epistatic shifts occur despite high conservation of the overall RBD structure. Our data shed light on RBD sequence-function relationships and facilitate interpretation of ongoing SARS-CoV-2 evolution.                        ,              A shifting landscape for spike                            As proteins evolve, the mutational landscape changes because a mutation at one residue position may affect the functional consequences of a mutation at a second position. To explore how this plays out in the evolution of the severe acute respiratory syndrome coronavirus 2 (SARS-CoV-2) spike protein, Starr               et al               . measured the effects of all single-amino-acid mutations on binding of the spike protein to the cellular receptor ACE2 in the context of different SARS-CoV-2 variants (Wuhan-Hu-1, Alpha, Beta, Delta, and Eta). They show how evolution of the protein is shaping the possibility for future mutations, for example, allowing mutations that escape antibodies while maintaining binding to ACE2. —VV                        ,              Deep mutational scanning reveals epistatic shifts in the effects of mutations on ACE2 binding, shaping SARS-CoV-2 evolution.","2022-07-22","2026-01-22 07:42:56","2026-01-22 07:42:56","2026-01-22 07:42:46","420-424","","6604","377","","Science","","","","","","","","en","","","","","DOI.org (Crossref)","","","","/Users/dutang/Zotero/storage/LJ7TZCPR/Starr et al. - 2022 - Shifting mutational constraints in the SARS-CoV-2 receptor-binding domain during viral evolution.pdf","","","","","","","","","","","","","","","","","","","","","","","","","","","","","","","","","","","","","","","","","","","","","","","","",""
"VMGS8EBF","journalArticle","2017","Hiddink, Jan Geert; Jennings, Simon; Sciberras, Marija; Szostek, Claire L.; Hughes, Kathryn M.; Ellis, Nick; Rijnsdorp, Adriaan D.; McConnaughey, Robert A.; Mazor, Tessa; Hilborn, Ray","Global analysis of depletion and recovery of seabed biota after bottom trawling disturbance","Proceedings of the National Academy of Sciences","","","","https://www.pnas.org/doi/abs/10.1073/pnas.1618858114","","2017","2026-01-22 07:42:56","2026-01-22 07:42:56","2026-01-22 07:42:47","8301–8306","","31","114","","","","","","","","National Academy of Sciences","","","","","","","Google Scholar","","","","/Users/dutang/Zotero/storage/U9AKZI7V/Hiddink et al. - 2017 - Global analysis of depletion and recovery of seabed biota after bottom trawling disturbance.pdf","","","","","","","","","","","","","","","","","","","","","","","","","","","","","","","","","","","","","","","","","","","","","","","","",""
"NFBGK7L8","journalArticle","2021","editors, Principal manuscript; coordination, Analysis; Zizhen 5, Integrated data analysis Armand Ethan 42 Yao; generation, ATAC-seq data; Xinxin 10 97 97, processing Fang Rongxin 45 Hou Xiaomeng 10 Lucero Jacinta D. 18 Osteen Julia K. 18 Pinto-Duarte Antonio 18 Poirion Olivier 10 Preissl Sebastian 10 Wang; generation, Epi-retro-seq data; Elora 54, processing Dominguez Bertha 53 Ito-Cole Tony 1 Jacobs Matthew 1 Jin Xin 54 99 100 99 100 Lee Cheng-Ta 53 Lee Kuo-Fen 53 Miyazaki Paula Assakura 1 Pang Yan 1 Rashid Mohammad 1 Smith Jared B. 54 Vu Minh 1 Williams","A multimodal cell census and atlas of the mammalian primary motor cortex","Nature","","","","https://www.nature.com/articles/s41586-021-03950-0","","2021","2026-01-22 07:42:56","2026-01-22 07:42:56","2026-01-22 07:42:47","86–102","","7879","598","","","","","","","","Nature Publishing Group UK London","","","","","","","Google Scholar","","","","/Users/dutang/Zotero/storage/9YMQIV7B/editors et al. - 2021 - A multimodal cell census and atlas of the mammalian primary motor cortex.pdf","","","","","","","","","","","","","","","","","","","","","","","","","","","","","","","","","","","","","","","","","","","","","","","","",""
"AJP5LL39","journalArticle","2021","Mohamed Nor, Nur Hazimah; Kooi, Merel; Diepens, Noël J.; Koelmans, Albert A.","Lifetime Accumulation of Microplastic in Children and Adults","Environmental Science & Technology","","0013-936X, 1520-5851","10.1021/acs.est.0c07384","https://pubs.acs.org/doi/10.1021/acs.est.0c07384","","2021-04-20","2026-01-22 07:42:56","2026-01-22 07:42:56","2026-01-22 07:42:48","5084-5096","","8","55","","Environ. Sci. Technol.","","","","","","","","en","https://creativecommons.org/licenses/by-nc-nd/4.0/","","","","DOI.org (Crossref)","","","","/Users/dutang/Zotero/storage/UDT7X4Q4/Mohamed Nor et al. - 2021 - Lifetime Accumulation of Microplastic in Children and Adults.pdf","","","","","","","","","","","","","","","","","","","","","","","","","","","","","","","","","","","","","","","","","","","","","","","","",""
"9ZQUPNWY","journalArticle","2023","Zu, Songpeng; Li, Yang Eric; Wang, Kangli; Armand, Ethan J.; Mamde, Sainath; Amaral, Maria Luisa; Wang, Yuelai; Chu, Andre; Xie, Yang; Miller, Michael","Single-cell analysis of chromatin accessibility in the adult mouse brain","Nature","","","","https://www.nature.com/articles/s41586-023-06824-9","","2023","2026-01-22 07:42:56","2026-01-22 07:42:56","2026-01-22 07:42:50","378–389","","7991","624","","","","","","","","Nature Publishing Group UK London","","","","","","","Google Scholar","","","","/Users/dutang/Zotero/storage/EKS7QH29/Zu et al. - 2023 - Single-cell analysis of chromatin accessibility in the adult mouse brain.pdf","","","","","","","","","","","","","","","","","","","","","","","","","","","","","","","","","","","","","","","","","","","","","","","","",""
"9UAYDBZP","journalArticle","2023","Li, Yang Eric; Preissl, Sebastian; Miller, Michael; Johnson, Nicholas D.; Wang, Zihan; Jiao, Henry; Zhu, Chenxu; Wang, Zhaoning; Xie, Yang; Poirion, Olivier; Kern, Colin; Pinto-Duarte, Antonio; Tian, Wei; Siletti, Kimberly; Emerson, Nora; Osteen, Julia; Lucero, Jacinta; Lin, Lin; Yang, Qian; Zhu, Quan; Zemke, Nathan; Espinoza, Sarah; Yanny, Anna Marie; Nyhus, Julie; Dee, Nick; Casper, Tamara; Shapovalova, Nadiya; Hirschstein, Daniel; Hodge, Rebecca D.; Linnarsson, Sten; Bakken, Trygve; Levi, Boaz; Keene, C. Dirk; Shang, Jingbo; Lein, Ed; Wang, Allen; Behrens, M. Margarita; Ecker, Joseph R.; Ren, Bing","A comparative atlas of single-cell chromatin accessibility in the human brain","Science","","0036-8075, 1095-9203","10.1126/science.adf7044","https://www.science.org/doi/10.1126/science.adf7044","Recent advances in single-cell transcriptomics have illuminated the diverse neuronal and glial cell types within the human brain. However, the regulatory programs governing cell identity and function remain unclear. Using a single-nucleus assay for transposase-accessible chromatin using sequencing (snATAC-seq), we explored open chromatin landscapes across 1.1 million cells in 42 brain regions from three adults. Integrating this data unveiled 107 distinct cell types and their specific utilization of 544,735 candidate cis-regulatory DNA elements (cCREs) in the human genome. Nearly a third of the cCREs demonstrated conservation and chromatin accessibility in the mouse brain cells. We reveal strong links between specific brain cell types and neuropsychiatric disorders including schizophrenia, bipolar disorder, Alzheimer’s disease (AD), and major depression, and have developed deep learning models to predict the regulatory roles of noncoding risk variants in these disorders.           ,                             INTRODUCTION               Neuropsychiatric disorders and mental illnesses are the leading cause of disease burden in the United States. Tens of thousands of sequence variants in the human genome have been linked to the etiology of these conditions. However, elucidating the role of the identified risk variants remains a challenge because most of them are outside of protein-coding regions and currently lack functional annotation. These disease risk variants likely exert their influence by perturbing transcriptional regulatory elements, thereby modulating gene expression in cell types pertinent to neuropsychiatric disorders. Recent advancements in single-cell technologies have unveiled a high degree of cellular heterogeneity across the human brain. However, the transcriptional regulatory sequences governing the identity and function of each individual brain cell type remain to be delineated, hindering our ability to interpret the noncoding disease risk variants.                                         RATIONALE               Conventionally, transcriptional regulatory sequences may be determined by evidence of chromatin accessibility that generally accompanies transcription factor binding and chromatin remodeling. However, prior catalogs of transcriptional regulatory elements lack the information about cell-type–specific activities of each element because of the use of bulk tissue samples. Recent technological strides have empowered us to analyze chromatin accessibility at the single-cell level, enabling the creation of cell-type–specific maps of transcriptional regulatory elements for complex organs such as the human brain.                                         RESULTS                                In this study, we present a comprehensive analysis of chromatin accessibility in the human brain at the single-cell level, encompassing a collection of 1.1 million cells from 42 distinct brain regions in three neurotypical adult subjects. We used this chromatin atlas to define 107 distinct brain cell types and uncovered the state of chromatin accessibility at 544,735 putative transcriptional regulatory elements in these cell types. A substantial number of these regulatory elements also exhibited both sequence conservation and chromatin accessibility in mouse brain cells, underlining their functional importance. Through integrative analysis, we have linked many putative transcriptional regulatory elements to potential target genes. We further leveraged this atlas to predict disease relevant cell types for 19 neuropsychiatric traits and disorders. Finally, we developed machine learning models to predict the regulatory function of disease risk variants. We have made this atlas freely available to the public through an interactive web portal CATLAS (                 www.catlas.org                 ).                                                        CONCLUSION               The single-cell chromatin atlas of the human brain represents a valuable resource for the neuroscience community. It offers insights into the gene-regulatory programs shaping the diversity of brain cell types and aids in interpreting the functional roles of disease risk variants located outside of protein-coding regions. This atlas, in combination with other molecular and anatomical data, promises to advance our understanding of brain function and neuropathology, ultimately offering avenues for more effective approaches to addressing neuropsychiatric disorders.                                                   Single-cell analysis of chromatin accessibility of the human brain.                                        Candidate                     cis                     -regulatory elements (cCREs) specific to distinct human brain cell types were identified by single-nucleus assay for transposase-accessible chromatin using sequencing (snATAC-seq) and linked to putative target genes through integrative analysis. The usage of cCREs was leveraged to predict brain cell types pertinent to neuropsychiatric traits and disorders and to train machine-learning models to interpret the function of noncoding risk variants. UMAP, Uniform Manifold Approximation and Projection; DL, deep learning; LD, linkage disequilibrium; GWAS, genome wide association study.","2023-10-13","2026-01-22 07:42:56","2026-01-22 07:42:56","2026-01-22 07:42:54","eadf7044","","6667","382","","Science","","","","","","","","en","","","","","DOI.org (Crossref)","","","","/Users/dutang/Zotero/storage/T3MYLKCJ/Li et al. - 2023 - A comparative atlas of single-cell chromatin accessibility in the human brain.pdf","","","","","","","","","","","","","","","","","","","","","","","","","","","","","","","","","","","","","","","","","","","","","","","","",""
"44NPCQ9D","journalArticle","2020","Starr, Tyler N.; Greaney, Allison J.; Hilton, Sarah K.; Ellis, Daniel; Crawford, Katharine HD; Dingens, Adam S.; Navarro, Mary Jane; Bowen, John E.; Tortorici, M. Alejandra; Walls, Alexandra C.","Deep mutational scanning of SARS-CoV-2 receptor binding domain reveals constraints on folding and ACE2 binding","cell","","","","https://www.cell.com/cell/fulltext/S0092-8674(20)31003-5?dgcid=raven_jbs_aip_email","","2020","2026-01-22 07:42:56","2026-01-22 07:42:56","2026-01-22 07:42:54","1295–1310","","5","182","","","","","","","","Elsevier","","","","","","","Google Scholar","","","","","","","","","","","","","","","","","","","","","","","","","","","","","","","","","","","","","","","","","","","","","","","","","","","","",""
"V4AS7NST","journalArticle","2022","Starr, Tyler N.; Greaney, Allison J.; Stewart, Cameron M.; Walls, Alexandra C.; Hannon, William W.; Veesler, David; Bloom, Jesse D.","Deep mutational scans for ACE2 binding, RBD expression, and antibody escape in the SARS-CoV-2 Omicron BA. 1 and BA. 2 receptor-binding domains","PLoS pathogens","","","","https://journals.plos.org/plospathogens/article?id=10.1371/journal.ppat.1010951","","2022","2026-01-22 07:42:56","2026-01-22 07:42:56","2026-01-22 07:42:56","e1010951","","11","18","","","","","","","","Public Library of Science San Francisco, CA USA","","","","","","","Google Scholar","","","","/Users/dutang/Zotero/storage/Q297FEJK/Starr et al. - 2022 - Deep mutational scans for ACE2 binding, RBD expression, and antibody escape in the SARS-CoV-2 Omicro.pdf","","","","","","","","","","","","","","","","","","","","","","","","","","","","","","","","","","","","","","","","","","","","","","","","",""
"AFGRMFCE","journalArticle","2021","Friman, Julia; Karssemeijer, Peter N.; Haller, Julian; De Kreek, Kris; Van Loon, Joop J.A.; Dicke, Marcel","Shoot and root insect herbivory change the plant rhizosphere microbiome and affects cabbage–insect interactions through plant–soil feedback","New Phytologist","","0028-646X, 1469-8137","10.1111/nph.17746","https://nph.onlinelibrary.wiley.com/doi/10.1111/nph.17746","Summary                                                                                     Plant–soil feedback (PSF) may influence plant–insect interactions. Although plant defense differs between shoot and root tissues, few studies have examined root‐feeding insect herbivores in a PSF context. We examined here how plant growth and resistance against root‐feeding                     Delia radicum                     larvae was influenced by PSF.                                                                                             We conditioned soil with cabbage plants that were infested with herbivores that affect                     D                     .                     radicum                     through plant‐mediated effects: leaf‐feeding                     Plutella xylostella                     caterpillars and                     Brevicoryne brassicae                     aphids, root‐feeding                     D. radicum                     larvae, and/or added rhizobacterium                     Pseudomonas simiae                     WCS417r. We analyzed the rhizosphere microbial community, and in a second set of conspecific plants exposed to conditioned soil, we assessed growth, expression of defense‐related genes, and                     D                     .                      radicum                     performance.                                                                                             The rhizosphere microbiome differed mainly between shoot and root herbivory treatments. Addition of                     Pseudomonas simiae                     did not influence rhizosphere microbiome composition. Plant shoot biomass, gene expression, and plant resistance against                     D                     .                      radicum                     larvae was affected by PSF in a treatment‐specific manner. Soil conditioning overall reduced plant shoot biomass,                     Pseudomonas simiae                     ‐amended soil causing the largest growth reduction.                                                                        In conclusion, shoot and root insect herbivores alter the rhizosphere microbiome differently, with consequences for growth and resistance of plants subsequently exposed to conditioned soil.","2021-12","2026-01-22 07:46:31","2026-01-22 07:46:31","2026-01-22 07:46:03","2475-2490","","6","232","","New Phytologist","","","","","","","","en","","","","","DOI.org (Crossref)","","","","/Users/dutang/Zotero/storage/2MYCW8KJ/Friman et al. - 2021 - Shoot and root insect herbivory change the plant rhizosphere microbiome and affects cabbage–insect i.pdf","","","","","","","","","","","","","","","","","","","","","","","","","","","","","","","","","","","","","","","","","","","","","","","","",""
"WXAST7LR","journalArticle","2022","Tröndle, Marius; Popov, Tzvetan; Dziemian, Sabine; Langer, Nicolas","Decomposing the role of alpha oscillations during brain maturation","Elife","","","","https://elifesciences.org/articles/77571","","2022","2026-01-22 07:46:31","2026-01-22 07:46:31","2026-01-22 07:46:09","e77571","","","11","","","","","","","","eLife Sciences Publications Limited","","","","","","","Google Scholar","","","","/Users/dutang/Zotero/storage/TA8MLPI7/Tröndle et al. - 2022 - Decomposing the role of alpha oscillations during brain maturation.pdf","","","","","","","","","","","","","","","","","","","","","","","","","","","","","","","","","","","","","","","","","","","","","","","","",""
"WR7JQUME","journalArticle","2019","del Barrio-Duque, Alejandro; Ley, Johanna; Samad, Abdul; Antonielli, Livio; Sessitsch, Angela; Compant, Stephane","Beneficial endophytic bacteria-Serendipita indica interaction for crop enhancement and resistance to phytopathogens","Frontiers in microbiology","","","","https://www.frontiersin.org/journals/microbiology/articles/10.3389/fmicb.2019.02888/full","","2019","2026-01-22 07:46:31","2026-01-22 07:46:31","2026-01-22 07:46:15","2888","","","10","","","","","","","","Frontiers Media SA","","","","","","","Google Scholar","","","","/Users/dutang/Zotero/storage/JDKB924E/del Barrio-Duque et al. - 2019 - Beneficial endophytic bacteria-Serendipita indica interaction for crop enhancement and resistance to.pdf","","","","","","","","","","","","","","","","","","","","","","","","","","","","","","","","","","","","","","","","","","","","","","","","",""
"RWHWSCWE","journalArticle","2021","Hu, Benxia; Won, Hyejung; Mah, Won; Park, Royce B.; Kassim, Bibi; Spiess, Keeley; Kozlenkov, Alexey; Crowley, Cheynna A.; Pochareddy, Sirisha","Neuronal and glial 3D chromatin architecture informs the cellular etiology of brain disorders","Nature communications","","","","https://www.nature.com/articles/s41467-021-24243-0","","2021","2026-01-22 07:46:31","2026-01-22 07:46:31","2026-01-22 07:46:16","3968","","1","12","","","","","","","","Nature Publishing Group UK London","","","","","","","Google Scholar","","","","/Users/dutang/Zotero/storage/DPAC3BFP/Hu et al. - 2021 - Neuronal and glial 3D chromatin architecture informs the cellular etiology of brain disorders.pdf","","","","","","","","","","","","","","","","","","","","","","","","","","","","","","","","","","","","","","","","","","","","","","","","",""
"EQBAMF98","journalArticle","2025","De Gregorio, Chiara; Valente, Daria; Cristiano, Walter; Carugati, Filippo; Prealta, Michela; Ferrario, Valeria; Raimondi, Teresa; Torti, Valeria; Ratsimbazafy, Jonah; Giacoma, Cristina","Singing out of tune: sexual and developmental differences in the occurrence of nonlinear phenomena in primate songs","Philosophical Transactions B","","","","https://royalsocietypublishing.org/doi/abs/10.1098/rstb.2024.0021","","2025","2026-01-22 07:46:31","2026-01-22 07:46:31","2026-01-22 07:46:17","20240021","","1923","380","","","Singing out of tune","","","","","The Royal Society","","","","","","","Google Scholar","","","","/Users/dutang/Zotero/storage/H6X2G23C/De Gregorio et al. - 2025 - Singing out of tune sexual and developmental differences in the occurrence of nonlinear phenomena i.pdf","","","","","","","","","","","","","","","","","","","","","","","","","","","","","","","","","","","","","","","","","","","","","","","","",""
"D496TDSH","journalArticle","2021","Guo, Yang; Abdalla, Mohamed; Espenberg, Mikk; Hastings, Astley; Hallett, Paul; Smith, Pete","A systematic analysis and review of the impacts of afforestation on soil quality indicators as modified by climate zone, forest type and age","Science of the Total Environment","","","","https://www.sciencedirect.com/science/article/pii/S0048969720373551","","2021","2026-01-22 07:46:31","2026-01-22 07:46:31","2026-01-22 07:46:18","143824","","","757","","","","","","","","Elsevier","","","","","","","Google Scholar","","","","","","","","","","","","","","","","","","","","","","","","","","","","","","","","","","","","","","","","","","","","","","","","","","","","",""
"VRMXMYZS","journalArticle","2025","Caporale, Nicolò; Castaldi, Davide; Rigoli, Marco Tullio; Cheroni, Cristina; Valenti, Alessia; Stucchi, Sarah; Lessi, Manuel; Bulgheresi, Davide; Trattaro, Sebastiano; Pezzali, Martina","Multiplexing cortical brain organoids for the longitudinal dissection of developmental traits at single-cell resolution","Nature methods","","","","https://www.nature.com/articles/s41592-024-02555-5","","2025","2026-01-22 07:46:31","2026-01-22 07:46:31","2026-01-22 07:46:23","358–370","","2","22","","","","","","","","Nature Publishing Group US New York","","","","","","","Google Scholar","","","","/Users/dutang/Zotero/storage/E92B57D4/Caporale et al. - 2025 - Multiplexing cortical brain organoids for the longitudinal dissection of developmental traits at sin.pdf","","","","","","","","","","","","","","","","","","","","","","","","","","","","","","","","","","","","","","","","","","","","","","","","",""
"MJJKCQ4J","journalArticle","2022","Knight, Gwenan M.; Pham, Thi Mui; Stimson, James; Funk, Sebastian; Jafari, Yalda; Pople, Diane; Evans, Stephanie; Yin, Mo; Brown, Colin S.; Bhattacharya, Alex","The contribution of hospital-acquired infections to the COVID-19 epidemic in England in the first half of 2020","BMC infectious diseases","","","","https://link.springer.com/article/10.1186/s12879-022-07490-4","","2022","2026-01-22 07:46:31","2026-01-22 07:46:31","2026-01-22 07:46:26","556","","1","22","","","","","","","","Springer","","","","","","","Google Scholar","","","","/Users/dutang/Zotero/storage/YHNFBNA6/Knight et al. - 2022 - The contribution of hospital-acquired infections to the COVID-19 epidemic in England in the first ha.pdf","","","","","","","","","","","","","","","","","","","","","","","","","","","","","","","","","","","","","","","","","","","","","","","","",""
"YAUYTWZM","journalArticle","2022","Aldercotte, Andrew H.; Simpson, Dylan T.; Winfree, Rachael","Crop visitation by wild bees declines over an 8-year time series: A dramatic trend, or just dramatic between-year variation?","Insect Conservation and Diversity","","","","https://resjournals.onlinelibrary.wiley.com/doi/abs/10.1111/icad.12589","","2022","2026-01-22 07:46:31","2026-01-22 07:46:31","2026-01-22 07:46:30","522–533","","5","15","","","Crop visitation by wild bees declines over an 8-year time series","","","","","Wiley Online Library","","","","","","","Google Scholar","","","","","","","","","","","","","","","","","","","","","","","","","","","","","","","","","","","","","","","","","","","","","","","","","","","","",""
"T7YBMA3B","journalArticle","2022","Helbach, Jan; Frey, Julian; Messier, Christian; Mörsdorf, Martin; Scherer-Lorenzen, Michael","Light heterogeneity affects understory plant species richness in temperate forests supporting the heterogeneity–diversity hypothesis","Ecology and Evolution","","","","https://onlinelibrary.wiley.com/doi/abs/10.1002/ece3.8534","","2022","2026-01-22 07:46:31","2026-01-22 07:46:31","2026-01-22 07:46:31","e8534","","2","12","","","","","","","","Wiley Online Library","","","","","","","Google Scholar","","","","/Users/dutang/Zotero/storage/IWCPLLYM/Helbach et al. - 2022 - Light heterogeneity affects understory plant species richness in temperate forests supporting the he.pdf","","","","","","","","","","","","","","","","","","","","","","","","","","","","","","","","","","","","","","","","","","","","","","","","",""
"Z82GVMWV","journalArticle","2026","Aryadoust, Vahid; Jia, Yichen","Univariate normality checking practices in L2 research: An AI-assisted systematic review","Studies in Second Language Acquisition","","","","","","2026","2026-06-21 20:16:10","2026-06-21 20:16:10","","1–36","","","","","","","","","","","Cambridge University Press","","","","","","","","","","","","","","","","","","","","","","","","","","","","","","","","","","","","","","","","","","","","","","","","","","","","","","","","","","","",""
"HWNPFM2F","journalArticle","2026","Aryadoust, Vahid; Jia, Yichen","Univariate normality checking practices in L2 research: An AI-assisted systematic review","Studies in Second Language Acquisition","","","","","","2026","2026-06-21 20:16:10","2026-06-21 20:16:10","","1–36","","","","","","","","","","","Cambridge University Press","","","","","","","","","","","","","","","","","","","","","","","","","","","","","","","","","","","","","","","","","","","","","","","","","","","","","","","","","","","",""
"K527JXJ2","journalArticle","2026","Planert, Henrike; Mittermaier, Franz Xaver; Grosser, Sabine; Fidzinski, Pawel; Schneider, Ulf Christoph; Radbruch, Helena; Onken, Julia; Holtkamp, Martin; Schmitz, Dietmar; Alle, Henrik; others","Electrophysiological classification of human layer 2–3 pyramidal neurons reveals subtype-specific synaptic interactions","Nature neuroscience","","","","","","2026","2026-06-21 20:16:10","2026-06-21 20:16:10","","455–466","","2","29","","","","","","","","Nature Publishing Group US New York","","","","","","","","","","","","","","","","","","","","","","","","","","","","","","","","","","","","","","","","","","","","","","","","","","","","","","","","","","","",""
"KD48XTB2","journalArticle","2026","Planert, Henrike; Mittermaier, Franz Xaver; Grosser, Sabine; Fidzinski, Pawel; Schneider, Ulf Christoph; Radbruch, Helena; Onken, Julia; Holtkamp, Martin; Schmitz, Dietmar; Alle, Henrik; others","Electrophysiological classification of human layer 2–3 pyramidal neurons reveals subtype-specific synaptic interactions","Nature neuroscience","","","","","","2026","2026-06-21 20:16:10","2026-06-21 20:16:10","","455–466","","2","29","","","","","","","","Nature Publishing Group US New York","","","","","","","","","","","","","","","","","","","","","","","","","","","","","","","","","","","","","","","","","","","","","","","","","","","","","","","","","","","",""
"5XYSKSZ2","journalArticle","2026","Raimondi, Teresa; Haas, Caroline E; Mendez-Arostegui, Margarita; Jadoul, Yannick; Ravignani, Andrea; others","Neonatal auditory input affects vocal development in harbour seals","PHILOSOPHICAL TRANSACTIONS-ROYAL SOCIETY. BIOLOGICAL SCIENCES","","","","","","2026","2026-06-21 20:16:10","2026-06-21 20:16:10","","1–14","","1943","381","","","","","","","","Royal Society","","","","","","","","","","","","","","","","","","","","","","","","","","","","","","","","","","","","","","","","","","","","","","","","","","","","","","","","","","","",""
"WWX6Y5JY","journalArticle","2026","Raimondi, Teresa; Haas, Caroline E; Mendez-Arostegui, Margarita; Jadoul, Yannick; Ravignani, Andrea; others","Neonatal auditory input affects vocal development in harbour seals","PHILOSOPHICAL TRANSACTIONS-ROYAL SOCIETY. BIOLOGICAL SCIENCES","","","","","","2026","2026-06-21 20:16:10","2026-06-21 20:16:10","","1–14","","1943","381","","","","","","","","Royal Society","","","","","","","","","","","","","","","","","","","","","","","","","","","","","","","","","","","","","","","","","","","","","","","","","","","","","","","","","","","",""
"ND5W2ACU","journalArticle","2026","Li, Zhongqin; Niklas, Karl J; Wang, Jinfeng; Deng, Linli; Huang, Weiwei; Shi, Peijian","Scaling relationship between total leaf size and total number of leaves per culm of Semiarundinaria densiflora","Annals of Botany","","","","","","2026","2026-06-21 20:16:10","2026-06-21 20:16:10","","1179–1186","","5","137","","","","","","","","Oxford University Press UK","","","","","","","","","","","","","","","","","","","","","","","","","","","","","","","","","","","","","","","","","","","","","","","","","","","","","","","","","","","",""
"UP24PKSS","journalArticle","2026","Li, Zhongqin; Niklas, Karl J; Wang, Jinfeng; Deng, Linli; Huang, Weiwei; Shi, Peijian","Scaling relationship between total leaf size and total number of leaves per culm of Semiarundinaria densiflora","Annals of Botany","","","","","","2026","2026-06-21 20:16:10","2026-06-21 20:16:10","","1179–1186","","5","137","","","","","","","","Oxford University Press UK","","","","","","","","","","","","","","","","","","","","","","","","","","","","","","","","","","","","","","","","","","","","","","","","","","","","","","","","","","","",""
"EB243PGD","journalArticle","2026","Ardiyanti, Rizza; Azrague, Kamal; Hallé, Cynthia","From wastewater to soil improver: Assessing the risks and quality of wastewater resource recovery products","Journal of Cleaner Production","","","","","","2026","2026-06-21 20:16:10","2026-06-21 20:16:10","","148529","","","565","","","","","","","","Elsevier","","","","","","","","","","","","","","","","","","","","","","","","","","","","","","","","","","","","","","","","","","","","","","","","","","","","","","","","","","","",""
"PQEN62U7","journalArticle","2026","Ardiyanti, Rizza; Azrague, Kamal; Hallé, Cynthia","From wastewater to soil improver: Assessing the risks and quality of wastewater resource recovery products","Journal of Cleaner Production","","","","","","2026","2026-06-21 20:16:10","2026-06-21 20:16:10","","148529","","","565","","","","","","","","Elsevier","","","","","","","","","","","","","","","","","","","","","","","","","","","","","","","","","","","","","","","","","","","","","","","","","","","","","","","","","","","",""
"IW9855WH","journalArticle","2026","Xu, Chen; Zhai, Xianyue; Kan, Zexi; Bian, Ziyao; Wang, Borui; Kang, Xilong; Jiao, Xinan; Meng, Chuang; Pan, Zhiming","Analysis of risk profiles for Salmonella exposure from pork consumption in China: A combined Meta-analysis and quantitative microbial risk assessment model","Food Research International","","","","","","2026","2026-06-21 20:16:10","2026-06-21 20:16:10","","119751","","","","","","","","","","","Elsevier","","","","","","","","","","","","","","","","","","","","","","","","","","","","","","","","","","","","","","","","","","","","","","","","","","","","","","","","","","","",""
"HCME8A59","journalArticle","2026","Xu, Chen; Zhai, Xianyue; Kan, Zexi; Bian, Ziyao; Wang, Borui; Kang, Xilong; Jiao, Xinan; Meng, Chuang; Pan, Zhiming","Analysis of risk profiles for Salmonella exposure from pork consumption in China: A combined Meta-analysis and quantitative microbial risk assessment model","Food Research International","","","","","","2026","2026-06-21 20:16:10","2026-06-21 20:16:10","","119751","","","","","","","","","","","Elsevier","","","","","","","","","","","","","","","","","","","","","","","","","","","","","","","","","","","","","","","","","","","","","","","","","","","","","","","","","","","",""
"4HEZYSXS","journalArticle","2026","Araujo-Silva, Heloysa; Schaaf, Marcel; Luchiari, Ana Carolina; Tudorache, Christian","Acute effects of alcohol and nicotine on behaviour in proactive and reactive zebrafish coping styles","Progress in Neuro-Psychopharmacology and Biological Psychiatry","","","","","","2026","2026-06-21 20:16:10","2026-06-21 20:16:10","","111792","","","","","","","","","","","Elsevier","","","","","","","","","","","","","","","","","","","","","","","","","","","","","","","","","","","","","","","","","","","","","","","","","","","","","","","","","","","",""
"5AW2X9XM","journalArticle","2026","Araujo-Silva, Heloysa; Schaaf, Marcel; Luchiari, Ana Carolina; Tudorache, Christian","Acute effects of alcohol and nicotine on behaviour in proactive and reactive zebrafish coping styles","Progress in Neuro-Psychopharmacology and Biological Psychiatry","","","","","","2026","2026-06-21 20:16:10","2026-06-21 20:16:10","","111792","","","","","","","","","","","Elsevier","","","","","","","","","","","","","","","","","","","","","","","","","","","","","","","","","","","","","","","","","","","","","","","","","","","","","","","","","","","",""
"BFITLRQW","journalArticle","2026","Ros, Albert; Baer, Jan; Fromherz, Matthias; Geist, Juergen; Brinker, Alexander","Buoyancy aptitude of the European wels catfish in relation to vertical migration and hunting behaviour","Movement Ecology","","","","","","2026","2026-06-21 20:16:10","2026-06-21 20:16:10","","","","","","","","","","","","","Springer","","","","","","","","","","","","","","","","","","","","","","","","","","","","","","","","","","","","","","","","","","","","","","","","","","","","","","","","","","","",""
"YH2BFLM7","journalArticle","2026","Ros, Albert; Baer, Jan; Fromherz, Matthias; Geist, Juergen; Brinker, Alexander","Buoyancy aptitude of the European wels catfish in relation to vertical migration and hunting behaviour","Movement Ecology","","","","","","2026","2026-06-21 20:16:10","2026-06-21 20:16:10","","","","","","","","","","","","","Springer","","","","","","","","","","","","","","","","","","","","","","","","","","","","","","","","","","","","","","","","","","","","","","","","","","","","","","","","","","","",""
"KEK96FW2","journalArticle","2026","Seelig, Simon; Thalheim, Felix; Seelig, Magdalena; Töchterle, Paul; Vremec, Matevž; Masten, Martin; Brielmann, Heike; Eybl, Jutta; Winkler, Gerfried","Young water fractions in spring discharge","Journal of Hydrology","","","","","","2026","2026-06-21 20:16:10","2026-06-21 20:16:10","","135221","","","","","","","","","","","Elsevier","","","","","","","","","","","","","","","","","","","","","","","","","","","","","","","","","","","","","","","","","","","","","","","","","","","","","","","","","","","",""
"DKKK2CQ2","journalArticle","2026","Seelig, Simon; Thalheim, Felix; Seelig, Magdalena; Töchterle, Paul; Vremec, Matevž; Masten, Martin; Brielmann, Heike; Eybl, Jutta; Winkler, Gerfried","Young water fractions in spring discharge","Journal of Hydrology","","","","","","2026","2026-06-21 20:16:10","2026-06-21 20:16:10","","135221","","","","","","","","","","","Elsevier","","","","","","","","","","","","","","","","","","","","","","","","","","","","","","","","","","","","","","","","","","","","","","","","","","","","","","","","","","","",""
"IGLNEZ4Y","journalArticle","2026","Olivos, Carlos; Vinel, Alexander; Silva, Daniel F","Modeling flex-route transit systems with a continuous approximation Markovian approach","Computers & Operations Research","","","","","","2026","2026-06-21 20:16:10","2026-06-21 20:16:10","","107562","","","194","","","","","","","","Elsevier","","","","","","","","","","","","","","","","","","","","","","","","","","","","","","","","","","","","","","","","","","","","","","","","","","","","","","","","","","","",""
"YAGCVEG8","journalArticle","2026","Olivos, Carlos; Vinel, Alexander; Silva, Daniel F","Modeling flex-route transit systems with a continuous approximation Markovian approach","Computers & Operations Research","","","","","","2026","2026-06-21 20:16:10","2026-06-21 20:16:10","","107562","","","194","","","","","","","","Elsevier","","","","","","","","","","","","","","","","","","","","","","","","","","","","","","","","","","","","","","","","","","","","","","","","","","","","","","","","","","","",""
"R5JLMPVQ","journalArticle","2026","Hale, Charles O; Hsu, Sheng-Kai; Zhai, Jingjing; Schulz, Aimee; Aubuchon-Elder, Taylor; Costa-Neto, Germano; Gelfond, Allen; El-Walid, Mohamed Z; Hufford, Matthew; Kellogg, Elizabeth A; others","Widespread turnover of a conserved cis-regulatory code across 589 grass species","Molecular Biology and Evolution","","","","","","2026","2026-06-21 20:16:10","2026-06-21 20:16:10","","msaf324","","1","43","","","","","","","","Oxford University Press UK","","","","","","","","","","","","","","","","","","","","","","","","","","","","","","","","","","","","","","","","","","","","","","","","","","","","","","","","","","","",""
"FY2XLJXD","journalArticle","2026","Hale, Charles O; Hsu, Sheng-Kai; Zhai, Jingjing; Schulz, Aimee; Aubuchon-Elder, Taylor; Costa-Neto, Germano; Gelfond, Allen; El-Walid, Mohamed Z; Hufford, Matthew; Kellogg, Elizabeth A; others","Widespread turnover of a conserved cis-regulatory code across 589 grass species","Molecular Biology and Evolution","","","","","","2026","2026-06-21 20:16:10","2026-06-21 20:16:10","","msaf324","","1","43","","","","","","","","Oxford University Press UK","","","","","","","","","","","","","","","","","","","","","","","","","","","","","","","","","","","","","","","","","","","","","","","","","","","","","","","","","","","",""
"M2YPB3Y5","journalArticle","2026","Isabwe, Alain; Stow, Craig A; Godwin, Casey M","Microcystin in western Lake Erie: co-occurrence with biomass indicators, and the effects of abiotic factors","Ecological Informatics","","","","","","2026","2026-06-21 20:16:10","2026-06-21 20:16:10","","103857","","","","","","","","","","","Elsevier","","","","","","","","","","","","","","","","","","","","","","","","","","","","","","","","","","","","","","","","","","","","","","","","","","","","","","","","","","","",""
"AFJ5JVY3","journalArticle","2026","Isabwe, Alain; Stow, Craig A; Godwin, Casey M","Microcystin in western Lake Erie: co-occurrence with biomass indicators, and the effects of abiotic factors","Ecological Informatics","","","","","","2026","2026-06-21 20:16:10","2026-06-21 20:16:10","","103857","","","","","","","","","","","Elsevier","","","","","","","","","","","","","","","","","","","","","","","","","","","","","","","","","","","","","","","","","","","","","","","","","","","","","","","","","","","",""
"QW2GFVA4","journalArticle","2026","Gintberg, Marcus Max; Bahrndorff, Simon; Andersen, Line Holm","Time-dependent effects of beavers on terrestrial invertebrate biomass and diversity","iScience","","","","","","2026","2026-06-21 20:16:10","2026-06-21 20:16:10","","","","6","29","","","","","","","","Elsevier","","","","","","","","","","","","","","","","","","","","","","","","","","","","","","","","","","","","","","","","","","","","","","","","","","","","","","","","","","","",""
"29A365T8","journalArticle","2026","Gintberg, Marcus Max; Bahrndorff, Simon; Andersen, Line Holm","Time-dependent effects of beavers on terrestrial invertebrate biomass and diversity","iScience","","","","","","2026","2026-06-21 20:16:10","2026-06-21 20:16:10","","","","6","29","","","","","","","","Elsevier","","","","","","","","","","","","","","","","","","","","","","","","","","","","","","","","","","","","","","","","","","","","","","","","","","","","","","","","","","","",""
"VP2QB88H","journalArticle","2026","Hautefeuille, Sophie; Tareb, Raouf; Bouju-Albert, Agnès; Misery, Boris; Benincà, Elisa; Bergval, Indra; Laroche, Béatrice; Guillou, Sandrine; Haddad, Nabila","Campylobacter Survival Potentially Influenced By Key Microbial Species Within The microbiota on Free-Range Broiler Carcasses During Refrigerated Storage","Food Microbiology","","","","","","2026","2026-06-21 20:16:10","2026-06-21 20:16:10","","105156","","","","","","","","","","","Elsevier","","","","","","","","","","","","","","","","","","","","","","","","","","","","","","","","","","","","","","","","","","","","","","","","","","","","","","","","","","","",""
"2DS4NNWY","journalArticle","2026","Hautefeuille, Sophie; Tareb, Raouf; Bouju-Albert, Agnès; Misery, Boris; Benincà, Elisa; Bergval, Indra; Laroche, Béatrice; Guillou, Sandrine; Haddad, Nabila","Campylobacter Survival Potentially Influenced By Key Microbial Species Within The microbiota on Free-Range Broiler Carcasses During Refrigerated Storage","Food Microbiology","","","","","","2026","2026-06-21 20:16:10","2026-06-21 20:16:10","","105156","","","","","","","","","","","Elsevier","","","","","","","","","","","","","","","","","","","","","","","","","","","","","","","","","","","","","","","","","","","","","","","","","","","","","","","","","","","",""
"JW6UPICC","journalArticle","2026","Crépeault, Olivier; Turmel, Monique; Otis, Christian; Pombert, Jean-François; Lemieux, Claude","Genomic and transcriptomic basis of morphological and life cycle diversity in the prasinophyte alga Pseudoscourfieldia marina","Communications Biology","","","","","","2026","2026-06-21 20:16:10","2026-06-21 20:16:10","","","","","","","","","","","","","Nature Publishing Group UK London","","","","","","","","","","","","","","","","","","","","","","","","","","","","","","","","","","","","","","","","","","","","","","","","","","","","","","","","","","","",""
"UFTFVDSC","journalArticle","2026","Crépeault, Olivier; Turmel, Monique; Otis, Christian; Pombert, Jean-François; Lemieux, Claude","Genomic and transcriptomic basis of morphological and life cycle diversity in the prasinophyte alga Pseudoscourfieldia marina","Communications Biology","","","","","","2026","2026-06-21 20:16:10","2026-06-21 20:16:10","","","","","","","","","","","","","Nature Publishing Group UK London","","","","","","","","","","","","","","","","","","","","","","","","","","","","","","","","","","","","","","","","","","","","","","","","","","","","","","","","","","","",""
"2G8YREIF","journalArticle","2026","Stanton, Isobel C; Brass, Dominic P; Tipper, Holly J; Payne, Rachel A; Murray, Aimee K; Shelton, Jennifer MG; Pym, Adam M; Hart, Alwyn; Read, Daniel S; Gaze, William H; others","Predicting antifungal concentrations that select for resistance: an enhanced approach to establish environmental thresholds","Environment International","","","","","","2026","2026-06-21 20:16:10","2026-06-21 20:16:10","","110178","","","","","","","","","","","Elsevier","","","","","","","","","","","","","","","","","","","","","","","","","","","","","","","","","","","","","","","","","","","","","","","","","","","","","","","","","","","",""
"6UIF6MGH","journalArticle","2026","Stanton, Isobel C; Brass, Dominic P; Tipper, Holly J; Payne, Rachel A; Murray, Aimee K; Shelton, Jennifer MG; Pym, Adam M; Hart, Alwyn; Read, Daniel S; Gaze, William H; others","Predicting antifungal concentrations that select for resistance: an enhanced approach to establish environmental thresholds","Environment International","","","","","","2026","2026-06-21 20:16:10","2026-06-21 20:16:10","","110178","","","","","","","","","","","Elsevier","","","","","","","","","","","","","","","","","","","","","","","","","","","","","","","","","","","","","","","","","","","","","","","","","","","","","","","","","","","",""
"9X2Z4F95","journalArticle","2026","Hoppmann, Frederike; Bluhm, Bodil A; Gradinger, Rolf; Buschbaum, Christian; McGovern, Maeve; Molis, Markus","Predator exclusion and riverine input: Effects on sub-Arctic intertidal soft-bottom macrobenthos","Journal of Experimental Marine Biology and Ecology","","","","","","2026","2026-06-21 20:16:10","2026-06-21 20:16:10","","152204","","","602","","","","","","","","Elsevier","","","","","","","","","","","","","","","","","","","","","","","","","","","","","","","","","","","","","","","","","","","","","","","","","","","","","","","","","","","",""
"DHR8E8LZ","journalArticle","2026","Hoppmann, Frederike; Bluhm, Bodil A; Gradinger, Rolf; Buschbaum, Christian; McGovern, Maeve; Molis, Markus","Predator exclusion and riverine input: Effects on sub-Arctic intertidal soft-bottom macrobenthos","Journal of Experimental Marine Biology and Ecology","","","","","","2026","2026-06-21 20:16:10","2026-06-21 20:16:10","","152204","","","602","","","","","","","","Elsevier","","","","","","","","","","","","","","","","","","","","","","","","","","","","","","","","","","","","","","","","","","","","","","","","","","","","","","","","","","","",""
"YNEXZ79U","journalArticle","2026","Umbra, Robin; Fasbender, Ulrike","Moral transgressions, moral emotions, and regulatory behaviours at work: evidence from two studies","European Journal of Work and Organizational Psychology","","","","","","2026","2026-06-21 20:16:10","2026-06-21 20:16:10","","1–18","","","","","","","","","","","Taylor & Francis","","","","","","","","","","","","","","","","","","","","","","","","","","","","","","","","","","","","","","","","","","","","","","","","","","","","","","","","","","","",""
"FZE9UB5U","journalArticle","2026","Umbra, Robin; Fasbender, Ulrike","Moral transgressions, moral emotions, and regulatory behaviours at work: evidence from two studies","European Journal of Work and Organizational Psychology","","","","","","2026","2026-06-21 20:16:10","2026-06-21 20:16:10","","1–18","","","","","","","","","","","Taylor & Francis","","","","","","","","","","","","","","","","","","","","","","","","","","","","","","","","","","","","","","","","","","","","","","","","","","","","","","","","","","","",""
"XHKBWW8Q","journalArticle","2026","Chakraborti, Udipta; Mukhopadhyay, Snigdha; Annagiri, Sumana","Restriction of pedicel-flagellum joint in the antennae negatively impacts recruitment but not exploration in ants","Movement Ecology","","","","","","2026","2026-06-21 20:16:10","2026-06-21 20:16:10","","","","","","","","","","","","","Springer","","","","","","","","","","","","","","","","","","","","","","","","","","","","","","","","","","","","","","","","","","","","","","","","","","","","","","","","","","","",""
"Y5DWLU4V","journalArticle","2026","Chakraborti, Udipta; Mukhopadhyay, Snigdha; Annagiri, Sumana","Restriction of pedicel-flagellum joint in the antennae negatively impacts recruitment but not exploration in ants","Movement Ecology","","","","","","2026","2026-06-21 20:16:10","2026-06-21 20:16:10","","","","","","","","","","","","","Springer","","","","","","","","","","","","","","","","","","","","","","","","","","","","","","","","","","","","","","","","","","","","","","","","","","","","","","","","","","","",""
"8NBYA4Y6","journalArticle","2026","Li, Yudi; Saul-Gershenz, Leslie; Walston, Leroy J; Hartmann, Heidi M; Tew, Nicholas; Gardner, Joel D; Letana, Socrates; Hernandez, Rebecca R","Enhanced bloom and pollinator diversity from native prairie restoration at a photovoltaic solar park","Journal of Environmental Management","","","","","","2026","2026-06-21 20:16:10","2026-06-21 20:16:10","","129382","","","404","","","","","","","","Elsevier","","","","","","","","","","","","","","","","","","","","","","","","","","","","","","","","","","","","","","","","","","","","","","","","","","","","","","","","","","","",""
"VBDSGASM","journalArticle","2026","Li, Yudi; Saul-Gershenz, Leslie; Walston, Leroy J; Hartmann, Heidi M; Tew, Nicholas; Gardner, Joel D; Letana, Socrates; Hernandez, Rebecca R","Enhanced bloom and pollinator diversity from native prairie restoration at a photovoltaic solar park","Journal of Environmental Management","","","","","","2026","2026-06-21 20:16:10","2026-06-21 20:16:10","","129382","","","404","","","","","","","","Elsevier","","","","","","","","","","","","","","","","","","","","","","","","","","","","","","","","","","","","","","","","","","","","","","","","","","","","","","","","","","","",""
"R2EFJ5WK","journalArticle","2026","Feng, Zi-Jian; Martin, Sandra; Numssen, Ole; Weise, Konstantin; Jing, Ying; Gerardos, Gerasimos; Martin, Carla; Hartwigsen, Gesa; Knösche, Thomas R","Target-Specificity and repeatability in neuro-cardiac-guided TMS for heart-brain coupling","Translational Psychiatry","","","","","","2026","2026-06-21 20:16:10","2026-06-21 20:16:10","","","","","","","","","","","","","Nature Publishing Group UK London","","","","","","","","","","","","","","","","","","","","","","","","","","","","","","","","","","","","","","","","","","","","","","","","","","","","","","","","","","","",""
"DSJ25FQ6","journalArticle","2026","Feng, Zi-Jian; Martin, Sandra; Numssen, Ole; Weise, Konstantin; Jing, Ying; Gerardos, Gerasimos; Martin, Carla; Hartwigsen, Gesa; Knösche, Thomas R","Target-Specificity and repeatability in neuro-cardiac-guided TMS for heart-brain coupling","Translational Psychiatry","","","","","","2026","2026-06-21 20:16:10","2026-06-21 20:16:10","","","","","","","","","","","","","Nature Publishing Group UK London","","","","","","","","","","","","","","","","","","","","","","","","","","","","","","","","","","","","","","","","","","","","","","","","","","","","","","","","","","","",""
"6SPACIJ7","journalArticle","2026","Laffi, Lia; Raimondi, Teresa; De Gregorio, Chiara; Valente, Daria; Cristiano, Walter; Carugati, Filippo; Ferrario, Valeria; Torti, Valeria; Ratsimbazafy, Jonah; Giacoma, Cristina; others","The Ontogeny of Vocal Rhythms in a Non-Human Primate","Developmental Science","","","","","","2026","2026-06-21 20:16:10","2026-06-21 20:16:10","","e70189","","3","29","","","","","","","","Wiley Online Library","","","","","","","","","","","","","","","","","","","","","","","","","","","","","","","","","","","","","","","","","","","","","","","","","","","","","","","","","","","",""
"FBKA4MT5","journalArticle","2026","Laffi, Lia; Raimondi, Teresa; De Gregorio, Chiara; Valente, Daria; Cristiano, Walter; Carugati, Filippo; Ferrario, Valeria; Torti, Valeria; Ratsimbazafy, Jonah; Giacoma, Cristina; others","The Ontogeny of Vocal Rhythms in a Non-Human Primate","Developmental Science","","","","","","2026","2026-06-21 20:16:10","2026-06-21 20:16:10","","e70189","","3","29","","","","","","","","Wiley Online Library","","","","","","","","","","","","","","","","","","","","","","","","","","","","","","","","","","","","","","","","","","","","","","","","","","","","","","","","","","","",""
"QWKSHLFR","journalArticle","2026","dos Santos, Bruno Dias; Moghadasi, Mahdis; Páez, Antonio","A 30-year analysis of active travel behaviour in Canada","Journal of Transport Geography","","","","","","2026","2026-06-21 20:16:10","2026-06-21 20:16:10","","104561","","","131","","","","","","","","Elsevier","","","","","","","","","","","","","","","","","","","","","","","","","","","","","","","","","","","","","","","","","","","","","","","","","","","","","","","","","","","",""
"6HCK6TUN","journalArticle","2026","dos Santos, Bruno Dias; Moghadasi, Mahdis; Páez, Antonio","A 30-year analysis of active travel behaviour in Canada","Journal of Transport Geography","","","","","","2026","2026-06-21 20:16:10","2026-06-21 20:16:10","","104561","","","131","","","","","","","","Elsevier","","","","","","","","","","","","","","","","","","","","","","","","","","","","","","","","","","","","","","","","","","","","","","","","","","","","","","","","","","","",""
"7RTBJL8E","journalArticle","2026","Zizka, Vera; Schwesig, Katharina; Gurjar, Tanvi; Engel, Nele; Hölzel, Norbert; Scherber, Christoph","Management of wetlands in mining sites conserves habitat for threatened amphibians","Journal for Nature Conservation","","","","","","2026","2026-06-21 20:16:10","2026-06-21 20:16:10","","127330","","","","","","","","","","","Elsevier","","","","","","","","","","","","","","","","","","","","","","","","","","","","","","","","","","","","","","","","","","","","","","","","","","","","","","","","","","","",""
"NVC4BQZU","journalArticle","2026","Zizka, Vera; Schwesig, Katharina; Gurjar, Tanvi; Engel, Nele; Hölzel, Norbert; Scherber, Christoph","Management of wetlands in mining sites conserves habitat for threatened amphibians","Journal for Nature Conservation","","","","","","2026","2026-06-21 20:16:10","2026-06-21 20:16:10","","127330","","","","","","","","","","","Elsevier","","","","","","","","","","","","","","","","","","","","","","","","","","","","","","","","","","","","","","","","","","","","","","","","","","","","","","","","","","","",""
"2SUZN3KD","journalArticle","2026","Qomi, M Naghizadeh; Fernández, Arturo J; Pérez-González, Carlos J","Optimal truncated repetitive sampling inspection plans under time-censoring based on type-I half-logistic Nadarajah-Haghighi distribution","Proceedings of the Institution of Mechanical Engineers, Part O: Journal of Risk and Reliability","","","","","","2026","2026-06-21 20:16:10","2026-06-21 20:16:10","","527–539","","2","240","","","","","","","","SAGE Publications Sage UK: London, England","","","","","","","","","","","","","","","","","","","","","","","","","","","","","","","","","","","","","","","","","","","","","","","","","","","","","","","","","","","",""
"JVFYZMEW","journalArticle","2026","Qomi, M Naghizadeh; Fernández, Arturo J; Pérez-González, Carlos J","Optimal truncated repetitive sampling inspection plans under time-censoring based on type-I half-logistic Nadarajah-Haghighi distribution","Proceedings of the Institution of Mechanical Engineers, Part O: Journal of Risk and Reliability","","","","","","2026","2026-06-21 20:16:10","2026-06-21 20:16:10","","527–539","","2","240","","","","","","","","SAGE Publications Sage UK: London, England","","","","","","","","","","","","","","","","","","","","","","","","","","","","","","","","","","","","","","","","","","","","","","","","","","","","","","","","","","","",""
"2QIPHE27","journalArticle","2026","Paupe, Anastasia; Le Souchu, Elodie; Bouget, Christophe; Daugeron, Christophe; Quindroit, Clovis; Gloaguen, Pierre-Yves; Grootaert, Patrick; Ashworth, Mike; Beuk, Paul LT; Lauriaut, Christophe; others","Fly me to the canopy: Diptera communities in oak forest crowns as bioindicators of stand decline","Insect Conservation and Diversity","","","","","","2026","2026-06-21 20:16:10","2026-06-21 20:16:10","","","","","","","","","","","","","Wiley Online Library","","","","","","","","","","","","","","","","","","","","","","","","","","","","","","","","","","","","","","","","","","","","","","","","","","","","","","","","","","","",""
"AH5NUWRJ","journalArticle","2026","Paupe, Anastasia; Le Souchu, Elodie; Bouget, Christophe; Daugeron, Christophe; Quindroit, Clovis; Gloaguen, Pierre-Yves; Grootaert, Patrick; Ashworth, Mike; Beuk, Paul LT; Lauriaut, Christophe; others","Fly me to the canopy: Diptera communities in oak forest crowns as bioindicators of stand decline","Insect Conservation and Diversity","","","","","","2026","2026-06-21 20:16:10","2026-06-21 20:16:10","","","","","","","","","","","","","Wiley Online Library","","","","","","","","","","","","","","","","","","","","","","","","","","","","","","","","","","","","","","","","","","","","","","","","","","","","","","","","","","","",""
"T4R33MQB","journalArticle","2026","Ruckstuhl, Kathreen E; Sosa, Sebastian; Clutton-Brock, Tim","Associations between lifetime fitness and social bonds in female red deer","Royal Society Open Science","","","","","","2026","2026-06-21 20:16:10","2026-06-21 20:16:10","","","","","13","","","","","","","","","","","","","","","","","","","","","","","","","","","","","","","","","","","","","","","","","","","","","","","","","","","","","","","","","","","","","","","","","","","",""
"MEW62GXP","journalArticle","2026","Ruckstuhl, Kathreen E; Sosa, Sebastian; Clutton-Brock, Tim","Associations between lifetime fitness and social bonds in female red deer","Royal Society Open Science","","","","","","2026","2026-06-21 20:16:10","2026-06-21 20:16:10","","","","","13","","","","","","","","","","","","","","","","","","","","","","","","","","","","","","","","","","","","","","","","","","","","","","","","","","","","","","","","","","","","","","","","","","","",""
"XYPN7V9Z","journalArticle","2026","Singhopon, Tippawan; Canh, Vu Duc; Kadoya, Syun-suke; Katayama, Hiroyuki","A Full-Scale Co-Located Comparison of Virus Removal by Membrane Bioreactor and Conventional Activated Sludge Systems","Water Research","","","","","","2026","2026-06-21 20:16:10","2026-06-21 20:16:10","","125352","","","","","","","","","","","Elsevier","","","","","","","","","","","","","","","","","","","","","","","","","","","","","","","","","","","","","","","","","","","","","","","","","","","","","","","","","","","",""
"J88M4F6H","journalArticle","2026","Singhopon, Tippawan; Canh, Vu Duc; Kadoya, Syun-suke; Katayama, Hiroyuki","A Full-Scale Co-Located Comparison of Virus Removal by Membrane Bioreactor and Conventional Activated Sludge Systems","Water Research","","","","","","2026","2026-06-21 20:16:10","2026-06-21 20:16:10","","125352","","","","","","","","","","","Elsevier","","","","","","","","","","","","","","","","","","","","","","","","","","","","","","","","","","","","","","","","","","","","","","","","","","","","","","","","","","","",""
"NJWPFS4M","journalArticle","2026","Qadiry, Zahra; Rezaeigolestani, Mohammadreza; others","Salmonella in raw lamb liver: experimental growth kinetics and a quantitative microbial risk assessment from evisceration to consumption","Food Bioscience","","","","","","2026","2026-06-21 20:16:10","2026-06-21 20:16:10","","108885","","","","","","","","","","","Elsevier","","","","","","","","","","","","","","","","","","","","","","","","","","","","","","","","","","","","","","","","","","","","","","","","","","","","","","","","","","","",""
"2FM86QIP","journalArticle","2026","Qadiry, Zahra; Rezaeigolestani, Mohammadreza; others","Salmonella in raw lamb liver: experimental growth kinetics and a quantitative microbial risk assessment from evisceration to consumption","Food Bioscience","","","","","","2026","2026-06-21 20:16:10","2026-06-21 20:16:10","","108885","","","","","","","","","","","Elsevier","","","","","","","","","","","","","","","","","","","","","","","","","","","","","","","","","","","","","","","","","","","","","","","","","","","","","","","","","","","",""
"MIKX85BA","journalArticle","2026","Mayr, Cintia; Dankó, Emese; Antonielli, Livio; Kostić, Tanja","Influence of cabbage farming practice and potato peel addition on the endpoint microbial community in sauerkraut fermentation","International Journal of Food Microbiology","","","","","","2026","2026-06-21 20:16:10","2026-06-21 20:16:10","","111742","","","","","","","","","","","Elsevier","","","","","","","","","","","","","","","","","","","","","","","","","","","","","","","","","","","","","","","","","","","","","","","","","","","","","","","","","","","",""
"77MXPSZA","journalArticle","2026","Mayr, Cintia; Dankó, Emese; Antonielli, Livio; Kostić, Tanja","Influence of cabbage farming practice and potato peel addition on the endpoint microbial community in sauerkraut fermentation","International Journal of Food Microbiology","","","","","","2026","2026-06-21 20:16:10","2026-06-21 20:16:10","","111742","","","","","","","","","","","Elsevier","","","","","","","","","","","","","","","","","","","","","","","","","","","","","","","","","","","","","","","","","","","","","","","","","","","","","","","","","","","",""
"TH5ERV2X","journalArticle","2026","López, Boris A; Jeldres, Ricardo; Bravo, Macarena; Jofré-Madariaga, David; Latapiat, Camila; Salazar, Javiera; Quinchagual, Felipe A; Thiel, Martin; Tala, Fadia; Macaya, Erasmo C","Traveling Seaweeds—Seasonal and Latitudinal Diversity of Epiphytic Seaweeds on Stranded Rafts of the Floating Seaweed Durvillaea incurvata Along the Chilean Coast","Journal of Marine Science and Engineering","","","","","","2026","2026-06-21 20:16:10","2026-06-21 20:16:10","","781","","9","14","","","","","","","","MDPI","","","","","","","","","","","","","","","","","","","","","","","","","","","","","","","","","","","","","","","","","","","","","","","","","","","","","","","","","","","",""
"TG3JYXCV","journalArticle","2026","López, Boris A; Jeldres, Ricardo; Bravo, Macarena; Jofré-Madariaga, David; Latapiat, Camila; Salazar, Javiera; Quinchagual, Felipe A; Thiel, Martin; Tala, Fadia; Macaya, Erasmo C","Traveling Seaweeds—Seasonal and Latitudinal Diversity of Epiphytic Seaweeds on Stranded Rafts of the Floating Seaweed Durvillaea incurvata Along the Chilean Coast","Journal of Marine Science and Engineering","","","","","","2026","2026-06-21 20:16:10","2026-06-21 20:16:10","","781","","9","14","","","","","","","","MDPI","","","","","","","","","","","","","","","","","","","","","","","","","","","","","","","","","","","","","","","","","","","","","","","","","","","","","","","","","","","",""
"LGT3WIH4","journalArticle","2026","Mincke, Jens; Kloth, Karen J; Verbeke, Sarah; Kersemans, Ken; Vandenberghe, Stefaan; Vanhove, Christian; Steppe, Kathy","Investigating phloem transport dynamics in Arabidopsis through compartmental modelling of positron emission tomography data","Plant Methods","","","","","","2026","2026-06-21 20:16:10","2026-06-21 20:16:10","","","","","","","","","","","","","Springer","","","","","","","","","","","","","","","","","","","","","","","","","","","","","","","","","","","","","","","","","","","","","","","","","","","","","","","","","","","",""
"DS7H942X","journalArticle","2026","Mincke, Jens; Kloth, Karen J; Verbeke, Sarah; Kersemans, Ken; Vandenberghe, Stefaan; Vanhove, Christian; Steppe, Kathy","Investigating phloem transport dynamics in Arabidopsis through compartmental modelling of positron emission tomography data","Plant Methods","","","","","","2026","2026-06-21 20:16:10","2026-06-21 20:16:10","","","","","","","","","","","","","Springer","","","","","","","","","","","","","","","","","","","","","","","","","","","","","","","","","","","","","","","","","","","","","","","","","","","","","","","","","","","",""
"FAUYEPUE","journalArticle","2026","Figueroa-Muñoz, Guillermo; Murphy, Christina; Zydlewski, Joseph","Composite samples for perfluorooctanesulfonate (PFOS) in fish may change contaminant threshold decisions","Integrated Environmental Assessment and Management","","","","","","2026","2026-06-21 20:16:10","2026-06-21 20:16:10","","vjag060","","","","","","","","","","","Oxford University Press","","","","","","","","","","","","","","","","","","","","","","","","","","","","","","","","","","","","","","","","","","","","","","","","","","","","","","","","","","","",""
"DCNQLIAV","journalArticle","2026","Figueroa-Muñoz, Guillermo; Murphy, Christina; Zydlewski, Joseph","Composite samples for perfluorooctanesulfonate (PFOS) in fish may change contaminant threshold decisions","Integrated Environmental Assessment and Management","","","","","","2026","2026-06-21 20:16:10","2026-06-21 20:16:10","","vjag060","","","","","","","","","","","Oxford University Press","","","","","","","","","","","","","","","","","","","","","","","","","","","","","","","","","","","","","","","","","","","","","","","","","","","","","","","","","","","",""
"XLCNZ5KZ","journalArticle","2026","Cossa, Norton; Machaieie, Helder Arlindo; Nataniel, Anildo; Maoze, Dercio; Lebrato, Mario","Climate-driven ocean warming and productivity may reshape the future of tropical tuna fisheries","Frontiers in Marine Science","","","","","","2026","2026-06-21 20:16:10","2026-06-21 20:16:10","","1693205","","","13","","","","","","","","Frontiers Media SA","","","","","","","","","","","","","","","","","","","","","","","","","","","","","","","","","","","","","","","","","","","","","","","","","","","","","","","","","","","",""
"K5KGGR4W","journalArticle","2026","Cossa, Norton; Machaieie, Helder Arlindo; Nataniel, Anildo; Maoze, Dercio; Lebrato, Mario","Climate-driven ocean warming and productivity may reshape the future of tropical tuna fisheries","Frontiers in Marine Science","","","","","","2026","2026-06-21 20:16:10","2026-06-21 20:16:10","","1693205","","","13","","","","","","","","Frontiers Media SA","","","","","","","","","","","","","","","","","","","","","","","","","","","","","","","","","","","","","","","","","","","","","","","","","","","","","","","","","","","",""
"2PDYGQCR","journalArticle","2026","Ros, Albert; Baer, Jan; Fromherz, Matthias; Geist, Juergen; Brinker, Alexander","Site Fidelity, Depth Preference and Vertical Movement Patterns of Lentic and Lotic European Catfish Silurus glanis","Fisheries Management and Ecology","","","","","","2026","2026-06-21 20:16:10","2026-06-21 20:16:10","","","","","","","","","","","","","Wiley Online Library","","","","","","","","","","","","","","","","","","","","","","","","","","","","","","","","","","","","","","","","","","","","","","","","","","","","","","","","","","","",""
"W6TFAKDH","journalArticle","2026","Ros, Albert; Baer, Jan; Fromherz, Matthias; Geist, Juergen; Brinker, Alexander","Site Fidelity, Depth Preference and Vertical Movement Patterns of Lentic and Lotic European Catfish Silurus glanis","Fisheries Management and Ecology","","","","","","2026","2026-06-21 20:16:10","2026-06-21 20:16:10","","","","","","","","","","","","","Wiley Online Library","","","","","","","","","","","","","","","","","","","","","","","","","","","","","","","","","","","","","","","","","","","","","","","","","","","","","","","","","","","",""
"G6MGNPH3","journalArticle","2026","Lynch, Colin M; Villalobos, Rene; Valadez Mesta, Brenda Leticia; Gomez Guillen, Cesar; Mireles, Jorge; Wicker, Ryan B","Determining Univariate Equivalency of Additively Manufactured Parts","Journal of Manufacturing and Materials Processing","","","","","","2026","2026-06-21 20:16:10","2026-06-21 20:16:10","","134","","4","10","","","","","","","","MDPI","","","","","","","","","","","","","","","","","","","","","","","","","","","","","","","","","","","","","","","","","","","","","","","","","","","","","","","","","","","",""
"D3JIL4C3","journalArticle","2026","Lynch, Colin M; Villalobos, Rene; Valadez Mesta, Brenda Leticia; Gomez Guillen, Cesar; Mireles, Jorge; Wicker, Ryan B","Determining Univariate Equivalency of Additively Manufactured Parts","Journal of Manufacturing and Materials Processing","","","","","","2026","2026-06-21 20:16:10","2026-06-21 20:16:10","","134","","4","10","","","","","","","","MDPI","","","","","","","","","","","","","","","","","","","","","","","","","","","","","","","","","","","","","","","","","","","","","","","","","","","","","","","","","","","",""
"7MZ8P9PE","journalArticle","2026","Costa, Luiz Flávio Nunes; Lafetá, Bruno Oliveira; Alves, Magno Geraldo Lessa; Nunes, Ricardo Souza; Dias, Vitória Mariana Costa; Fontan, Ivan da Costa Ilhéu; da Rocha Miranda, Jonathan","Dominant tree height for predicting diameter distribution in the Brazilian Western Amazon","Forest Ecology and Management","","","","","","2026","2026-06-21 20:16:10","2026-06-21 20:16:10","","123861","","","615","","","","","","","","Elsevier","","","","","","","","","","","","","","","","","","","","","","","","","","","","","","","","","","","","","","","","","","","","","","","","","","","","","","","","","","","",""
"D9MRJPDW","journalArticle","2026","Costa, Luiz Flávio Nunes; Lafetá, Bruno Oliveira; Alves, Magno Geraldo Lessa; Nunes, Ricardo Souza; Dias, Vitória Mariana Costa; Fontan, Ivan da Costa Ilhéu; da Rocha Miranda, Jonathan","Dominant tree height for predicting diameter distribution in the Brazilian Western Amazon","Forest Ecology and Management","","","","","","2026","2026-06-21 20:16:10","2026-06-21 20:16:10","","123861","","","615","","","","","","","","Elsevier","","","","","","","","","","","","","","","","","","","","","","","","","","","","","","","","","","","","","","","","","","","","","","","","","","","","","","","","","","","",""
"H797EQWM","journalArticle","2026","La Magna, Nicola; Bettelli, Alice; Nenna, Federica; Orso, Valeria; Pierobon, Leonardo; Mingardi, Michele; Gamberini, Luciano","Flying in virtual reality on 3 different axes: evaluation of the effects of a full rotating VR interface on performance, cybersickness and user experience","Virtual Reality","","","","","","2026","2026-06-21 20:16:10","2026-06-21 20:16:10","","","","","","","","","","","","","Springer","","","","","","","","","","","","","","","","","","","","","","","","","","","","","","","","","","","","","","","","","","","","","","","","","","","","","","","","","","","",""
"7HD7YHEL","journalArticle","2026","La Magna, Nicola; Bettelli, Alice; Nenna, Federica; Orso, Valeria; Pierobon, Leonardo; Mingardi, Michele; Gamberini, Luciano","Flying in virtual reality on 3 different axes: evaluation of the effects of a full rotating VR interface on performance, cybersickness and user experience","Virtual Reality","","","","","","2026","2026-06-21 20:16:10","2026-06-21 20:16:10","","","","","","","","","","","","","Springer","","","","","","","","","","","","","","","","","","","","","","","","","","","","","","","","","","","","","","","","","","","","","","","","","","","","","","","","","","","",""
"KMKRG5B4","journalArticle","2026","Carrera-Rojo, Ronald Pio; Ramírez-Peralta, José Antonio; Cornejo-Herrera, José Manuel; Reategui-Vega, José; Oscco-Medina, Itnan; Maraví-Loyola, Jazmín Yurema; Huayta-Hinojosa, L David","Association of Agro-Morphological Traits With Cup Quality in Accessions of Coffea arabica L. From the INIA Germplasm Bank, Peru","Journal of Sustainable Agriculture and Environment","","","","","","2026","2026-06-21 20:16:11","2026-06-21 20:16:11","","e70173","","2","5","","","","","","","","Wiley Online Library","","","","","","","","","","","","","","","","","","","","","","","","","","","","","","","","","","","","","","","","","","","","","","","","","","","","","","","","","","","",""
"R2JMKX8D","journalArticle","2026","Carrera-Rojo, Ronald Pio; Ramírez-Peralta, José Antonio; Cornejo-Herrera, José Manuel; Reategui-Vega, José; Oscco-Medina, Itnan; Maraví-Loyola, Jazmín Yurema; Huayta-Hinojosa, L David","Association of Agro-Morphological Traits With Cup Quality in Accessions of Coffea arabica L. From the INIA Germplasm Bank, Peru","Journal of Sustainable Agriculture and Environment","","","","","","2026","2026-06-21 20:16:11","2026-06-21 20:16:11","","e70173","","2","5","","","","","","","","Wiley Online Library","","","","","","","","","","","","","","","","","","","","","","","","","","","","","","","","","","","","","","","","","","","","","","","","","","","","","","","","","","","",""
"FIFT4II9","journalArticle","2026","de Larrinoa, Pablo Fernández; Harting, Albert; Baker, Jason; Littnan, Charles; González, Luis","Modeling to aid in the planning for reintroduction of Mediterranean monk seals","Endangered Species Research","","","","","","2026","2026-06-21 20:16:11","2026-06-21 20:16:11","","1–11","","","60","","","","","","","","","","","","","","","","","","","","","","","","","","","","","","","","","","","","","","","","","","","","","","","","","","","","","","","","","","","","","","","","","","","",""
"RI248JLY","journalArticle","2026","de Larrinoa, Pablo Fernández; Harting, Albert; Baker, Jason; Littnan, Charles; González, Luis","Modeling to aid in the planning for reintroduction of Mediterranean monk seals","Endangered Species Research","","","","","","2026","2026-06-21 20:16:11","2026-06-21 20:16:11","","1–11","","","60","","","","","","","","","","","","","","","","","","","","","","","","","","","","","","","","","","","","","","","","","","","","","","","","","","","","","","","","","","","","","","","","","","","",""
"DJDL9ZWT","journalArticle","2026","Franzén, Markus; Forsman, Anders; Kindvall, Oskar; Johansson, Victor","Distance of movement in three threatened butterfly species","Ecological Entomology","","","","","","2026","2026-06-21 20:16:11","2026-06-21 20:16:11","","250–260","","2","51","","","","","","","","Wiley Online Library","","","","","","","","","","","","","","","","","","","","","","","","","","","","","","","","","","","","","","","","","","","","","","","","","","","","","","","","","","","",""
"ULFS4VFU","journalArticle","2026","Franzén, Markus; Forsman, Anders; Kindvall, Oskar; Johansson, Victor","Distance of movement in three threatened butterfly species","Ecological Entomology","","","","","","2026","2026-06-21 20:16:11","2026-06-21 20:16:11","","250–260","","2","51","","","","","","","","Wiley Online Library","","","","","","","","","","","","","","","","","","","","","","","","","","","","","","","","","","","","","","","","","","","","","","","","","","","","","","","","","","","",""
"N77F7TIE","journalArticle","2026","Wang, Xiaojun; Feng, Xiaoyuan; Zhou, Zhichao; Li, Meng; Zhang, Rui","A pre-LECA origin of giant viruses as revealed by polymerase-based time tree","Molecular Phylogenetics and Evolution","","","","","","2026","2026-06-21 20:16:11","2026-06-21 20:16:11","","108602","","","","","","","","","","","Elsevier","","","","","","","","","","","","","","","","","","","","","","","","","","","","","","","","","","","","","","","","","","","","","","","","","","","","","","","","","","","",""
"FJ55WJGC","journalArticle","2026","Wang, Xiaojun; Feng, Xiaoyuan; Zhou, Zhichao; Li, Meng; Zhang, Rui","A pre-LECA origin of giant viruses as revealed by polymerase-based time tree","Molecular Phylogenetics and Evolution","","","","","","2026","2026-06-21 20:16:11","2026-06-21 20:16:11","","108602","","","","","","","","","","","Elsevier","","","","","","","","","","","","","","","","","","","","","","","","","","","","","","","","","","","","","","","","","","","","","","","","","","","","","","","","","","","",""
"BG6JWECL","journalArticle","2026","Alger, Emily; Mandrekar, Sumithra J; Yin, Jun; Yap, Christina","PRO-ADD: Patient-empowered dose-finding trials integrating safety, preliminary efficacy and patient-reported outcomes for optimal dose selection","Statistical Methods in Medical Research","","","","","","2026","2026-06-21 20:16:11","2026-06-21 20:16:11","","09622802261435969","","","","","","","","","","","SAGE Publications Sage UK: London, England","","","","","","","","","","","","","","","","","","","","","","","","","","","","","","","","","","","","","","","","","","","","","","","","","","","","","","","","","","","",""
"KM3VG88F","journalArticle","2026","Alger, Emily; Mandrekar, Sumithra J; Yin, Jun; Yap, Christina","PRO-ADD: Patient-empowered dose-finding trials integrating safety, preliminary efficacy and patient-reported outcomes for optimal dose selection","Statistical Methods in Medical Research","","","","","","2026","2026-06-21 20:16:11","2026-06-21 20:16:11","","09622802261435969","","","","","","","","","","","SAGE Publications Sage UK: London, England","","","","","","","","","","","","","","","","","","","","","","","","","","","","","","","","","","","","","","","","","","","","","","","","","","","","","","","","","","","",""
"7YBDVJ7N","journalArticle","2026","Soto-Escobar, Cristóbal; Zambrano-Bigiarini, Mauricio; Tolorza, Violeta; Garreaud, René","Developing Intensity-Duration-Frequency (IDF) curves using sub-daily gridded and in situ datasets: characterising precipitation extremes in a drying climate","Hydrology and Earth System Sciences","","","","","","2026","2026-06-21 20:16:11","2026-06-21 20:16:11","","91–117","","1","30","","","","","","","","Copernicus Publications Göttingen, Germany","","","","","","","","","","","","","","","","","","","","","","","","","","","","","","","","","","","","","","","","","","","","","","","","","","","","","","","","","","","",""
"4KAV2NHX","journalArticle","2026","Soto-Escobar, Cristóbal; Zambrano-Bigiarini, Mauricio; Tolorza, Violeta; Garreaud, René","Developing Intensity-Duration-Frequency (IDF) curves using sub-daily gridded and in situ datasets: characterising precipitation extremes in a drying climate","Hydrology and Earth System Sciences","","","","","","2026","2026-06-21 20:16:11","2026-06-21 20:16:11","","91–117","","1","30","","","","","","","","Copernicus Publications Göttingen, Germany","","","","","","","","","","","","","","","","","","","","","","","","","","","","","","","","","","","","","","","","","","","","","","","","","","","","","","","","","","","",""
"5NTHI3UZ","journalArticle","2026","Lerner, Joshua E; Feagin, Rusty A; Huff, Thomas P; Najjar, Raymond G; Layton, Astrid; Herrmann, Maria; Fuentes, Jose D","A fundamental trade-off among resilience, resistance, efficiency, and redundancy in tidal wetlands","Ecology","","","","","","2026","2026-06-21 20:16:11","2026-06-21 20:16:11","","e70293","","1","107","","","","","","","","Wiley Online Library","","","","","","","","","","","","","","","","","","","","","","","","","","","","","","","","","","","","","","","","","","","","","","","","","","","","","","","","","","","",""
"R67VJ8BY","journalArticle","2026","Lerner, Joshua E; Feagin, Rusty A; Huff, Thomas P; Najjar, Raymond G; Layton, Astrid; Herrmann, Maria; Fuentes, Jose D","A fundamental trade-off among resilience, resistance, efficiency, and redundancy in tidal wetlands","Ecology","","","","","","2026","2026-06-21 20:16:11","2026-06-21 20:16:11","","e70293","","1","107","","","","","","","","Wiley Online Library","","","","","","","","","","","","","","","","","","","","","","","","","","","","","","","","","","","","","","","","","","","","","","","","","","","","","","","","","","","",""
"ZEC2DBFF","journalArticle","2026","Organ, Eamonn; Upton, Maeve; Allard, Denis; Benoit, Lionel; Sweeney, James","Enhancing the Accuracy of Spatio-Temporal Models for Wind Speed Prediction by Incorporating Bias-Corrected Crowdsourced Data","Environmetrics","","","","","","2026","2026-06-21 20:16:11","2026-06-21 20:16:11","","e70069","","2","37","","","","","","","","Wiley Online Library","","","","","","","","","","","","","","","","","","","","","","","","","","","","","","","","","","","","","","","","","","","","","","","","","","","","","","","","","","","",""
"56X2L4CK","journalArticle","2026","Organ, Eamonn; Upton, Maeve; Allard, Denis; Benoit, Lionel; Sweeney, James","Enhancing the Accuracy of Spatio-Temporal Models for Wind Speed Prediction by Incorporating Bias-Corrected Crowdsourced Data","Environmetrics","","","","","","2026","2026-06-21 20:16:11","2026-06-21 20:16:11","","e70069","","2","37","","","","","","","","Wiley Online Library","","","","","","","","","","","","","","","","","","","","","","","","","","","","","","","","","","","","","","","","","","","","","","","","","","","","","","","","","","","",""
"RWL9MH8D","journalArticle","2026","Rexin, Daniel; Rachmadi, Andri T; Hewitt, Joanne","Temperature-dependent inactivation of human norovirus infectivity","Food Control","","","","","","2026","2026-06-21 20:16:11","2026-06-21 20:16:11","","112076","","","","","","","","","","","Elsevier","","","","","","","","","","","","","","","","","","","","","","","","","","","","","","","","","","","","","","","","","","","","","","","","","","","","","","","","","","","",""
"LTPYL99X","journalArticle","2026","Rexin, Daniel; Rachmadi, Andri T; Hewitt, Joanne","Temperature-dependent inactivation of human norovirus infectivity","Food Control","","","","","","2026","2026-06-21 20:16:11","2026-06-21 20:16:11","","112076","","","","","","","","","","","Elsevier","","","","","","","","","","","","","","","","","","","","","","","","","","","","","","","","","","","","","","","","","","","","","","","","","","","","","","","","","","","",""
"26X5KBCI","journalArticle","2026","Barratt, Alice; Welbergen, Justin A; Moore, Ben D; Hunt, Anthony; Turbill, Christopher","Torpor in a passerine bird expands the scope of avian heterothermy","Current Biology","","","","","","2026","2026-06-21 20:16:11","2026-06-21 20:16:11","","","","","","","","","","","","","Elsevier","","","","","","","","","","","","","","","","","","","","","","","","","","","","","","","","","","","","","","","","","","","","","","","","","","","","","","","","","","","",""
"M9YG49S8","journalArticle","2026","Barratt, Alice; Welbergen, Justin A; Moore, Ben D; Hunt, Anthony; Turbill, Christopher","Torpor in a passerine bird expands the scope of avian heterothermy","Current Biology","","","","","","2026","2026-06-21 20:16:11","2026-06-21 20:16:11","","","","","","","","","","","","","Elsevier","","","","","","","","","","","","","","","","","","","","","","","","","","","","","","","","","","","","","","","","","","","","","","","","","","","","","","","","","","","",""
"T9M9HXMK","journalArticle","2026","Salah, Amina Ben; Zellou, Bouchra; Seaid, Mohammed; El Amrani, Mofdi; El Mocayd, Nabil","Projecting Chlorophyll-a distributions under climate change using Copula-based inference and SST projections","Ecological Informatics","","","","","","2026","2026-06-21 20:16:11","2026-06-21 20:16:11","","103622","","","","","","","","","","","Elsevier","","","","","","","","","","","","","","","","","","","","","","","","","","","","","","","","","","","","","","","","","","","","","","","","","","","","","","","","","","","",""
"B8FRGAMM","journalArticle","2026","Salah, Amina Ben; Zellou, Bouchra; Seaid, Mohammed; El Amrani, Mofdi; El Mocayd, Nabil","Projecting Chlorophyll-a distributions under climate change using Copula-based inference and SST projections","Ecological Informatics","","","","","","2026","2026-06-21 20:16:11","2026-06-21 20:16:11","","103622","","","","","","","","","","","Elsevier","","","","","","","","","","","","","","","","","","","","","","","","","","","","","","","","","","","","","","","","","","","","","","","","","","","","","","","","","","","",""
"AXH24I4S","journalArticle","2026","Saha, Mahendra; Pareek, Pratibha; Dey, Sanku; Pandey, Arvind; Devi, Anju","Applications of a New Quantile Based Process Capability Index S pk Q S^Q_pk to Electronic and Food Industries","Quality and Reliability Engineering International","","","","","","2026","2026-06-21 20:16:11","2026-06-21 20:16:11","","815–836","","2","42","","","","","","","","Wiley Online Library","","","","","","","","","","","","","","","","","","","","","","","","","","","","","","","","","","","","","","","","","","","","","","","","","","","","","","","","","","","",""
"MLXFSJTC","journalArticle","2026","Saha, Mahendra; Pareek, Pratibha; Dey, Sanku; Pandey, Arvind; Devi, Anju","Applications of a New Quantile Based Process Capability Index S pk Q S^Q_pk to Electronic and Food Industries","Quality and Reliability Engineering International","","","","","","2026","2026-06-21 20:16:11","2026-06-21 20:16:11","","815–836","","2","42","","","","","","","","Wiley Online Library","","","","","","","","","","","","","","","","","","","","","","","","","","","","","","","","","","","","","","","","","","","","","","","","","","","","","","","","","","","",""
"XYA9S6A4","journalArticle","2026","Mason, David S; Robertson, Kevin M; Hahn, Phillip G; Bruna, Emilio M; Willis, John L; Lashley, Marcus A","Fire enables passive directed seed dispersal by birds","Current Biology","","","","","","2026","2026-06-21 20:16:11","2026-06-21 20:16:11","","28–37","","1","36","","","","","","","","Elsevier","","","","","","","","","","","","","","","","","","","","","","","","","","","","","","","","","","","","","","","","","","","","","","","","","","","","","","","","","","","",""
"8SSQ6B5W","journalArticle","2026","Mason, David S; Robertson, Kevin M; Hahn, Phillip G; Bruna, Emilio M; Willis, John L; Lashley, Marcus A","Fire enables passive directed seed dispersal by birds","Current Biology","","","","","","2026","2026-06-21 20:16:11","2026-06-21 20:16:11","","28–37","","1","36","","","","","","","","Elsevier","","","","","","","","","","","","","","","","","","","","","","","","","","","","","","","","","","","","","","","","","","","","","","","","","","","","","","","","","","","",""
"R495QDN8","journalArticle","2026","Lou, Minghua; Chen, Yang; Shen, Dengfeng; Wei, Bin; Zhang, Jianhong","Flowering Time Distribution Characteristics of Potted Camellia Under Exogenous Hormone and Shading Treatments","Horticulturae","","","","","","2026","2026-06-21 20:16:11","2026-06-21 20:16:11","","504","","4","12","","","","","","","","MDPI","","","","","","","","","","","","","","","","","","","","","","","","","","","","","","","","","","","","","","","","","","","","","","","","","","","","","","","","","","","",""
"X8RE6V79","journalArticle","2026","Lou, Minghua; Chen, Yang; Shen, Dengfeng; Wei, Bin; Zhang, Jianhong","Flowering Time Distribution Characteristics of Potted Camellia Under Exogenous Hormone and Shading Treatments","Horticulturae","","","","","","2026","2026-06-21 20:16:11","2026-06-21 20:16:11","","504","","4","12","","","","","","","","MDPI","","","","","","","","","","","","","","","","","","","","","","","","","","","","","","","","","","","","","","","","","","","","","","","","","","","","","","","","","","","",""
"S3BR7ZRA","journalArticle","2026","Sosa, Beatriz; Romero, David; Guerrero, José Carlos; Aranda, Melina; Achkar, Marcel","Beyond Global Models: Mapping the Spatially Contingent Relationship Between Soil Sand Content and Woody Invasion","Life","","","","","","2026","2026-06-21 20:16:11","2026-06-21 20:16:11","","709","","5","16","","","","","","","","MDPI","","","","","","","","","","","","","","","","","","","","","","","","","","","","","","","","","","","","","","","","","","","","","","","","","","","","","","","","","","","",""
"D8WNXZ62","journalArticle","2026","Sosa, Beatriz; Romero, David; Guerrero, José Carlos; Aranda, Melina; Achkar, Marcel","Beyond Global Models: Mapping the Spatially Contingent Relationship Between Soil Sand Content and Woody Invasion","Life","","","","","","2026","2026-06-21 20:16:11","2026-06-21 20:16:11","","709","","5","16","","","","","","","","MDPI","","","","","","","","","","","","","","","","","","","","","","","","","","","","","","","","","","","","","","","","","","","","","","","","","","","","","","","","","","","",""
"NADW8R3C","journalArticle","2026","Guaitero, Bladimir; Cuero-Plaza, Diego Fernando; Hernández-Angarita, David Ricardo; Camargo-Tamayo, Hebert; Pisco-Ortiz, Carolina; Rodríguez, Edwin; Zuluaga, Paola; Porcel, Mario; Gutiérrez, Yeisson","Effects of pesticide use, microhabitat structure, and landscape diversity on arthropod communities, pest–disease dynamics, and yield in cacao agroecosystems","Agriculture, Ecosystems & Environment","","","","","","2026","2026-06-21 20:16:11","2026-06-21 20:16:11","","110183","","","399","","","","","","","","Elsevier","","","","","","","","","","","","","","","","","","","","","","","","","","","","","","","","","","","","","","","","","","","","","","","","","","","","","","","","","","","",""
"3CC7KVFU","journalArticle","2026","Guaitero, Bladimir; Cuero-Plaza, Diego Fernando; Hernández-Angarita, David Ricardo; Camargo-Tamayo, Hebert; Pisco-Ortiz, Carolina; Rodríguez, Edwin; Zuluaga, Paola; Porcel, Mario; Gutiérrez, Yeisson","Effects of pesticide use, microhabitat structure, and landscape diversity on arthropod communities, pest–disease dynamics, and yield in cacao agroecosystems","Agriculture, Ecosystems & Environment","","","","","","2026","2026-06-21 20:16:11","2026-06-21 20:16:11","","110183","","","399","","","","","","","","Elsevier","","","","","","","","","","","","","","","","","","","","","","","","","","","","","","","","","","","","","","","","","","","","","","","","","","","","","","","","","","","",""
"3T9JGAAL","journalArticle","2026","Aranda, Melina Jeanette; Guerra Aldazabal, Francisco; Piazza, María Victoria; Perez, Luis Ignacio","Novel positive interactions between invasive species: Widespread mammals disperse a non-native woody species","Journal of Applied Ecology","","","","","","2026","2026-06-21 20:16:11","2026-06-21 20:16:11","","e70277","","1","63","","","","","","","","Wiley Online Library","","","","","","","","","","","","","","","","","","","","","","","","","","","","","","","","","","","","","","","","","","","","","","","","","","","","","","","","","","","",""
"689VY4NQ","journalArticle","2026","Aranda, Melina Jeanette; Guerra Aldazabal, Francisco; Piazza, María Victoria; Perez, Luis Ignacio","Novel positive interactions between invasive species: Widespread mammals disperse a non-native woody species","Journal of Applied Ecology","","","","","","2026","2026-06-21 20:16:11","2026-06-21 20:16:11","","e70277","","1","63","","","","","","","","Wiley Online Library","","","","","","","","","","","","","","","","","","","","","","","","","","","","","","","","","","","","","","","","","","","","","","","","","","","","","","","","","","","",""
"LV7FMEUU","journalArticle","2026","Kronenberg, Zev; Chua, Khi Pin; Chaisson, Mark JP; Yoo, Byunggil; Lansdon, Lisa; Rowell, William J; de Sena Brandine, Guilherme; Dolzhenko, Egor; Ikegami, Kobe; Huang, Kie Kyon; others","Hunting for microsatellite instability in long-read data with Owl","bioRxiv","","","","","","2026","2026-06-21 20:16:11","2026-06-21 20:16:11","","2026–03","","","","","","","","","","","Cold Spring Harbor Laboratory","","","","","","","","","","","","","","","","","","","","","","","","","","","","","","","","","","","","","","","","","","","","","","","","","","","","","","","","","","","",""
"QSQ26F5X","journalArticle","2026","Kronenberg, Zev; Chua, Khi Pin; Chaisson, Mark JP; Yoo, Byunggil; Lansdon, Lisa; Rowell, William J; de Sena Brandine, Guilherme; Dolzhenko, Egor; Ikegami, Kobe; Huang, Kie Kyon; others","Hunting for microsatellite instability in long-read data with Owl","bioRxiv","","","","","","2026","2026-06-21 20:16:11","2026-06-21 20:16:11","","2026–03","","","","","","","","","","","Cold Spring Harbor Laboratory","","","","","","","","","","","","","","","","","","","","","","","","","","","","","","","","","","","","","","","","","","","","","","","","","","","","","","","","","","","",""
"C654MJEB","journalArticle","2026","Wu, Xingzheng; Hu, Yihang","Probability density contour-based slope reliability analysis involving implicit limit state functions","Journal of Rock Mechanics and Geotechnical Engineering","","","","","","2026","2026-06-21 20:16:11","2026-06-21 20:16:11","","","","","","","","","","","","","Elsevier","","","","","","","","","","","","","","","","","","","","","","","","","","","","","","","","","","","","","","","","","","","","","","","","","","","","","","","","","","","",""
"EV7CN3ZE","journalArticle","2026","Wu, Xingzheng; Hu, Yihang","Probability density contour-based slope reliability analysis involving implicit limit state functions","Journal of Rock Mechanics and Geotechnical Engineering","","","","","","2026","2026-06-21 20:16:11","2026-06-21 20:16:11","","","","","","","","","","","","","Elsevier","","","","","","","","","","","","","","","","","","","","","","","","","","","","","","","","","","","","","","","","","","","","","","","","","","","","","","","","","","","",""
"G2PFUCHY","journalArticle","2026","Williams, Paul Allen; Guo, Deng-Fu; Olson, Alexis; Rahmouni, Kamal","Mapping the Central Autonomic Network Nodes Integrating Cardiovascular and Metabolic Control","Cellular and molecular neurobiology","","","","","","2026","2026-06-21 20:16:11","2026-06-21 20:16:11","","30","","","46","","","","","","","","Springer","","","","","","","","","","","","","","","","","","","","","","","","","","","","","","","","","","","","","","","","","","","","","","","","","","","","","","","","","","","",""
"FPERKXQ2","journalArticle","2026","Williams, Paul Allen; Guo, Deng-Fu; Olson, Alexis; Rahmouni, Kamal","Mapping the Central Autonomic Network Nodes Integrating Cardiovascular and Metabolic Control","Cellular and molecular neurobiology","","","","","","2026","2026-06-21 20:16:11","2026-06-21 20:16:11","","30","","","46","","","","","","","","Springer","","","","","","","","","","","","","","","","","","","","","","","","","","","","","","","","","","","","","","","","","","","","","","","","","","","","","","","","","","","",""
"KSLJANDN","journalArticle","2026","Pierini, Sofía E; Simoncini, Melina S; Larriera, Alejandro; Bauso, Jazmín; Scarpa, Leonardo J; Piña, Carlos I","Environmental challenges influencing maternal care and nesting success in the Broad-snouted Caiman","Global Ecology and Conservation","","","","","","2026","2026-06-21 20:16:11","2026-06-21 20:16:11","","e04088","","","","","","","","","","","Elsevier","","","","","","","","","","","","","","","","","","","","","","","","","","","","","","","","","","","","","","","","","","","","","","","","","","","","","","","","","","","",""
"WKQRWMI5","journalArticle","2026","Pierini, Sofía E; Simoncini, Melina S; Larriera, Alejandro; Bauso, Jazmín; Scarpa, Leonardo J; Piña, Carlos I","Environmental challenges influencing maternal care and nesting success in the Broad-snouted Caiman","Global Ecology and Conservation","","","","","","2026","2026-06-21 20:16:11","2026-06-21 20:16:11","","e04088","","","","","","","","","","","Elsevier","","","","","","","","","","","","","","","","","","","","","","","","","","","","","","","","","","","","","","","","","","","","","","","","","","","","","","","","","","","",""
"WRLI23SK","journalArticle","2026","de Souza Moreno, Vanessa; Matos, Fabio AR; César, Ricardo G; Colleta, Gabriel D; García, Elisa Díaz; Chazdon, Robin L; Brancalion, Pedro HS","Land-use legacies drive distinct recovery trajectories and persistently shape the taxonomic and functional composition of tree communities","Forest Ecology and Management","","","","","","2026","2026-06-21 20:16:11","2026-06-21 20:16:11","","123463","","","603","","","","","","","","Elsevier","","","","","","","","","","","","","","","","","","","","","","","","","","","","","","","","","","","","","","","","","","","","","","","","","","","","","","","","","","","",""
"D3XQHYYQ","journalArticle","2026","de Souza Moreno, Vanessa; Matos, Fabio AR; César, Ricardo G; Colleta, Gabriel D; García, Elisa Díaz; Chazdon, Robin L; Brancalion, Pedro HS","Land-use legacies drive distinct recovery trajectories and persistently shape the taxonomic and functional composition of tree communities","Forest Ecology and Management","","","","","","2026","2026-06-21 20:16:11","2026-06-21 20:16:11","","123463","","","603","","","","","","","","Elsevier","","","","","","","","","","","","","","","","","","","","","","","","","","","","","","","","","","","","","","","","","","","","","","","","","","","","","","","","","","","",""
"UW44SAT8","journalArticle","2026","Rooney, Ren N; Tarpy, David R; Levenson, Hannah K","Foraging behaviors of bees (Hymenoptera Apoidea) within complex pollinator habitats","Ethology Ecology & Evolution","","","","","","2026","2026-06-21 20:16:11","2026-06-21 20:16:11","","1–17","","","","","","","","","","","Taylor & Francis","","","","","","","","","","","","","","","","","","","","","","","","","","","","","","","","","","","","","","","","","","","","","","","","","","","","","","","","","","","",""
"UJ8ZTB63","journalArticle","2026","Rooney, Ren N; Tarpy, David R; Levenson, Hannah K","Foraging behaviors of bees (Hymenoptera Apoidea) within complex pollinator habitats","Ethology Ecology & Evolution","","","","","","2026","2026-06-21 20:16:11","2026-06-21 20:16:11","","1–17","","","","","","","","","","","Taylor & Francis","","","","","","","","","","","","","","","","","","","","","","","","","","","","","","","","","","","","","","","","","","","","","","","","","","","","","","","","","","","",""
"5BF4AQMR","journalArticle","2026","Hundermark, Emma; Stoudt, Sara; Takahashi, Mizuki","Fine-scale aquatic eDNA sampling reveals significant within-and across-site variation during the expected breeding season of Cryptobranchus alleganiensis alleganiensis","Hydrobiologia","","","","","","2026","2026-06-21 20:16:11","2026-06-21 20:16:11","","1–16","","","","","","","","","","","Springer","","","","","","","","","","","","","","","","","","","","","","","","","","","","","","","","","","","","","","","","","","","","","","","","","","","","","","","","","","","",""
"NLSWSQ2V","journalArticle","2026","Hundermark, Emma; Stoudt, Sara; Takahashi, Mizuki","Fine-scale aquatic eDNA sampling reveals significant within-and across-site variation during the expected breeding season of Cryptobranchus alleganiensis alleganiensis","Hydrobiologia","","","","","","2026","2026-06-21 20:16:11","2026-06-21 20:16:11","","1–16","","","","","","","","","","","Springer","","","","","","","","","","","","","","","","","","","","","","","","","","","","","","","","","","","","","","","","","","","","","","","","","","","","","","","","","","","",""
"TX7RVH8L","journalArticle","2026","Miglianti, Mara; Bezerra-Santos, Marcos Antonio; Rizzo, Antonio; Pugliese, Nicola; Iatta, Roberta; Samarelli, Rossella; Barrs, Vanessa Rosemary Duke; Otranto, Domenico","Shared occurrence of Malassezia spp. in dogs and their owners","One Health","","","","","","2026","2026-06-21 20:16:11","2026-06-21 20:16:11","","101351","","","","","","","","","","","Elsevier","","","","","","","","","","","","","","","","","","","","","","","","","","","","","","","","","","","","","","","","","","","","","","","","","","","","","","","","","","","",""
"TUS5KK29","journalArticle","2026","Miglianti, Mara; Bezerra-Santos, Marcos Antonio; Rizzo, Antonio; Pugliese, Nicola; Iatta, Roberta; Samarelli, Rossella; Barrs, Vanessa Rosemary Duke; Otranto, Domenico","Shared occurrence of Malassezia spp. in dogs and their owners","One Health","","","","","","2026","2026-06-21 20:16:11","2026-06-21 20:16:11","","101351","","","","","","","","","","","Elsevier","","","","","","","","","","","","","","","","","","","","","","","","","","","","","","","","","","","","","","","","","","","","","","","","","","","","","","","","","","","",""
"D43JPYTX","journalArticle","2026","Parsons, Sheena; Naman, Sean M; Tsui, Carter; Braun, Douglas C; Loscerbo, Daniella; Martens, Amanda Mary; Little, Chelsea","Spatiotemporal dynamics of food availability for juvenile coho salmon (Oncorhynchus kisutch) across a watershed habitat mosaic","Canadian Journal of Fisheries and Aquatic Sciences","","","","","","2026","2026-06-21 20:16:11","2026-06-21 20:16:11","","","","ja","","","","","","","","","","","","","","","","","","","","","","","","","","","","","","","","","","","","","","","","","","","","","","","","","","","","","","","","","","","","","","","","","","","","",""
"BMT8Y39F","journalArticle","2026","Parsons, Sheena; Naman, Sean M; Tsui, Carter; Braun, Douglas C; Loscerbo, Daniella; Martens, Amanda Mary; Little, Chelsea","Spatiotemporal dynamics of food availability for juvenile coho salmon (Oncorhynchus kisutch) across a watershed habitat mosaic","Canadian Journal of Fisheries and Aquatic Sciences","","","","","","2026","2026-06-21 20:16:11","2026-06-21 20:16:11","","","","ja","","","","","","","","","","","","","","","","","","","","","","","","","","","","","","","","","","","","","","","","","","","","","","","","","","","","","","","","","","","","","","","","","","","","",""
"JJB9ZWX4","journalArticle","2026","Bailly, Audrey; Monceau, Karine; Moreau, Jérôme","Farming practices induce contrasted effects on parasitic infections in passerine birds in agricultural landscapes","Agriculture, Ecosystems & Environment","","","","","","2026","2026-06-21 20:16:11","2026-06-21 20:16:11","","110008","","","396","","","","","","","","Elsevier","","","","","","","","","","","","","","","","","","","","","","","","","","","","","","","","","","","","","","","","","","","","","","","","","","","","","","","","","","","",""
"M9J5DX4M","journalArticle","2026","Bailly, Audrey; Monceau, Karine; Moreau, Jérôme","Farming practices induce contrasted effects on parasitic infections in passerine birds in agricultural landscapes","Agriculture, Ecosystems & Environment","","","","","","2026","2026-06-21 20:16:11","2026-06-21 20:16:11","","110008","","","396","","","","","","","","Elsevier","","","","","","","","","","","","","","","","","","","","","","","","","","","","","","","","","","","","","","","","","","","","","","","","","","","","","","","","","","","",""
"IEFP4FCL","journalArticle","2026","Lanza, Giovanni Tommaso; Varrà, Maria Olga; Husáková, Lenka; Piroutková, Martina; Patočka, Jan; Zanardi, Emanuela","Essential and toxic elements intake from botanical extracts: a probabilistic risk–benefit evaluation within the Italian dietary context","Journal of the Science of Food and Agriculture","","","","","","2026","2026-06-21 20:16:11","2026-06-21 20:16:11","","","","","","","","","","","","","Wiley Online Library","","","","","","","","","","","","","","","","","","","","","","","","","","","","","","","","","","","","","","","","","","","","","","","","","","","","","","","","","","","",""
"HYX7GUA7","journalArticle","2026","Lanza, Giovanni Tommaso; Varrà, Maria Olga; Husáková, Lenka; Piroutková, Martina; Patočka, Jan; Zanardi, Emanuela","Essential and toxic elements intake from botanical extracts: a probabilistic risk–benefit evaluation within the Italian dietary context","Journal of the Science of Food and Agriculture","","","","","","2026","2026-06-21 20:16:11","2026-06-21 20:16:11","","","","","","","","","","","","","Wiley Online Library","","","","","","","","","","","","","","","","","","","","","","","","","","","","","","","","","","","","","","","","","","","","","","","","","","","","","","","","","","","",""
"W93ZY93F","journalArticle","2026","Vrech, David E; Cargnelutti, Franco; Oviedo-Diego, Mariela; Hebets, Eileen A; Peretti, Alfredo V","A tale of two camel spiders: divergence in sperm parameters in two Neotropical solifuge species with contrasting mating systems","Zoological Journal of the Linnean Society","","","","","","2026","2026-06-21 20:16:11","2026-06-21 20:16:11","","zlag018","","2","206","","","","","","","","Oxford University Press","","","","","","","","","","","","","","","","","","","","","","","","","","","","","","","","","","","","","","","","","","","","","","","","","","","","","","","","","","","",""
"S68ZED32","journalArticle","2026","Vrech, David E; Cargnelutti, Franco; Oviedo-Diego, Mariela; Hebets, Eileen A; Peretti, Alfredo V","A tale of two camel spiders: divergence in sperm parameters in two Neotropical solifuge species with contrasting mating systems","Zoological Journal of the Linnean Society","","","","","","2026","2026-06-21 20:16:11","2026-06-21 20:16:11","","zlag018","","2","206","","","","","","","","Oxford University Press","","","","","","","","","","","","","","","","","","","","","","","","","","","","","","","","","","","","","","","","","","","","","","","","","","","","","","","","","","","",""
"UVPF8UTS","journalArticle","2026","Guiatin, Epiphane; Zoungrana, Adama; Bazié, Hugues Roméo; Nguyen, Thanh Thi; Lompo, Désiré Jean Pascal","Influence of anthropization on floristic diversity and carbon stocks in a Sudano-Sahelian vegetation landscape","Environmental Monitoring and Assessment","","","","","","2026","2026-06-21 20:16:11","2026-06-21 20:16:11","","418","","5","198","","","","","","","","Springer","","","","","","","","","","","","","","","","","","","","","","","","","","","","","","","","","","","","","","","","","","","","","","","","","","","","","","","","","","","",""
"8JGBQJG5","journalArticle","2026","Guiatin, Epiphane; Zoungrana, Adama; Bazié, Hugues Roméo; Nguyen, Thanh Thi; Lompo, Désiré Jean Pascal","Influence of anthropization on floristic diversity and carbon stocks in a Sudano-Sahelian vegetation landscape","Environmental Monitoring and Assessment","","","","","","2026","2026-06-21 20:16:11","2026-06-21 20:16:11","","418","","5","198","","","","","","","","Springer","","","","","","","","","","","","","","","","","","","","","","","","","","","","","","","","","","","","","","","","","","","","","","","","","","","","","","","","","","","",""
"2XWBZFZ8","journalArticle","2026","Christopoulou, Anastasia; Lasut-Zmudzka, Daria; Zikos, Andreas; Chrysafis, Irene; Kapsomenakis, Ioannis; Paidi, Charitini; Ntagkounakis, Giorgos; Zevgolis, Yiannis G; Zerefos, Christos; Arianoutsou, Margarita","Revealing the ecology of Pinus peuce forests in Greece through tree rings forest dynamics and plant diversity","Discover Conservation","","","","","","2026","2026-06-21 20:16:11","2026-06-21 20:16:11","","31","","1","3","","","","","","","","Springer","","","","","","","","","","","","","","","","","","","","","","","","","","","","","","","","","","","","","","","","","","","","","","","","","","","","","","","","","","","",""
"C8FZ38FD","journalArticle","2026","Christopoulou, Anastasia; Lasut-Zmudzka, Daria; Zikos, Andreas; Chrysafis, Irene; Kapsomenakis, Ioannis; Paidi, Charitini; Ntagkounakis, Giorgos; Zevgolis, Yiannis G; Zerefos, Christos; Arianoutsou, Margarita","Revealing the ecology of Pinus peuce forests in Greece through tree rings forest dynamics and plant diversity","Discover Conservation","","","","","","2026","2026-06-21 20:16:11","2026-06-21 20:16:11","","31","","1","3","","","","","","","","Springer","","","","","","","","","","","","","","","","","","","","","","","","","","","","","","","","","","","","","","","","","","","","","","","","","","","","","","","","","","","",""
"C9S2ZK52","journalArticle","2026","de Anca Prado, Violeta; Pértille, Fábio; Sá, Pedro; Gòdia, Marta; Rüegg, Joëlle; Jimenez-Chillaron, Josep C; Guerrero-Bosagna, Carlos","Benchmarking of methods to analyse data derived from GBS-MeDIP","BMC bioinformatics","","","","","","2026","2026-06-21 20:16:11","2026-06-21 20:16:11","","","","","","","","","","","","","Springer","","","","","","","","","","","","","","","","","","","","","","","","","","","","","","","","","","","","","","","","","","","","","","","","","","","","","","","","","","","",""
"F66AAZLY","journalArticle","2026","de Anca Prado, Violeta; Pértille, Fábio; Sá, Pedro; Gòdia, Marta; Rüegg, Joëlle; Jimenez-Chillaron, Josep C; Guerrero-Bosagna, Carlos","Benchmarking of methods to analyse data derived from GBS-MeDIP","BMC bioinformatics","","","","","","2026","2026-06-21 20:16:11","2026-06-21 20:16:11","","","","","","","","","","","","","Springer","","","","","","","","","","","","","","","","","","","","","","","","","","","","","","","","","","","","","","","","","","","","","","","","","","","","","","","","","","","",""
"39LC2LNV","journalArticle","2026","Oura, Mitsuaki; Ikeda, Daisuke; Aikawa, Shuichi; Sakuma, Hajime; Fujii, Fuminari; Toho, Masanori; Uehara, Atsushi; Tabata, Rikako; Narita, Kentaro; Watari, Tomohisa; others","Soluble BCMA as a biomarker reflecting tumor volume and treatment response in Waldenström macroglobulinemia","Leukemia & Lymphoma","","","","","","2026","2026-06-21 20:16:11","2026-06-21 20:16:11","","85–96","","1","67","","","","","","","","Taylor & Francis","","","","","","","","","","","","","","","","","","","","","","","","","","","","","","","","","","","","","","","","","","","","","","","","","","","","","","","","","","","",""
"X2ZI2KNF","journalArticle","2026","Oura, Mitsuaki; Ikeda, Daisuke; Aikawa, Shuichi; Sakuma, Hajime; Fujii, Fuminari; Toho, Masanori; Uehara, Atsushi; Tabata, Rikako; Narita, Kentaro; Watari, Tomohisa; others","Soluble BCMA as a biomarker reflecting tumor volume and treatment response in Waldenström macroglobulinemia","Leukemia & Lymphoma","","","","","","2026","2026-06-21 20:16:11","2026-06-21 20:16:11","","85–96","","1","67","","","","","","","","Taylor & Francis","","","","","","","","","","","","","","","","","","","","","","","","","","","","","","","","","","","","","","","","","","","","","","","","","","","","","","","","","","","",""
"KBNGE4LY","journalArticle","2026","Allahverdipour, Pouya; Fakheri-Fard, Ahmad","Copula-Based Mapping of Compound Climate Risks to Rainfed Wheat Yield in Semi-Arid Iran","Earth Systems and Environment","","","","","","2026","2026-06-21 20:16:11","2026-06-21 20:16:11","","1–27","","","","","","","","","","","Springer","","","","","","","","","","","","","","","","","","","","","","","","","","","","","","","","","","","","","","","","","","","","","","","","","","","","","","","","","","","",""
"XN523LYY","journalArticle","2026","Allahverdipour, Pouya; Fakheri-Fard, Ahmad","Copula-Based Mapping of Compound Climate Risks to Rainfed Wheat Yield in Semi-Arid Iran","Earth Systems and Environment","","","","","","2026","2026-06-21 20:16:11","2026-06-21 20:16:11","","1–27","","","","","","","","","","","Springer","","","","","","","","","","","","","","","","","","","","","","","","","","","","","","","","","","","","","","","","","","","","","","","","","","","","","","","","","","","",""
"28GNKVEV","journalArticle","2026","Naranjo-Pérez, María José; Guedes, Patrícia; Dias, António; dos Santos Neto, Antónia; Pires, Aureliano; Mai, Francesco; Paillé, Julien; da Graça, Gaspar Afonso; Yidnekatchew, Fegegta; de Lima, Ricardo Faustino; others","Direct and indirect pathways mediating the impacts of non-native rats on cocoa yield in an African island","Agriculture, Ecosystems & Environment","","","","","","2026","2026-06-21 20:16:11","2026-06-21 20:16:11","","109997","","","396","","","","","","","","Elsevier","","","","","","","","","","","","","","","","","","","","","","","","","","","","","","","","","","","","","","","","","","","","","","","","","","","","","","","","","","","",""
"UJ5MZLE8","journalArticle","2026","Naranjo-Pérez, María José; Guedes, Patrícia; Dias, António; dos Santos Neto, Antónia; Pires, Aureliano; Mai, Francesco; Paillé, Julien; da Graça, Gaspar Afonso; Yidnekatchew, Fegegta; de Lima, Ricardo Faustino; others","Direct and indirect pathways mediating the impacts of non-native rats on cocoa yield in an African island","Agriculture, Ecosystems & Environment","","","","","","2026","2026-06-21 20:16:11","2026-06-21 20:16:11","","109997","","","396","","","","","","","","Elsevier","","","","","","","","","","","","","","","","","","","","","","","","","","","","","","","","","","","","","","","","","","","","","","","","","","","","","","","","","","","",""
"I4RK64RY","journalArticle","2026","Gavin, Daniel G; Rocchio, F Joseph; Hribljan, John A; Heckman, Katherine A; Herring, Erin M; Shaw, Jeremy R; Cooper, David J","Holocene peat accumulation rate, hiatus events, and hummock development affected by climate, tephra deposition, and geomorphic setting","Progress in Physical Geography: Earth and Environment","","","","","","2026","2026-06-21 20:16:11","2026-06-21 20:16:11","","370–394","","3","50","","","","","","","","SAGE Publications Sage UK: London, England","","","","","","","","","","","","","","","","","","","","","","","","","","","","","","","","","","","","","","","","","","","","","","","","","","","","","","","","","","","",""
"IZRPBPSN","journalArticle","2026","Gavin, Daniel G; Rocchio, F Joseph; Hribljan, John A; Heckman, Katherine A; Herring, Erin M; Shaw, Jeremy R; Cooper, David J","Holocene peat accumulation rate, hiatus events, and hummock development affected by climate, tephra deposition, and geomorphic setting","Progress in Physical Geography: Earth and Environment","","","","","","2026","2026-06-21 20:16:11","2026-06-21 20:16:11","","370–394","","3","50","","","","","","","","SAGE Publications Sage UK: London, England","","","","","","","","","","","","","","","","","","","","","","","","","","","","","","","","","","","","","","","","","","","","","","","","","","","","","","","","","","","",""
"WIK7XTFE","journalArticle","2026","Chen, Li-Dunn; Chen, Devin M; Holmes, Sheila M; Razafindravelo, Cressant P; Louis Jr, Edward E; Johnson, Steig E","Reproductive Seasonality but not Food Availability Affects Agonism Rates in Black-and-White Ruffed Lemurs (Varecia variegata)","International Journal of Primatology","","","","","","2026","2026-06-21 20:16:11","2026-06-21 20:16:11","","1–26","","","","","","","","","","","Springer","","","","","","","","","","","","","","","","","","","","","","","","","","","","","","","","","","","","","","","","","","","","","","","","","","","","","","","","","","","",""
"CAJGX433","journalArticle","2026","Chen, Li-Dunn; Chen, Devin M; Holmes, Sheila M; Razafindravelo, Cressant P; Louis Jr, Edward E; Johnson, Steig E","Reproductive Seasonality but not Food Availability Affects Agonism Rates in Black-and-White Ruffed Lemurs (Varecia variegata)","International Journal of Primatology","","","","","","2026","2026-06-21 20:16:11","2026-06-21 20:16:11","","1–26","","","","","","","","","","","Springer","","","","","","","","","","","","","","","","","","","","","","","","","","","","","","","","","","","","","","","","","","","","","","","","","","","","","","","","","","","",""
"MXR9AABZ","journalArticle","2026","Heather, Amy; Monks, Thomas; Harper, Alison; Alidoost, Fatemeh; Challen, Robert; Slater, Thomas; Mustafee, Navonil","Reproducible analytical pipelines for healthcare discrete-event simulation: An open guide and worked examples","NIHR Open Research","","","","","","2026","2026-06-21 20:16:11","2026-06-21 20:16:11","","68","","","6","","","","","","","","F1000 Research Limited London, UK","","","","","","","","","","","","","","","","","","","","","","","","","","","","","","","","","","","","","","","","","","","","","","","","","","","","","","","","","","","",""
"A2ZVHDAP","journalArticle","2026","Heather, Amy; Monks, Thomas; Harper, Alison; Alidoost, Fatemeh; Challen, Robert; Slater, Thomas; Mustafee, Navonil","Reproducible analytical pipelines for healthcare discrete-event simulation: An open guide and worked examples","NIHR Open Research","","","","","","2026","2026-06-21 20:16:11","2026-06-21 20:16:11","","68","","","6","","","","","","","","F1000 Research Limited London, UK","","","","","","","","","","","","","","","","","","","","","","","","","","","","","","","","","","","","","","","","","","","","","","","","","","","","","","","","","","","",""
"FET3BMQL","journalArticle","2026","De Gregorio, Chiara; Lameira, Adriano R","Twice times two: Dual mechanism for double rhythmic meter in orangutans and the evolution of human song","iScience","","","","","","2026","2026-06-21 20:16:11","2026-06-21 20:16:11","","","","1","29","","","","","","","","Elsevier","","","","","","","","","","","","","","","","","","","","","","","","","","","","","","","","","","","","","","","","","","","","","","","","","","","","","","","","","","","",""
"67XG5HAQ","journalArticle","2026","De Gregorio, Chiara; Lameira, Adriano R","Twice times two: Dual mechanism for double rhythmic meter in orangutans and the evolution of human song","iScience","","","","","","2026","2026-06-21 20:16:11","2026-06-21 20:16:11","","","","1","29","","","","","","","","Elsevier","","","","","","","","","","","","","","","","","","","","","","","","","","","","","","","","","","","","","","","","","","","","","","","","","","","","","","","","","","","",""
"QSSHEQFG","journalArticle","2026","Albino-Bohórquez, Arledys; Guaitero, Bladimir; Hernández-Angarita, David Ricardo; Ramírez, Andrés Felipe; Camargo, Hebert; Gutiérrez, Yeisson","Closing the pollination gap in cacao agroforests: balancing pesticide use and shade management","Agroforestry Systems","","","","","","2026","2026-06-21 20:16:11","2026-06-21 20:16:11","","52","","2","100","","","","","","","","Springer","","","","","","","","","","","","","","","","","","","","","","","","","","","","","","","","","","","","","","","","","","","","","","","","","","","","","","","","","","","",""
"7T72DXC3","journalArticle","2026","Albino-Bohórquez, Arledys; Guaitero, Bladimir; Hernández-Angarita, David Ricardo; Ramírez, Andrés Felipe; Camargo, Hebert; Gutiérrez, Yeisson","Closing the pollination gap in cacao agroforests: balancing pesticide use and shade management","Agroforestry Systems","","","","","","2026","2026-06-21 20:16:11","2026-06-21 20:16:11","","52","","2","100","","","","","","","","Springer","","","","","","","","","","","","","","","","","","","","","","","","","","","","","","","","","","","","","","","","","","","","","","","","","","","","","","","","","","","",""
"PKLM8X3A","journalArticle","2026","Owen, Kiirsti C; Mallory, Mark L; de Zwaan, Devin R; McLellan, Nic R; Nocera, Joseph J","Water level manipulations in human-made impoundments drive species-and guild-specific responses in wetland bird communities","Wetlands Ecology and Management","","","","","","2026","2026-06-21 20:16:11","2026-06-21 20:16:11","","60","","3","34","","","","","","","","Springer","","","","","","","","","","","","","","","","","","","","","","","","","","","","","","","","","","","","","","","","","","","","","","","","","","","","","","","","","","","",""
"SNEVIBBU","journalArticle","2026","Owen, Kiirsti C; Mallory, Mark L; de Zwaan, Devin R; McLellan, Nic R; Nocera, Joseph J","Water level manipulations in human-made impoundments drive species-and guild-specific responses in wetland bird communities","Wetlands Ecology and Management","","","","","","2026","2026-06-21 20:16:11","2026-06-21 20:16:11","","60","","3","34","","","","","","","","Springer","","","","","","","","","","","","","","","","","","","","","","","","","","","","","","","","","","","","","","","","","","","","","","","","","","","","","","","","","","","",""
"IK9HLMYJ","journalArticle","2026","King'ori, Edward M; Chiyo, Patrick I; Gitau, Olgabeth N; Lala, Fredrick; Lwande, Olivia W","Drivers of tick community structure in a rhinoceros meta-population in Kenya","International Journal for Parasitology: Parasites and Wildlife","","","","","","2026","2026-06-21 20:16:11","2026-06-21 20:16:11","","101191","","","","","","","","","","","Elsevier","","","","","","","","","","","","","","","","","","","","","","","","","","","","","","","","","","","","","","","","","","","","","","","","","","","","","","","","","","","",""
"9R37ZFUH","journalArticle","2026","King'ori, Edward M; Chiyo, Patrick I; Gitau, Olgabeth N; Lala, Fredrick; Lwande, Olivia W","Drivers of tick community structure in a rhinoceros meta-population in Kenya","International Journal for Parasitology: Parasites and Wildlife","","","","","","2026","2026-06-21 20:16:11","2026-06-21 20:16:11","","101191","","","","","","","","","","","Elsevier","","","","","","","","","","","","","","","","","","","","","","","","","","","","","","","","","","","","","","","","","","","","","","","","","","","","","","","","","","","",""
"H3XZM9XQ","journalArticle","2026","Bracuti, Anthony; Hudson, Zoe Lois; Pidcock, Emily Hazel; Yoon, Kane; Duncan, Elizabeth Jenness","Age and QMP exposure affect the nutritional preferences of caged Apis mellifera worker honeybees: A. Bracuti et al.","Apidologie","","","","","","2026","2026-06-21 20:16:11","2026-06-21 20:16:11","","8","","1","57","","","","","","","","Springer","","","","","","","","","","","","","","","","","","","","","","","","","","","","","","","","","","","","","","","","","","","","","","","","","","","","","","","","","","","",""
"PTUUAAWL","journalArticle","2026","Bracuti, Anthony; Hudson, Zoe Lois; Pidcock, Emily Hazel; Yoon, Kane; Duncan, Elizabeth Jenness","Age and QMP exposure affect the nutritional preferences of caged Apis mellifera worker honeybees: A. Bracuti et al.","Apidologie","","","","","","2026","2026-06-21 20:16:11","2026-06-21 20:16:11","","8","","1","57","","","","","","","","Springer","","","","","","","","","","","","","","","","","","","","","","","","","","","","","","","","","","","","","","","","","","","","","","","","","","","","","","","","","","","",""
"MAI3U9Z6","journalArticle","2026","Jechumtál Skálová, Alena; Voříšek, Petr; Vermouzek, Zdeněk; Morelli, Federico; Reif, Jiří","Replacing a long-running common bird monitoring scheme by a new one: what predicts the correspondence of population changes between the schemes?","Journal of Ornithology","","","","","","2026","2026-06-21 20:16:11","2026-06-21 20:16:11","","1–13","","","","","","","","","","","Springer","","","","","","","","","","","","","","","","","","","","","","","","","","","","","","","","","","","","","","","","","","","","","","","","","","","","","","","","","","","",""
"4XNIF9PJ","journalArticle","2026","Jechumtál Skálová, Alena; Voříšek, Petr; Vermouzek, Zdeněk; Morelli, Federico; Reif, Jiří","Replacing a long-running common bird monitoring scheme by a new one: what predicts the correspondence of population changes between the schemes?","Journal of Ornithology","","","","","","2026","2026-06-21 20:16:11","2026-06-21 20:16:11","","1–13","","","","","","","","","","","Springer","","","","","","","","","","","","","","","","","","","","","","","","","","","","","","","","","","","","","","","","","","","","","","","","","","","","","","","","","","","",""
"FJN7HK3D","journalArticle","2026","Cunha, Samla MF; Schenkel, Flavio S; Chud, Tatiane CS; Alves, Anderson AC; Silva, Marcos Vinícius GB da; Verneque, Rui da S; Panetto, João Cláudio do C; Munari, Danísio P","Optimized Animal Models for the Genetic Evaluation of Conformation Traits, Milking Ease, and Milking Temperament in Dairy Gir Cattle","Animals","","","","","","2026","2026-06-21 20:16:11","2026-06-21 20:16:11","","363","","3","16","","","","","","","","MDPI","","","","","","","","","","","","","","","","","","","","","","","","","","","","","","","","","","","","","","","","","","","","","","","","","","","","","","","","","","","",""
"8HDWEKVR","journalArticle","2026","Cunha, Samla MF; Schenkel, Flavio S; Chud, Tatiane CS; Alves, Anderson AC; Silva, Marcos Vinícius GB da; Verneque, Rui da S; Panetto, João Cláudio do C; Munari, Danísio P","Optimized Animal Models for the Genetic Evaluation of Conformation Traits, Milking Ease, and Milking Temperament in Dairy Gir Cattle","Animals","","","","","","2026","2026-06-21 20:16:11","2026-06-21 20:16:11","","363","","3","16","","","","","","","","MDPI","","","","","","","","","","","","","","","","","","","","","","","","","","","","","","","","","","","","","","","","","","","","","","","","","","","","","","","","","","","",""
"DXTD8XR7","journalArticle","2026","Oswald, Stephanie B; Vriend, Paul; Ragas, Ad MJ; Schoor, Margriet M; Collas, Frank PL","Evaluation of riverine macro-and mesoplastic monitoring approaches","Environmental Monitoring and Assessment","","","","","","2026","2026-06-21 20:16:11","2026-06-21 20:16:11","","134","","2","198","","","","","","","","Springer","","","","","","","","","","","","","","","","","","","","","","","","","","","","","","","","","","","","","","","","","","","","","","","","","","","","","","","","","","","",""
"4ISRXFV7","journalArticle","2026","Oswald, Stephanie B; Vriend, Paul; Ragas, Ad MJ; Schoor, Margriet M; Collas, Frank PL","Evaluation of riverine macro-and mesoplastic monitoring approaches","Environmental Monitoring and Assessment","","","","","","2026","2026-06-21 20:16:11","2026-06-21 20:16:11","","134","","2","198","","","","","","","","Springer","","","","","","","","","","","","","","","","","","","","","","","","","","","","","","","","","","","","","","","","","","","","","","","","","","","","","","","","","","","",""
"ZMPLKGFZ","journalArticle","2026","López-Rodríguez, Anahí; Jeppesen, Erik; Davidson, Thomas A; Meester, Luc De; González-Bergonzoni, Iván; Vidal, Nicolás; Sommaruga, Ruben; Özkan, Korhan; Arndt, Hartmut; Jürgens, Klaus; others","Ecosystem age drives food web architecture of glacier retreat-formed fishless ponds in Greenland","Oikos","","","","","","2026","2026-06-21 20:16:11","2026-06-21 20:16:11","","e11415","","1","2026","","","","","","","","Wiley Online Library","","","","","","","","","","","","","","","","","","","","","","","","","","","","","","","","","","","","","","","","","","","","","","","","","","","","","","","","","","","",""
"4333K27K","journalArticle","2026","López-Rodríguez, Anahí; Jeppesen, Erik; Davidson, Thomas A; Meester, Luc De; González-Bergonzoni, Iván; Vidal, Nicolás; Sommaruga, Ruben; Özkan, Korhan; Arndt, Hartmut; Jürgens, Klaus; others","Ecosystem age drives food web architecture of glacier retreat-formed fishless ponds in Greenland","Oikos","","","","","","2026","2026-06-21 20:16:11","2026-06-21 20:16:11","","e11415","","1","2026","","","","","","","","Wiley Online Library","","","","","","","","","","","","","","","","","","","","","","","","","","","","","","","","","","","","","","","","","","","","","","","","","","","","","","","","","","","",""
"4EL3BTUS","journalArticle","2026","Adorno, Bruno FCB; Ramos, Rafael Guimaraes; Diniz, Milena Fiuza; Godoy, Ederson; Dinis, Bianca; Corrêa, Wellington; Barbosa, Vinícius Munhoz; Batista, Gabriela Rosa; Piratelli, Augusto João; Ribeiro, Milton Cezar; others","When refugia vanish: Recurrent fire and resistant landscapes homogenize bird communities","Forest Ecology and Management","","","","","","2026","2026-06-21 20:16:11","2026-06-21 20:16:11","","123466","","","603","","","","","","","","Elsevier","","","","","","","","","","","","","","","","","","","","","","","","","","","","","","","","","","","","","","","","","","","","","","","","","","","","","","","","","","","",""
"VC2BSP92","journalArticle","2026","Adorno, Bruno FCB; Ramos, Rafael Guimaraes; Diniz, Milena Fiuza; Godoy, Ederson; Dinis, Bianca; Corrêa, Wellington; Barbosa, Vinícius Munhoz; Batista, Gabriela Rosa; Piratelli, Augusto João; Ribeiro, Milton Cezar; others","When refugia vanish: Recurrent fire and resistant landscapes homogenize bird communities","Forest Ecology and Management","","","","","","2026","2026-06-21 20:16:11","2026-06-21 20:16:11","","123466","","","603","","","","","","","","Elsevier","","","","","","","","","","","","","","","","","","","","","","","","","","","","","","","","","","","","","","","","","","","","","","","","","","","","","","","","","","","",""
"FYS94774","journalArticle","2026","LeFlore, Eric G; Rivera-Milán, Frank F; McCollum, Arthur B; Lennon, Aileen; Ladin, Zachary S; Kluever, Bryan M","Assessing sustainable lethal take for great blue heron in the northeastern United States","Wildlife Society Bulletin","","","","","","2026","2026-06-21 20:16:11","2026-06-21 20:16:11","","e70023","","1","50","","","","","","","","Wiley Online Library","","","","","","","","","","","","","","","","","","","","","","","","","","","","","","","","","","","","","","","","","","","","","","","","","","","","","","","","","","","",""
"M4FHMPYZ","journalArticle","2026","LeFlore, Eric G; Rivera-Milán, Frank F; McCollum, Arthur B; Lennon, Aileen; Ladin, Zachary S; Kluever, Bryan M","Assessing sustainable lethal take for great blue heron in the northeastern United States","Wildlife Society Bulletin","","","","","","2026","2026-06-21 20:16:11","2026-06-21 20:16:11","","e70023","","1","50","","","","","","","","Wiley Online Library","","","","","","","","","","","","","","","","","","","","","","","","","","","","","","","","","","","","","","","","","","","","","","","","","","","","","","","","","","","",""
"6NJRTHQE","journalArticle","2026","Simian, Catalina; Oviedo-Diego, Mariela; Palen-Pietri, Rocio; Olivero, Paola A; Vrech, David E; Peretti, Alfredo V","Sexual Dimorphism, Trait Variability, and Allometry in Two Camel Spiders (Arachnida: Solifugae) Species with Different Mating Tactics","Zoologischer Anzeiger","","","","","","2026","2026-06-21 20:16:11","2026-06-21 20:16:11","","","","","","","","","","","","","Elsevier","","","","","","","","","","","","","","","","","","","","","","","","","","","","","","","","","","","","","","","","","","","","","","","","","","","","","","","","","","","",""
"EZEMUYAA","journalArticle","2026","Simian, Catalina; Oviedo-Diego, Mariela; Palen-Pietri, Rocio; Olivero, Paola A; Vrech, David E; Peretti, Alfredo V","Sexual Dimorphism, Trait Variability, and Allometry in Two Camel Spiders (Arachnida: Solifugae) Species with Different Mating Tactics","Zoologischer Anzeiger","","","","","","2026","2026-06-21 20:16:11","2026-06-21 20:16:11","","","","","","","","","","","","","Elsevier","","","","","","","","","","","","","","","","","","","","","","","","","","","","","","","","","","","","","","","","","","","","","","","","","","","","","","","","","","","",""
"5IKT2BGX","journalArticle","2026","Bollatti, Fedra; Oviedo-Diego, Mariela; Aisenberg, Anita; Peretti, Alfredo V","Male burrow investment drives differential sperm transfer in a South American spider","Biological Journal of the Linnean Society","","","","","","2026","2026-06-21 20:16:11","2026-06-21 20:16:11","","blaf142","","1","147","","","","","","","","Oxford University Press","","","","","","","","","","","","","","","","","","","","","","","","","","","","","","","","","","","","","","","","","","","","","","","","","","","","","","","","","","","",""
"M9IJ3UDE","journalArticle","2026","Bollatti, Fedra; Oviedo-Diego, Mariela; Aisenberg, Anita; Peretti, Alfredo V","Male burrow investment drives differential sperm transfer in a South American spider","Biological Journal of the Linnean Society","","","","","","2026","2026-06-21 20:16:11","2026-06-21 20:16:11","","blaf142","","1","147","","","","","","","","Oxford University Press","","","","","","","","","","","","","","","","","","","","","","","","","","","","","","","","","","","","","","","","","","","","","","","","","","","","","","","","","","","",""
"T2CQJPBW","journalArticle","2026","Carneiro, Alice Arantes; Pedrosa Guimarães, Luiza; Angélica de Pádua Bueno, Alessandra","Does the environmental degradation gradient affect the macroinvertebrate community in springs?","Studies on Neotropical Fauna and Environment","","","","","","2026","2026-06-21 20:16:11","2026-06-21 20:16:11","","1–12","","","","","","","","","","","Taylor & Francis","","","","","","","","","","","","","","","","","","","","","","","","","","","","","","","","","","","","","","","","","","","","","","","","","","","","","","","","","","","",""
"54X6J6EW","journalArticle","2026","Carneiro, Alice Arantes; Pedrosa Guimarães, Luiza; Angélica de Pádua Bueno, Alessandra","Does the environmental degradation gradient affect the macroinvertebrate community in springs?","Studies on Neotropical Fauna and Environment","","","","","","2026","2026-06-21 20:16:11","2026-06-21 20:16:11","","1–12","","","","","","","","","","","Taylor & Francis","","","","","","","","","","","","","","","","","","","","","","","","","","","","","","","","","","","","","","","","","","","","","","","","","","","","","","","","","","","",""
"JYQXRRNI","conferencePaper","2026","Prebble, Matthew; Lozano, M Tom; Thresher, Kate; Stephens, Danielle; Swindell, Paul; Rozenblat, Marina C","Comparison of Analysis Methods To Reliably Distinguish Crack Formation From Threshold Noise in Aircraft Structural Health Monitoring","AIAA AVIATION 2026 Forum","","","","","","2026","2026-06-21 20:16:11","2026-06-21 20:16:11","","4168","","","","","","","","","","","","","","","","","","","","","","","","","","","","","","","","","","","","","","","","","","","","","","","","","","","","","","","","","","","","","","","","","","","","","","",""
"BQR5EITW","conferencePaper","2026","Prebble, Matthew; Lozano, M Tom; Thresher, Kate; Stephens, Danielle; Swindell, Paul; Rozenblat, Marina C","Comparison of Analysis Methods To Reliably Distinguish Crack Formation From Threshold Noise in Aircraft Structural Health Monitoring","AIAA AVIATION 2026 Forum","","","","","","2026","2026-06-21 20:16:11","2026-06-21 20:16:11","","4168","","","","","","","","","","","","","","","","","","","","","","","","","","","","","","","","","","","","","","","","","","","","","","","","","","","","","","","","","","","","","","","","","","","","","","",""
"VVIV39AE","journalArticle","2026","Rontani, PM; Bellin, N; Ardenghi, A; Piccinini, A; Voccia, A; Piccini, S; Machetti, M; Biliotti, D; Filonzi, L; Nonnis Marzano, F","A multidisciplinary approach to assess the distribution and conservation of the European eel Anguilla anguilla in an estuarine environment of central Italy","The European Zoological Journal","","","","","","2026","2026-06-21 20:16:11","2026-06-21 20:16:11","","360–374","","1","93","","","","","","","","Taylor & Francis","","","","","","","","","","","","","","","","","","","","","","","","","","","","","","","","","","","","","","","","","","","","","","","","","","","","","","","","","","","",""
"NITIECMR","journalArticle","2026","Rontani, PM; Bellin, N; Ardenghi, A; Piccinini, A; Voccia, A; Piccini, S; Machetti, M; Biliotti, D; Filonzi, L; Nonnis Marzano, F","A multidisciplinary approach to assess the distribution and conservation of the European eel Anguilla anguilla in an estuarine environment of central Italy","The European Zoological Journal","","","","","","2026","2026-06-21 20:16:11","2026-06-21 20:16:11","","360–374","","1","93","","","","","","","","Taylor & Francis","","","","","","","","","","","","","","","","","","","","","","","","","","","","","","","","","","","","","","","","","","","","","","","","","","","","","","","","","","","",""
"ZMCUJU9P","journalArticle","2026","Fernández, Lisandro; Vergara-Tabares, David L; Carrizo García, Carolina","Fine-scale genetic analyses reveal invasion dynamics and management opportunities in a mountain basin for an avian-dispersed shrub","Biological Invasions","","","","","","2026","2026-06-21 20:16:11","2026-06-21 20:16:11","","147","","7","28","","","","","","","","Springer","","","","","","","","","","","","","","","","","","","","","","","","","","","","","","","","","","","","","","","","","","","","","","","","","","","","","","","","","","","",""
"HWY4NR37","journalArticle","2026","Fernández, Lisandro; Vergara-Tabares, David L; Carrizo García, Carolina","Fine-scale genetic analyses reveal invasion dynamics and management opportunities in a mountain basin for an avian-dispersed shrub","Biological Invasions","","","","","","2026","2026-06-21 20:16:11","2026-06-21 20:16:11","","147","","7","28","","","","","","","","Springer","","","","","","","","","","","","","","","","","","","","","","","","","","","","","","","","","","","","","","","","","","","","","","","","","","","","","","","","","","","",""
"R9TJVDYJ","journalArticle","2026","Thibault, Melina; Barkun, Alan; Martel, Myriam; von Renteln, Daniel; Russell, Alton W","Impact of COVID-19 pandemic on colonoscopy wait times by procedure indication","Journal of the Canadian Association of Gastroenterology","","","","","","2026","2026-06-21 20:16:11","2026-06-21 20:16:11","","gwaf017","","","","","","","","","","","Oxford University Press","","","","","","","","","","","","","","","","","","","","","","","","","","","","","","","","","","","","","","","","","","","","","","","","","","","","","","","","","","","",""
"8KFHU4JD","journalArticle","2026","Thibault, Melina; Barkun, Alan; Martel, Myriam; von Renteln, Daniel; Russell, Alton W","Impact of COVID-19 pandemic on colonoscopy wait times by procedure indication","Journal of the Canadian Association of Gastroenterology","","","","","","2026","2026-06-21 20:16:11","2026-06-21 20:16:11","","gwaf017","","","","","","","","","","","Oxford University Press","","","","","","","","","","","","","","","","","","","","","","","","","","","","","","","","","","","","","","","","","","","","","","","","","","","","","","","","","","","",""
"FN2244WA","journalArticle","2026","Wang, Xijuan; Mao, Jie; Wang, Qiaojuan; Zhang, Linhao; Shi, Sha; Bai, Yaohui","A multidimensional framework for assessing riverine health risks from Acinetobacter species: integrating pathogenicity, resistome-mobilome-virulome signatures, and abundance","Engineering Environment","","","","","","2026","2026-06-21 20:16:11","2026-06-21 20:16:11","","94","","6","20","","","","","","","","Springer","","","","","","","","","","","","","","","","","","","","","","","","","","","","","","","","","","","","","","","","","","","","","","","","","","","","","","","","","","","",""
"INRLQ7AR","journalArticle","2026","Wang, Xijuan; Mao, Jie; Wang, Qiaojuan; Zhang, Linhao; Shi, Sha; Bai, Yaohui","A multidimensional framework for assessing riverine health risks from Acinetobacter species: integrating pathogenicity, resistome-mobilome-virulome signatures, and abundance","Engineering Environment","","","","","","2026","2026-06-21 20:16:11","2026-06-21 20:16:11","","94","","6","20","","","","","","","","Springer","","","","","","","","","","","","","","","","","","","","","","","","","","","","","","","","","","","","","","","","","","","","","","","","","","","","","","","","","","","",""
"RQ2AVYV7","journalArticle","2026","Szymañski, Carolina; Barzola, Pehuén; Meglioli, Pablo A; Franco, María G; Villagra, Pablo E; Alvarez, Juan A","Effects of natural regeneration on aboveground carbon stocks and annual carbon sequestration rates in Neltuma flexuosa populations of the Central Monte Desert, Argentina","Restoration Ecology","","","","","","2026","2026-06-21 20:16:11","2026-06-21 20:16:11","","e70150","","2","34","","","","","","","","Wiley Online Library","","","","","","","","","","","","","","","","","","","","","","","","","","","","","","","","","","","","","","","","","","","","","","","","","","","","","","","","","","","",""
"KUXVSNBY","journalArticle","2026","Szymañski, Carolina; Barzola, Pehuén; Meglioli, Pablo A; Franco, María G; Villagra, Pablo E; Alvarez, Juan A","Effects of natural regeneration on aboveground carbon stocks and annual carbon sequestration rates in Neltuma flexuosa populations of the Central Monte Desert, Argentina","Restoration Ecology","","","","","","2026","2026-06-21 20:16:11","2026-06-21 20:16:11","","e70150","","2","34","","","","","","","","Wiley Online Library","","","","","","","","","","","","","","","","","","","","","","","","","","","","","","","","","","","","","","","","","","","","","","","","","","","","","","","","","","","",""
"JVZ5FC5U","journalArticle","2026","Prahalad, Vishnu; Harrison-Day, Violet; Flett, Iona; Barros, Agustina","Ecological Outcomes of Invasive Rice Grass (Spartina anglica) Removal for Restoring Native Saltmarsh Vegetation and Fish Habitat Function","Austral Ecology","","","","","","2026","2026-06-21 20:16:11","2026-06-21 20:16:11","","e70166","","2","51","","","","","","","","Wiley Online Library","","","","","","","","","","","","","","","","","","","","","","","","","","","","","","","","","","","","","","","","","","","","","","","","","","","","","","","","","","","",""
"K5Z3IJYL","journalArticle","2026","Prahalad, Vishnu; Harrison-Day, Violet; Flett, Iona; Barros, Agustina","Ecological Outcomes of Invasive Rice Grass (Spartina anglica) Removal for Restoring Native Saltmarsh Vegetation and Fish Habitat Function","Austral Ecology","","","","","","2026","2026-06-21 20:16:11","2026-06-21 20:16:11","","e70166","","2","51","","","","","","","","Wiley Online Library","","","","","","","","","","","","","","","","","","","","","","","","","","","","","","","","","","","","","","","","","","","","","","","","","","","","","","","","","","","",""
"ZPEKG7ZC","journalArticle","2026","Ward, Caroline; Banks-Tibbs, Tabith; Thorpe, Henry; Giles, Antonia M; Mabry, Samuel J; Liu, Jia-Jun; Chang, Hung-Ching; Yang, Jinting; Carney, Aidan F; Shaikh, Halla M; others","AI-guided analysis of human pancreatic islet sociology reveals distinct cell compositional changes in type 1 diabetes","bioRxiv","","","","","","2026","2026-06-21 20:16:11","2026-06-21 20:16:11","","2026–06","","","","","","","","","","","Cold Spring Harbor Laboratory","","","","","","","","","","","","","","","","","","","","","","","","","","","","","","","","","","","","","","","","","","","","","","","","","","","","","","","","","","","",""
"GRN2W79H","journalArticle","2026","Ward, Caroline; Banks-Tibbs, Tabith; Thorpe, Henry; Giles, Antonia M; Mabry, Samuel J; Liu, Jia-Jun; Chang, Hung-Ching; Yang, Jinting; Carney, Aidan F; Shaikh, Halla M; others","AI-guided analysis of human pancreatic islet sociology reveals distinct cell compositional changes in type 1 diabetes","bioRxiv","","","","","","2026","2026-06-21 20:16:11","2026-06-21 20:16:11","","2026–06","","","","","","","","","","","Cold Spring Harbor Laboratory","","","","","","","","","","","","","","","","","","","","","","","","","","","","","","","","","","","","","","","","","","","","","","","","","","","","","","","","","","","",""
"GEGD9PX7","journalArticle","2026","Koch, Franziska; Neutel, Anje-Margriet; Barnes, David KA; Allhoff, Korinna T","Many weak and few strong links: the importance of link strength distributions for stabilising patterns in competition networks","Theoretical Ecology","","","","","","2026","2026-06-21 20:16:11","2026-06-21 20:16:11","","1","","1","19","","","","","","","","Springer","","","","","","","","","","","","","","","","","","","","","","","","","","","","","","","","","","","","","","","","","","","","","","","","","","","","","","","","","","","",""
"T2BPVRFN","journalArticle","2026","Koch, Franziska; Neutel, Anje-Margriet; Barnes, David KA; Allhoff, Korinna T","Many weak and few strong links: the importance of link strength distributions for stabilising patterns in competition networks","Theoretical Ecology","","","","","","2026","2026-06-21 20:16:11","2026-06-21 20:16:11","","1","","1","19","","","","","","","","Springer","","","","","","","","","","","","","","","","","","","","","","","","","","","","","","","","","","","","","","","","","","","","","","","","","","","","","","","","","","","",""
"P99MAFS4","journalArticle","2026","Gonnet, Verónica; Bidegaray-Batista, Leticia; Simó, Miguel; Aisenberg, Anita","Love in the grasslands: sexual encounters and size dimorphism in the wolf spider Paratrochosina amica (Mello-Leitão, 1941)","Arachnology","","","","","","2026","2026-06-21 20:16:11","2026-06-21 20:16:11","","533–540","","4","20","","","","","","","","BioOne","","","","","","","","","","","","","","","","","","","","","","","","","","","","","","","","","","","","","","","","","","","","","","","","","","","","","","","","","","","",""
"RNB333Z2","journalArticle","2026","Gonnet, Verónica; Bidegaray-Batista, Leticia; Simó, Miguel; Aisenberg, Anita","Love in the grasslands: sexual encounters and size dimorphism in the wolf spider Paratrochosina amica (Mello-Leitão, 1941)","Arachnology","","","","","","2026","2026-06-21 20:16:11","2026-06-21 20:16:11","","533–540","","4","20","","","","","","","","BioOne","","","","","","","","","","","","","","","","","","","","","","","","","","","","","","","","","","","","","","","","","","","","","","","","","","","","","","","","","","","",""
"42XIBIJS","journalArticle","2026","Rechena, Diogo; da Silva, João; Amado, Conceição; Infante, Virgínia; Varela, Paulo; Santos, Jorge Manuel; Silva, António; Gonçalves, Bruno; Yong, Liu; Udintsev, Victor","Availability requirements for diagnostics in nuclear fusion: the ITER Collective Thomson Scattering case-study","Fusion Engineering and Design","","","","","","2026","2026-06-21 20:16:11","2026-06-21 20:16:11","","115493","","","222","","","","","","","","Elsevier","","","","","","","","","","","","","","","","","","","","","","","","","","","","","","","","","","","","","","","","","","","","","","","","","","","","","","","","","","","",""
"5UXPIA8Y","journalArticle","2026","Rechena, Diogo; da Silva, João; Amado, Conceição; Infante, Virgínia; Varela, Paulo; Santos, Jorge Manuel; Silva, António; Gonçalves, Bruno; Yong, Liu; Udintsev, Victor","Availability requirements for diagnostics in nuclear fusion: the ITER Collective Thomson Scattering case-study","Fusion Engineering and Design","","","","","","2026","2026-06-21 20:16:11","2026-06-21 20:16:11","","115493","","","222","","","","","","","","Elsevier","","","","","","","","","","","","","","","","","","","","","","","","","","","","","","","","","","","","","","","","","","","","","","","","","","","","","","","","","","","",""
"NY7L42GU","journalArticle","2026","Moraes, Renata Franciéli; Martin, Daniela Maria; Prates, Arthur Pontes; Bremm, Carolina; Carvalho, Paulo Cesar de Faccio; Alves, Lucas Aquino; Oliveira, Leandro Bittencourt de; Moraes, Anibal de","Frequency Distribution of Sward Heights and Forage Species Composition in Different Integrated Crop–Livestock Systems","Grasses","","","","","","2026","2026-06-21 20:16:11","2026-06-21 20:16:11","","8","","1","5","","","","","","","","MDPI","","","","","","","","","","","","","","","","","","","","","","","","","","","","","","","","","","","","","","","","","","","","","","","","","","","","","","","","","","","",""
"QV7BXNQ5","journalArticle","2026","Moraes, Renata Franciéli; Martin, Daniela Maria; Prates, Arthur Pontes; Bremm, Carolina; Carvalho, Paulo Cesar de Faccio; Alves, Lucas Aquino; Oliveira, Leandro Bittencourt de; Moraes, Anibal de","Frequency Distribution of Sward Heights and Forage Species Composition in Different Integrated Crop–Livestock Systems","Grasses","","","","","","2026","2026-06-21 20:16:11","2026-06-21 20:16:11","","8","","1","5","","","","","","","","MDPI","","","","","","","","","","","","","","","","","","","","","","","","","","","","","","","","","","","","","","","","","","","","","","","","","","","","","","","","","","","",""
"3VAAV5K9","journalArticle","2026","Morris, John; Hagan, Valerie; Harrington, Kaitlin; Chapman, Demian","Electronic pulse device deters and delays shark feeding in a depredation context","Journal of Fish Biology","","","","","","2026","2026-06-21 20:16:11","2026-06-21 20:16:11","","7–14","","1","108","","","","","","","","Wiley Online Library","","","","","","","","","","","","","","","","","","","","","","","","","","","","","","","","","","","","","","","","","","","","","","","","","","","","","","","","","","","",""
"V5FZL6XR","journalArticle","2026","Morris, John; Hagan, Valerie; Harrington, Kaitlin; Chapman, Demian","Electronic pulse device deters and delays shark feeding in a depredation context","Journal of Fish Biology","","","","","","2026","2026-06-21 20:16:11","2026-06-21 20:16:11","","7–14","","1","108","","","","","","","","Wiley Online Library","","","","","","","","","","","","","","","","","","","","","","","","","","","","","","","","","","","","","","","","","","","","","","","","","","","","","","","","","","","",""
"NX78EZNH","journalArticle","2026","Raimondi, Teresa; D'Orazio, Francesca; Di Martino, Denise; Witt, Melina; Grenga, Flavia; Cook, Peter; Favaro, Livio; Pilenga, Cristina; Ravignani, Andrea","Learnt formant modulation via upper vocal tract movements in a marine mammal","Discover Animals","","","","","","2026","2026-06-21 20:16:11","2026-06-21 20:16:11","","2","","1","3","","","","","","","","Springer","","","","","","","","","","","","","","","","","","","","","","","","","","","","","","","","","","","","","","","","","","","","","","","","","","","","","","","","","","","",""
"HFA9WE5V","journalArticle","2026","Raimondi, Teresa; D'Orazio, Francesca; Di Martino, Denise; Witt, Melina; Grenga, Flavia; Cook, Peter; Favaro, Livio; Pilenga, Cristina; Ravignani, Andrea","Learnt formant modulation via upper vocal tract movements in a marine mammal","Discover Animals","","","","","","2026","2026-06-21 20:16:11","2026-06-21 20:16:11","","2","","1","3","","","","","","","","Springer","","","","","","","","","","","","","","","","","","","","","","","","","","","","","","","","","","","","","","","","","","","","","","","","","","","","","","","","","","","",""
"VQUPSA7N","journalArticle","2026","Young, Jodi O; Moise, Eric RD; Scott, Robert; Schmidt, B Christian; Bowden, Joseph J","Effects of Bacillus thuringiensis subsp. kurstaki application on non-target nocturnal macromoth biodiversity in the eastern boreal forest, Canada","Canadian Journal of Forest Research","","","","","","2026","2026-06-21 20:16:11","2026-06-21 20:16:11","","1–12","","","56","","","","","","","","Canadian Science Publishing 123 Slater Street, Suite 610, Ottawa, Ontario łdots","","","","","","","","","","","","","","","","","","","","","","","","","","","","","","","","","","","","","","","","","","","","","","","","","","","","","","","","","","","",""
"DG6S79ST","journalArticle","2026","Young, Jodi O; Moise, Eric RD; Scott, Robert; Schmidt, B Christian; Bowden, Joseph J","Effects of Bacillus thuringiensis subsp. kurstaki application on non-target nocturnal macromoth biodiversity in the eastern boreal forest, Canada","Canadian Journal of Forest Research","","","","","","2026","2026-06-21 20:16:11","2026-06-21 20:16:11","","1–12","","","56","","","","","","","","Canadian Science Publishing 123 Slater Street, Suite 610, Ottawa, Ontario łdots","","","","","","","","","","","","","","","","","","","","","","","","","","","","","","","","","","","","","","","","","","","","","","","","","","","","","","","","","","","",""
"Q9GCAJF2","journalArticle","2026","Claunch, Natalie M; Legare, Matthew; Nicely, Alex; Hall, Parker T; Edwards, Jake; Rivera-Milan, Frank; Kluever, Bryan M; Romagosa, Christina M","Assessment of three removal methods for an invasive lizard, Peters' rock agama (Agama picticauda)","Frontiers in Amphibian and Reptile Science","","","","","","2026","2026-06-21 20:16:11","2026-06-21 20:16:11","","1699230","","","4","","","","","","","","Frontiers","","","","","","","","","","","","","","","","","","","","","","","","","","","","","","","","","","","","","","","","","","","","","","","","","","","","","","","","","","","",""
"7L5XTL93","journalArticle","2026","Claunch, Natalie M; Legare, Matthew; Nicely, Alex; Hall, Parker T; Edwards, Jake; Rivera-Milan, Frank; Kluever, Bryan M; Romagosa, Christina M","Assessment of three removal methods for an invasive lizard, Peters' rock agama (Agama picticauda)","Frontiers in Amphibian and Reptile Science","","","","","","2026","2026-06-21 20:16:11","2026-06-21 20:16:11","","1699230","","","4","","","","","","","","Frontiers","","","","","","","","","","","","","","","","","","","","","","","","","","","","","","","","","","","","","","","","","","","","","","","","","","","","","","","","","","","",""
"VJKDFRK8","journalArticle","2026","Denkowska, Anna; Szcz\c esny, Krystian; Wanat, Stanisław","Nonlinear dependencies in Solvency II: risk aggregation with deep neural networks","Risk Management","","","","","","2026","2026-06-21 20:16:11","2026-06-21 20:16:11","","10","","2","28","","","","","","","","Springer","","","","","","","","","","","","","","","","","","","","","","","","","","","","","","","","","","","","","","","","","","","","","","","","","","","","","","","","","","","",""
"CTD284HU","journalArticle","2026","Denkowska, Anna; Szcz\c esny, Krystian; Wanat, Stanisław","Nonlinear dependencies in Solvency II: risk aggregation with deep neural networks","Risk Management","","","","","","2026","2026-06-21 20:16:11","2026-06-21 20:16:11","","10","","2","28","","","","","","","","Springer","","","","","","","","","","","","","","","","","","","","","","","","","","","","","","","","","","","","","","","","","","","","","","","","","","","","","","","","","","","",""
"UURNMG5D","journalArticle","2026","Dura, Valentin; Evin, Guillaume; Favre, Anne-Catherine; Penot, David","Improving precipitation interpolation using anisotropic variograms derived from convection-permitting regional climate model simulations","Hydrology and Earth System Sciences","","","","","","2026","2026-06-21 20:16:11","2026-06-21 20:16:11","","2953–2971","","10","30","","","","","","","","Copernicus Publications Göttingen, Germany","","","","","","","","","","","","","","","","","","","","","","","","","","","","","","","","","","","","","","","","","","","","","","","","","","","","","","","","","","","",""
"3PQHPEFH","journalArticle","2026","Dura, Valentin; Evin, Guillaume; Favre, Anne-Catherine; Penot, David","Improving precipitation interpolation using anisotropic variograms derived from convection-permitting regional climate model simulations","Hydrology and Earth System Sciences","","","","","","2026","2026-06-21 20:16:12","2026-06-21 20:16:12","","2953–2971","","10","30","","","","","","","","Copernicus Publications Göttingen, Germany","","","","","","","","","","","","","","","","","","","","","","","","","","","","","","","","","","","","","","","","","","","","","","","","","","","","","","","","","","","",""
"HHYEN4DD","journalArticle","2026","Wong, Cydney A; Read, A Thomas; Li, Guorong; Loveless, Amia; Fraticelli-Guzmán, Nina Sara; Feola, Andrew J; Sulchek, Todd; Stamer, W Daniel; Ethier, C Ross","Segmental outflow and trabecular meshwork stiffness in an ocular hypertensive mouse model","bioRxiv","","","","","","2026","2026-06-21 20:16:12","2026-06-21 20:16:12","","","","","","","","","","","","","","","","","","","","","","","","","","","","","","","","","","","","","","","","","","","","","","","","","","","","","","","","","","","","","","","","","","","","","","","","",""
"SKBVQ7HJ","journalArticle","2026","Wong, Cydney A; Read, A Thomas; Li, Guorong; Loveless, Amia; Fraticelli-Guzmán, Nina Sara; Feola, Andrew J; Sulchek, Todd; Stamer, W Daniel; Ethier, C Ross","Segmental outflow and trabecular meshwork stiffness in an ocular hypertensive mouse model","bioRxiv","","","","","","2026","2026-06-21 20:16:12","2026-06-21 20:16:12","","","","","","","","","","","","","","","","","","","","","","","","","","","","","","","","","","","","","","","","","","","","","","","","","","","","","","","","","","","","","","","","","","","","","","","","",""
"3Z8YRNCC","journalArticle","2026","Peng, Shijia; Inouye, Brian D; Ramirez-Parada, Tadeo; Mazer, Susan J; Record, Sydne; Ellison, Aaron M; Davis, Charles C","Herbarium specimens reliably track plant phenological responses to climate change in understudied montane biomes","bioRxiv","","","","","","2026","2026-06-21 20:16:12","2026-06-21 20:16:12","","2026–03","","","","","","","","","","","Cold Spring Harbor Laboratory","","","","","","","","","","","","","","","","","","","","","","","","","","","","","","","","","","","","","","","","","","","","","","","","","","","","","","","","","","","",""
"IYCZH6D9","journalArticle","2026","Peng, Shijia; Inouye, Brian D; Ramirez-Parada, Tadeo; Mazer, Susan J; Record, Sydne; Ellison, Aaron M; Davis, Charles C","Herbarium specimens reliably track plant phenological responses to climate change in understudied montane biomes","bioRxiv","","","","","","2026","2026-06-21 20:16:12","2026-06-21 20:16:12","","2026–03","","","","","","","","","","","Cold Spring Harbor Laboratory","","","","","","","","","","","","","","","","","","","","","","","","","","","","","","","","","","","","","","","","","","","","","","","","","","","","","","","","","","","",""
"RLL66ABP","journalArticle","2026","Christensen, Alexander P; Choi, Jeongwon","Network Accuracy Across Levels of Analysis Using Stochastic Block Models","","","","","","","2026","2026-06-21 20:16:12","2026-06-21 20:16:12","","","","","","","","","","","","","","","","","","","","","","","","","","","","","","","","","","","","","","","","","","","","","","","","","","","","","","","","","","","","","","","","","","","","","","","","",""
"47S63SLC","journalArticle","2026","Christensen, Alexander P; Choi, Jeongwon","Network Accuracy Across Levels of Analysis Using Stochastic Block Models","","","","","","","2026","2026-06-21 20:16:12","2026-06-21 20:16:12","","","","","","","","","","","","","","","","","","","","","","","","","","","","","","","","","","","","","","","","","","","","","","","","","","","","","","","","","","","","","","","","","","","","","","","","",""
"DL9Y3ZEJ","journalArticle","2026","Rivera-Ruiz, David Alfonso; Flores-Martínez, José Juan; Rosales, Carlos; Falcón, Luisa I; Gaona, Osiris; de la Cruz, Marco Tulio Solano; others","Host-microbiota association in a migratory species: Constitutive humoral immunity in the partially migratory bat Leptonycteris yerbabuenae is linked to the gut microbiota in a sex-specific manner","","","","","","","2026","2026-06-21 20:16:12","2026-06-21 20:16:12","","","","","","","","","","","","","","","","","","","","","","","","","","","","","","","","","","","","","","","","","","","","","","","","","","","","","","","","","","","","","","","","","","","","","","","","",""
"BF5BMP3X","journalArticle","2026","Rivera-Ruiz, David Alfonso; Flores-Martínez, José Juan; Rosales, Carlos; Falcón, Luisa I; Gaona, Osiris; de la Cruz, Marco Tulio Solano; others","Host-microbiota association in a migratory species: Constitutive humoral immunity in the partially migratory bat Leptonycteris yerbabuenae is linked to the gut microbiota in a sex-specific manner","","","","","","","2026","2026-06-21 20:16:12","2026-06-21 20:16:12","","","","","","","","","","","","","","","","","","","","","","","","","","","","","","","","","","","","","","","","","","","","","","","","","","","","","","","","","","","","","","","","","","","","","","","","",""
"GMUGWRYM","thesis","2026","Hart-Pomerantz, Hannah","Open Versus Closed-Loop Transcranial Direct Current Stimulation (tDCS) to Enhance Multitasking Ability","","","","","","","2026","2026-06-21 20:16:12","2026-06-21 20:16:12","","","","","","","","","","","","","Tufts University","","","","Master's Thesis","","","","","","","","","","","","","","","","","","","","","","","","","","","","","","","","","","","","","","","","","","","","","","","","","","","","","","","",""
"EYPCD59G","thesis","2026","Hart-Pomerantz, Hannah","Open Versus Closed-Loop Transcranial Direct Current Stimulation (tDCS) to Enhance Multitasking Ability","","","","","","","2026","2026-06-21 20:16:12","2026-06-21 20:16:12","","","","","","","","","","","","","Tufts University","","","","Master's Thesis","","","","","","","","","","","","","","","","","","","","","","","","","","","","","","","","","","","","","","","","","","","","","","","","","","","","","","","",""
"BKXY9J6F","journalArticle","2026","Crépeault, Olivier","Comparaison des génomes des microalgues vertes planctoniques: Pycnococcus provasolii et Pseudoscourfieldia marina","","","","","","","2026","2026-06-21 20:16:12","2026-06-21 20:16:12","","","","","","","","","","","","","","","","","","","","","","","","","","","","","","","","","","","","","","","","","","","","","","","","","","","","","","","","","","","","","","","","","","","","","","","","",""
"XPD5DFC5","journalArticle","2026","Crépeault, Olivier","Comparaison des génomes des microalgues vertes planctoniques: Pycnococcus provasolii et Pseudoscourfieldia marina","","","","","","","2026","2026-06-21 20:16:12","2026-06-21 20:16:12","","","","","","","","","","","","","","","","","","","","","","","","","","","","","","","","","","","","","","","","","","","","","","","","","","","","","","","","","","","","","","","","","","","","","","","","",""
"JP9NTCXT","journalArticle","2026","Kristóf, Szabados","Do Developers Have Agency? A Longitudinal Study Revealing a Separation in how Software Systems Evolve Using 65,987 Popular Open Source Projects on GitHub","Acta Universitatis Sapientiae, Informatica","","","","","","2026","2026-06-21 20:16:12","2026-06-21 20:16:12","","6","","1","18","","","","","","","","Springer","","","","","","","","","","","","","","","","","","","","","","","","","","","","","","","","","","","","","","","","","","","","","","","","","","","","","","","","","","","",""
"TZH5APP9","journalArticle","2026","Kristóf, Szabados","Do Developers Have Agency? A Longitudinal Study Revealing a Separation in how Software Systems Evolve Using 65,987 Popular Open Source Projects on GitHub","Acta Universitatis Sapientiae, Informatica","","","","","","2026","2026-06-21 20:16:12","2026-06-21 20:16:12","","6","","1","18","","","","","","","","Springer","","","","","","","","","","","","","","","","","","","","","","","","","","","","","","","","","","","","","","","","","","","","","","","","","","","","","","","","","","","",""
"XDZBYEL4","journalArticle","2026","Pérez-De-Gregorio, Pol; Monjo, Robert","How Frequent Is an Extraordinary Episode of Precipitation? Spatially-Integrated Frequency in the Júcar-Turia System (Spain)","","","","","","","2026","2026-06-21 20:16:12","2026-06-21 20:16:12","","","","","","","","","","","","","Preprints","","","","","","","","","","","","","","","","","","","","","","","","","","","","","","","","","","","","","","","","","","","","","","","","","","","","","","","","","","","",""
"5BNJIDF2","journalArticle","2026","Pérez-De-Gregorio, Pol; Monjo, Robert","How Frequent Is an Extraordinary Episode of Precipitation? Spatially-Integrated Frequency in the Júcar-Turia System (Spain)","","","","","","","2026","2026-06-21 20:16:12","2026-06-21 20:16:12","","","","","","","","","","","","","Preprints","","","","","","","","","","","","","","","","","","","","","","","","","","","","","","","","","","","","","","","","","","","","","","","","","","","","","","","","","","","",""
"NB93Y9UR","journalArticle","2026","Ayala-Franco, Ana; Amancio, Guadalupe; Hurtado-Reveles, Leopoldo; Martínez-Velarde, María; Ortiz-Rodriguez, Andres","Historical Changes in the Structure and Floristic Composition of a Montane Cloud Forest in Southern Mexico","","","","","","","2026","2026-06-21 20:16:12","2026-06-21 20:16:12","","","","","","","","","","","","","","","","","","","","","","","","","","","","","","","","","","","","","","","","","","","","","","","","","","","","","","","","","","","","","","","","","","","","","","","","",""
"ER85JK5B","journalArticle","2026","Ayala-Franco, Ana; Amancio, Guadalupe; Hurtado-Reveles, Leopoldo; Martínez-Velarde, María; Ortiz-Rodriguez, Andres","Historical Changes in the Structure and Floristic Composition of a Montane Cloud Forest in Southern Mexico","","","","","","","2026","2026-06-21 20:16:12","2026-06-21 20:16:12","","","","","","","","","","","","","","","","","","","","","","","","","","","","","","","","","","","","","","","","","","","","","","","","","","","","","","","","","","","","","","","","","","","","","","","","",""
"PSH5N2S2","journalArticle","2026","Belzile, Léo R","longevity: An R Package for Modelling Excess Lifetimes.","R J.","","","","","","2026","2026-06-21 20:16:12","2026-06-21 20:16:12","","37–58","","4","17","","","","","","","","","","","","","","","","","","","","","","","","","","","","","","","","","","","","","","","","","","","","","","","","","","","","","","","","","","","","","","","","","","","",""
"DSFHE8KJ","journalArticle","2026","Belzile, Léo R","longevity: An R Package for Modelling Excess Lifetimes.","R J.","","","","","","2026","2026-06-21 20:16:12","2026-06-21 20:16:12","","37–58","","4","17","","","","","","","","","","","","","","","","","","","","","","","","","","","","","","","","","","","","","","","","","","","","","","","","","","","","","","","","","","","","","","","","","","","",""
"PUAGD4Q8","journalArticle","2026","Skálová, Alena Jechumtál; Voříšek, Petr; Vermouzek, Zdeněk; Morelli, Federico; Reif, Jiří","Replacing a long-running common bird monitoring scheme by a new one: what predicts the correspondence of population changes between the schemes?","","","","","","","2026","2026-06-21 20:16:12","2026-06-21 20:16:12","","","","","","","","","","","","","","","","","","","","","","","","","","","","","","","","","","","","","","","","","","","","","","","","","","","","","","","","","","","","","","","","","","","","","","","","",""
"7XDVA9BD","journalArticle","2026","Skálová, Alena Jechumtál; Voříšek, Petr; Vermouzek, Zdeněk; Morelli, Federico; Reif, Jiří","Replacing a long-running common bird monitoring scheme by a new one: what predicts the correspondence of population changes between the schemes?","","","","","","","2026","2026-06-21 20:16:12","2026-06-21 20:16:12","","","","","","","","","","","","","","","","","","","","","","","","","","","","","","","","","","","","","","","","","","","","","","","","","","","","","","","","","","","","","","","","","","","","","","","","",""
"NR8I54PQ","journalArticle","2026","de La Rubia, José Moral","Asymptotic and Bootstrap Implementation of the D'Agostino-Berlanger-D'Agostino K2 Normality Test in R","Mathematics and Computer Science: Research Updates Vol. 9","","","","","","2026","2026-06-21 20:16:12","2026-06-21 20:16:12","","28–74","","","","","","","","","","","BP International","","","","","","","","","","","","","","","","","","","","","","","","","","","","","","","","","","","","","","","","","","","","","","","","","","","","","","","","","","","",""
"LRAC4GYU","journalArticle","2026","de La Rubia, José Moral","Asymptotic and Bootstrap Implementation of the D'Agostino-Berlanger-D'Agostino K2 Normality Test in R","Mathematics and Computer Science: Research Updates Vol. 9","","","","","","2026","2026-06-21 20:16:12","2026-06-21 20:16:12","","28–74","","","","","","","","","","","BP International","","","","","","","","","","","","","","","","","","","","","","","","","","","","","","","","","","","","","","","","","","","","","","","","","","","","","","","","","","","",""
"XMNDTS97","bookSection","2026","Wollschläger, Daniel","Lineare Regression","Grundlagen der Datenanalyse mit R: Eine anwendungsorientierte Einführung","","","","","","2026","2026-06-21 20:16:12","2026-06-21 20:16:12","","261–297","","","","","","","","","","","Springer","","","","","","","","","","","","","","","","","","","","","","","","","","","","","","","","","","","","","","","","","","","","","","","","","","","","","","","","","","","",""
"KCZVVFQE","bookSection","2026","Wollschläger, Daniel","Lineare Regression","Grundlagen der Datenanalyse mit R: Eine anwendungsorientierte Einführung","","","","","","2026","2026-06-21 20:16:12","2026-06-21 20:16:12","","261–297","","","","","","","","","","","Springer","","","","","","","","","","","","","","","","","","","","","","","","","","","","","","","","","","","","","","","","","","","","","","","","","","","","","","","","","","","",""
"GYB9VRHT","journalArticle","2026","Colchen, Tatiana; Ledoré, Yannick; Gharnit, Elouana; Serranito, Bruno; Lamoureux, Jézabel; Pasquet, Alain; Teletchea, Fabrice","Cannibalism is linked to exploratory trait in perch Perca fluviatilis larvae","Cybium: Revue Internationale d'Ichtyologie","","","","","","2026","2026-06-21 20:16:12","2026-06-21 20:16:12","","","","","","","","","","","","","","","","","","","","","","","","","","","","","","","","","","","","","","","","","","","","","","","","","","","","","","","","","","","","","","","","","","","","","","","","",""
"78DP93X2","journalArticle","2026","Colchen, Tatiana; Ledoré, Yannick; Gharnit, Elouana; Serranito, Bruno; Lamoureux, Jézabel; Pasquet, Alain; Teletchea, Fabrice","Cannibalism is linked to exploratory trait in perch Perca fluviatilis larvae","Cybium: Revue Internationale d'Ichtyologie","","","","","","2026","2026-06-21 20:16:12","2026-06-21 20:16:12","","","","","","","","","","","","","","","","","","","","","","","","","","","","","","","","","","","","","","","","","","","","","","","","","","","","","","","","","","","","","","","","","","","","","","","","",""
"MM22QBI2","thesis","2026","Christensen, Tyler C","Spatial Ecology and Multilevel, Multiscale Habitat Relationships of Eastern Copperheads (Agkistrodon contortrix)","","","","","","","2026","2026-06-21 20:16:12","2026-06-21 20:16:12","","","","","","","","","","","","","Rutgers The State University of New Jersey, School of Graduate Studies","","","","PhD Thesis","","","","","","","","","","","","","","","","","","","","","","","","","","","","","","","","","","","","","","","","","","","","","","","","","","","","","","","",""
"I8BAKI8K","thesis","2026","Christensen, Tyler C","Spatial Ecology and Multilevel, Multiscale Habitat Relationships of Eastern Copperheads (Agkistrodon contortrix)","","","","","","","2026","2026-06-21 20:16:12","2026-06-21 20:16:12","","","","","","","","","","","","","Rutgers The State University of New Jersey, School of Graduate Studies","","","","PhD Thesis","","","","","","","","","","","","","","","","","","","","","","","","","","","","","","","","","","","","","","","","","","","","","","","","","","","","","","","",""
"BSTVSN3M","thesis","2026","El Capítulo, I","Soluciones basadas en la Naturaleza aplicadas al manejo de un arroyo urbano desde un abordaje transdisciplinario","","","","","","","2026","2026-06-21 20:16:12","2026-06-21 20:16:12","","","","","","","","","","","","","Universidad de Buenos Aires","","","","PhD Thesis","","","","","","","","","","","","","","","","","","","","","","","","","","","","","","","","","","","","","","","","","","","","","","","","","","","","","","","",""
"JFVLCKTG","thesis","2026","El Capítulo, I","Soluciones basadas en la Naturaleza aplicadas al manejo de un arroyo urbano desde un abordaje transdisciplinario","","","","","","","2026","2026-06-21 20:16:12","2026-06-21 20:16:12","","","","","","","","","","","","","Universidad de Buenos Aires","","","","PhD Thesis","","","","","","","","","","","","","","","","","","","","","","","","","","","","","","","","","","","","","","","","","","","","","","","","","","","","","","","",""
"2H6F9DYD","journalArticle","2026","Katsko, DI; Kuznetsov, EV","Impact of distribution laws on the stability factor with the application of Monte Carlo method","Architecture, Construction, Transport","","","","","","2026","2026-06-21 20:16:12","2026-06-21 20:16:12","","66–76","","1","6","","","","","","","","","","","","","","","","","","","","","","","","","","","","","","","","","","","","","","","","","","","","","","","","","","","","","","","","","","","","","","","","","","","",""
"VKCEXRZ3","journalArticle","2026","Katsko, DI; Kuznetsov, EV","Impact of distribution laws on the stability factor with the application of Monte Carlo method","Architecture, Construction, Transport","","","","","","2026","2026-06-21 20:16:12","2026-06-21 20:16:12","","66–76","","1","6","","","","","","","","","","","","","","","","","","","","","","","","","","","","","","","","","","","","","","","","","","","","","","","","","","","","","","","","","","","","","","","","","","","",""
"9H8H6FUJ","journalArticle","2026","Castillo, Iñaki Del Amo","Integrated Desalination, CO2 Capture, andEcosystem Regenerationin the Afar Depression.","","","","","","","2026","2026-06-21 20:16:12","2026-06-21 20:16:12","","","","","","","","","","","","","","","","","","","","","","","","","","","","","","","","","","","","","","","","","","","","","","","","","","","","","","","","","","","","","","","","","","","","","","","","",""
"VF8YFI3X","journalArticle","2026","Castillo, Iñaki Del Amo","Integrated Desalination, CO2 Capture, andEcosystem Regenerationin the Afar Depression.","","","","","","","2026","2026-06-21 20:16:12","2026-06-21 20:16:12","","","","","","","","","","","","","","","","","","","","","","","","","","","","","","","","","","","","","","","","","","","","","","","","","","","","","","","","","","","","","","","","","","","","","","","","",""
"4634YSVH","journalArticle","2026","Yang, Yingying; Dousti Mousavi, Niloufar; Yu, Zhou; Yang, Jie","From Poisson observations to fitted negative binomial distribution: Y. Yang et al.","Statistical Papers","","","","","","2026","2026-06-21 20:16:12","2026-06-21 20:16:12","","62","","3","67","","","","","","","","Springer","","","","","","","","","","","","","","","","","","","","","","","","","","","","","","","","","","","","","","","","","","","","","","","","","","","","","","","","","","","",""
"ZJMZEDZU","journalArticle","2026","Yang, Yingying; Dousti Mousavi, Niloufar; Yu, Zhou; Yang, Jie","From Poisson observations to fitted negative binomial distribution: Y. Yang et al.","Statistical Papers","","","","","","2026","2026-06-21 20:16:12","2026-06-21 20:16:12","","62","","3","67","","","","","","","","Springer","","","","","","","","","","","","","","","","","","","","","","","","","","","","","","","","","","","","","","","","","","","","","","","","","","","","","","","","","","","",""
"KIQNGLGL","bookSection","2026","Wollschläger, Daniel","Elementare Dateneingabe und-verarbeitung","Grundlagen der Datenanalyse mit R: Eine anwendungsorientierte Einführung","","","","","","2026","2026-06-21 20:16:12","2026-06-21 20:16:12","","35–154","","","","","","","","","","","Springer","","","","","","","","","","","","","","","","","","","","","","","","","","","","","","","","","","","","","","","","","","","","","","","","","","","","","","","","","","","",""
"2EXFJLRI","bookSection","2026","Wollschläger, Daniel","Elementare Dateneingabe und-verarbeitung","Grundlagen der Datenanalyse mit R: Eine anwendungsorientierte Einführung","","","","","","2026","2026-06-21 20:16:12","2026-06-21 20:16:12","","35–154","","","","","","","","","","","Springer","","","","","","","","","","","","","","","","","","","","","","","","","","","","","","","","","","","","","","","","","","","","","","","","","","","","","","","","","","","",""
"LNG6UKQF","bookSection","2026","Wollschläger, Daniel","Diagramme mit ggplot2","Grundlagen der Datenanalyse mit R: Eine anwendungsorientierte Einführung","","","","","","2026","2026-06-21 20:16:12","2026-06-21 20:16:12","","719–755","","","","","","","","","","","Springer","","","","","","","","","","","","","","","","","","","","","","","","","","","","","","","","","","","","","","","","","","","","","","","","","","","","","","","","","","","",""
"E94CVDG9","bookSection","2026","Wollschläger, Daniel","Diagramme mit ggplot2","Grundlagen der Datenanalyse mit R: Eine anwendungsorientierte Einführung","","","","","","2026","2026-06-21 20:16:12","2026-06-21 20:16:12","","719–755","","","","","","","","","","","Springer","","","","","","","","","","","","","","","","","","","","","","","","","","","","","","","","","","","","","","","","","","","","","","","","","","","","","","","","","","","",""
"FB6AUXWM","journalArticle","2026","Zazio, Agnese; Guidali, Giacomo; Lanza, Cora Miranda; Dognini, Elisa; Mancini, Christian; Meloni, Serena; Borroni, Barbara; Rossi, Roberta; Bolognini, Nadia; Bortoletto, Marta","Cortical plasticity of the tactile mirror system in borderline personality disorder","bioRxiv","","","","","","2026","2026-06-21 20:16:12","2026-06-21 20:16:12","","2026–01","","","","","","","","","","","Cold Spring Harbor Laboratory","","","","","","","","","","","","","","","","","","","","","","","","","","","","","","","","","","","","","","","","","","","","","","","","","","","","","","","","","","","",""
"35FAY5SD","journalArticle","2026","Zazio, Agnese; Guidali, Giacomo; Lanza, Cora Miranda; Dognini, Elisa; Mancini, Christian; Meloni, Serena; Borroni, Barbara; Rossi, Roberta; Bolognini, Nadia; Bortoletto, Marta","Cortical plasticity of the tactile mirror system in borderline personality disorder","bioRxiv","","","","","","2026","2026-06-21 20:16:12","2026-06-21 20:16:12","","2026–01","","","","","","","","","","","Cold Spring Harbor Laboratory","","","","","","","","","","","","","","","","","","","","","","","","","","","","","","","","","","","","","","","","","","","","","","","","","","","","","","","","","","","",""
"HJZZI543","journalArticle","2026","Niemi, Ronja","Keltasompasammalen (Splachnum luteum) lisääntymisfenologian muutokset","","","","","","","2026","2026-06-21 20:16:12","2026-06-21 20:16:12","","","","","","","","","","","","","","","","","","","","","","","","","","","","","","","","","","","","","","","","","","","","","","","","","","","","","","","","","","","","","","","","","","","","","","","","",""
"X9VTHJMR","journalArticle","2026","Niemi, Ronja","Keltasompasammalen (Splachnum luteum) lisääntymisfenologian muutokset","","","","","","","2026","2026-06-21 20:16:12","2026-06-21 20:16:12","","","","","","","","","","","","","","","","","","","","","","","","","","","","","","","","","","","","","","","","","","","","","","","","","","","","","","","","","","","","","","","","","","","","","","","","",""
"B82JKNJP","journalArticle","","Victoria, Mauricio","Synthetic Design Hyetographs Under Non-Stationary Climate Conditions: A Microcanonical Multiplicative Cascade Model with GEV-GAMLSS Frequency Analysis and ENSO Covariate for the Colombian Andes","","","","","","","","2026-06-21 20:16:12","2026-06-21 20:16:12","","","","","","","","","","","","","Engineering Archive","","","","","","","","","","","","","","","","","","","","","","","","","","","","","","","","","","","","","","","","","","","","","","","","","","","","","","","","","","","",""
"HUN5FY8H","journalArticle","","Victoria, Mauricio","Synthetic Design Hyetographs Under Non-Stationary Climate Conditions: A Microcanonical Multiplicative Cascade Model with GEV-GAMLSS Frequency Analysis and ENSO Covariate for the Colombian Andes","","","","","","","","2026-06-21 20:16:12","2026-06-21 20:16:12","","","","","","","","","","","","","Engineering Archive","","","","","","","","","","","","","","","","","","","","","","","","","","","","","","","","","","","","","","","","","","","","","","","","","","","","","","","","","","","",""
"7VP2PPK5","journalArticle","","Sanchez-Marquez, Rafael","A practical step-by-step distribution-free methodology for multivariate process capability index estimation","Available at SSRN 6789265","","","","","","","2026-06-21 20:16:12","2026-06-21 20:16:12","","","","","","","","","","","","","","","","","","","","","","","","","","","","","","","","","","","","","","","","","","","","","","","","","","","","","","","","","","","","","","","","","","","","","","","","",""
"II7V77Y4","journalArticle","","Sanchez-Marquez, Rafael","A practical step-by-step distribution-free methodology for multivariate process capability index estimation","Available at SSRN 6789265","","","","","","","2026-06-21 20:16:12","2026-06-21 20:16:12","","","","","","","","","","","","","","","","","","","","","","","","","","","","","","","","","","","","","","","","","","","","","","","","","","","","","","","","","","","","","","","","","","","","","","","","",""
"U4H5NQVM","journalArticle","","Meyer, Lothar; Peukert, Maximilian; Kohv, Teele; Josefsson, Billy; Tamm, Maria","Investigating Monotony in Air Traffic Control Towers: Comparing a Small and Medium-sized Airport","","","","","","","","2026-06-21 20:16:12","2026-06-21 20:16:12","","","","","","","","","","","","","OSF","","","","","","","","","","","","","","","","","","","","","","","","","","","","","","","","","","","","","","","","","","","","","","","","","","","","","","","","","","","",""
"GZLPCWZV","journalArticle","","Meyer, Lothar; Peukert, Maximilian; Kohv, Teele; Josefsson, Billy; Tamm, Maria","Investigating Monotony in Air Traffic Control Towers: Comparing a Small and Medium-sized Airport","","","","","","","","2026-06-21 20:16:12","2026-06-21 20:16:12","","","","","","","","","","","","","OSF","","","","","","","","","","","","","","","","","","","","","","","","","","","","","","","","","","","","","","","","","","","","","","","","","","","","","","","","","","","",""
"N5F2EIRE","journalArticle","","Doohan, Patrick; Johnson, Rob; Løchen, Alessandra; Morgenstern, Christian; Haw, David; Sabino, Alice; Patouillard, Edith; Forchini, Giovanni; Hauck, Katharina D","Supplementary Information Mitigating Future Respiratory Pandemics in Low-, Middle-and High-Income Countries: A Modelling Study of Health, Economic and Educational Losses","","","","","","","","2026-06-21 20:16:12","2026-06-21 20:16:12","","","","","","","","","","","","","","","","","","","","","","","","","","","","","","","","","","","","","","","","","","","","","","","","","","","","","","","","","","","","","","","","","","","","","","","","",""
"UWJB39WX","journalArticle","","Doohan, Patrick; Johnson, Rob; Løchen, Alessandra; Morgenstern, Christian; Haw, David; Sabino, Alice; Patouillard, Edith; Forchini, Giovanni; Hauck, Katharina D","Supplementary Information Mitigating Future Respiratory Pandemics in Low-, Middle-and High-Income Countries: A Modelling Study of Health, Economic and Educational Losses","","","","","","","","2026-06-21 20:16:12","2026-06-21 20:16:12","","","","","","","","","","","","","","","","","","","","","","","","","","","","","","","","","","","","","","","","","","","","","","","","","","","","","","","","","","","","","","","","","","","","","","","","",""
"8LPFH69C","journalArticle","2026","Barakat, HM; Khaled, OM; Ghonem, Hadeer A; Ghonem, Maintainer Hadeer A; LazyData, TRUE","Package `PredictionR'","Journal of Statistical Software","","","","","","2026","2026-06-21 20:16:12","2026-06-21 20:16:12","","1–34","","4","64","","","","","","","","","","","","","","","","","","","","","","","","","","","","","","","","","","","","","","","","","","","","","","","","","","","","","","","","","","","","","","","","","","","",""
"ZSXUA9DK","journalArticle","2026","Barakat, HM; Khaled, OM; Ghonem, Hadeer A; Ghonem, Maintainer Hadeer A; LazyData, TRUE","Package `PredictionR'","Journal of Statistical Software","","","","","","2026","2026-06-21 20:16:12","2026-06-21 20:16:12","","1–34","","4","64","","","","","","","","","","","","","","","","","","","","","","","","","","","","","","","","","","","","","","","","","","","","","","","","","","","","","","","","","","","","","","","","","","","",""
"X32ZEMX7","bookSection","2026","Wollschläger, Daniel","Klassische nonparametrische Methoden","Grundlagen der Datenanalyse mit R: Eine anwendungsorientierte Einführung","","","","","","2026","2026-06-21 20:16:12","2026-06-21 20:16:12","","469–525","","","","","","","","","","","Springer","","","","","","","","","","","","","","","","","","","","","","","","","","","","","","","","","","","","","","","","","","","","","","","","","","","","","","","","","","","",""
"NLSKQEQW","bookSection","2026","Wollschläger, Daniel","Klassische nonparametrische Methoden","Grundlagen der Datenanalyse mit R: Eine anwendungsorientierte Einführung","","","","","","2026","2026-06-21 20:16:12","2026-06-21 20:16:12","","469–525","","","","","","","","","","","Springer","","","","","","","","","","","","","","","","","","","","","","","","","","","","","","","","","","","","","","","","","","","","","","","","","","","","","","","","","","","",""
"9WEXZEQM","bookSection","2026","Wollschläger, Daniel","t-Tests und Varianzanalysen","Grundlagen der Datenanalyse mit R: Eine anwendungsorientierte Einführung","","","","","","2026","2026-06-21 20:16:12","2026-06-21 20:16:12","","299–391","","","","","","","","","","","Springer","","","","","","","","","","","","","","","","","","","","","","","","","","","","","","","","","","","","","","","","","","","","","","","","","","","","","","","","","","","",""
"BGTRXIJQ","bookSection","2026","Wollschläger, Daniel","t-Tests und Varianzanalysen","Grundlagen der Datenanalyse mit R: Eine anwendungsorientierte Einführung","","","","","","2026","2026-06-21 20:16:12","2026-06-21 20:16:12","","299–391","","","","","","","","","","","Springer","","","","","","","","","","","","","","","","","","","","","","","","","","","","","","","","","","","","","","","","","","","","","","","","","","","","","","","","","","","",""
"H6NDGKTJ","bookSection","2026","Wollschläger, Daniel","Multivariate Verfahren","Grundlagen der Datenanalyse mit R: Eine anwendungsorientierte Einführung","","","","","","2026","2026-06-21 20:16:12","2026-06-21 20:16:12","","551–633","","","","","","","","","","","Springer","","","","","","","","","","","","","","","","","","","","","","","","","","","","","","","","","","","","","","","","","","","","","","","","","","","","","","","","","","","",""
"D4YGNYXE","bookSection","2026","Wollschläger, Daniel","Multivariate Verfahren","Grundlagen der Datenanalyse mit R: Eine anwendungsorientierte Einführung","","","","","","2026","2026-06-21 20:16:12","2026-06-21 20:16:12","","551–633","","","","","","","","","","","Springer","","","","","","","","","","","","","","","","","","","","","","","","","","","","","","","","","","","","","","","","","","","","","","","","","","","","","","","","","","","",""
"6VALDJL8","bookSection","2026","Wollschläger, Daniel","Erste Schritte","Grundlagen der Datenanalyse mit R: Eine anwendungsorientierte Einführung","","","","","","2026","2026-06-21 20:16:12","2026-06-21 20:16:12","","1–34","","","","","","","","","","","Springer","","","","","","","","","","","","","","","","","","","","","","","","","","","","","","","","","","","","","","","","","","","","","","","","","","","","","","","","","","","",""
"C8VIGFLP","bookSection","2026","Wollschläger, Daniel","Erste Schritte","Grundlagen der Datenanalyse mit R: Eine anwendungsorientierte Einführung","","","","","","2026","2026-06-21 20:16:12","2026-06-21 20:16:12","","1–34","","","","","","","","","","","Springer","","","","","","","","","","","","","","","","","","","","","","","","","","","","","","","","","","","","","","","","","","","","","","","","","","","","","","","","","","","",""
"WNJEI9TS","bookSection","2026","Wollschläger, Daniel","R als Programmiersprache","Grundlagen der Datenanalyse mit R: Eine anwendungsorientierte Einführung","","","","","","2026","2026-06-21 20:16:12","2026-06-21 20:16:12","","775–802","","","","","","","","","","","Springer","","","","","","","","","","","","","","","","","","","","","","","","","","","","","","","","","","","","","","","","","","","","","","","","","","","","","","","","","","","",""
"4DPI47BL","bookSection","2026","Wollschläger, Daniel","R als Programmiersprache","Grundlagen der Datenanalyse mit R: Eine anwendungsorientierte Einführung","","","","","","2026","2026-06-21 20:16:12","2026-06-21 20:16:12","","775–802","","","","","","","","","","","Springer","","","","","","","","","","","","","","","","","","","","","","","","","","","","","","","","","","","","","","","","","","","","","","","","","","","","","","","","","","","",""
"L5VCIBF7","journalArticle","","Gertz, Marvin; Krieter, Joachim","Perspektive Tierwohl–welchen Nutzen haben Schlachthofbefunde?","zur Hochschultagung 2017","","","","","","","2026-06-21 20:16:12","2026-06-21 20:16:12","","101","","","","","","","","","","","","","","","","","","","","","","","","","","","","","","","","","","","","","","","","","","","","","","","","","","","","","","","","","","","","","","","","","","","","","","",""
"SKECC2LG","journalArticle","","Gertz, Marvin; Krieter, Joachim","Perspektive Tierwohl–welchen Nutzen haben Schlachthofbefunde?","zur Hochschultagung 2017","","","","","","","2026-06-21 20:16:12","2026-06-21 20:16:12","","101","","","","","","","","","","","","","","","","","","","","","","","","","","","","","","","","","","","","","","","","","","","","","","","","","","","","","","","","","","","","","","","","","","","","","","",""
"37TQBBG5","journalArticle","2025","Guo, Xinyi; Nie, Hu; Zhang, Wenwen; Li, Jiesheng; Ge, Jing; Xie, Bowen; Hu, Wenbo; Zhu, Yicheng; Zhong, Na; Zhang, Xinmei; others","Contrasting cytotoxic and regulatory T cell responses underlying distinct clinical outcomes to anti-PD-1 plus lenvatinib therapy in cancer","Cancer Cell","","","","","","2025","2026-06-21 20:16:12","2026-06-21 20:16:12","","248–268","","2","43","","","","","","","","Elsevier","","","","","","","","","","","","","","","","","","","","","","","","","","","","","","","","","","","","","","","","","","","","","","","","","","","","","","","","","","","",""
"HRDN99H9","journalArticle","2025","Guo, Xinyi; Nie, Hu; Zhang, Wenwen; Li, Jiesheng; Ge, Jing; Xie, Bowen; Hu, Wenbo; Zhu, Yicheng; Zhong, Na; Zhang, Xinmei; others","Contrasting cytotoxic and regulatory T cell responses underlying distinct clinical outcomes to anti-PD-1 plus lenvatinib therapy in cancer","Cancer Cell","","","","","","2025","2026-06-21 20:16:12","2026-06-21 20:16:12","","248–268","","2","43","","","","","","","","Elsevier","","","","","","","","","","","","","","","","","","","","","","","","","","","","","","","","","","","","","","","","","","","","","","","","","","","","","","","","","","","",""
"22WE5EC3","journalArticle","2025","Liu, Baoxiao; Scherer, Laura; van Bodegom, Peter M; Sun, Zhongxiao; Behrens, Paul","Exploring the Spatial Relationship Between Carbon Storage and Biodiversity: A Systematic Review and Meta-Analysis","Land Degradation & Development","","","","","","2025","2026-06-21 20:16:12","2026-06-21 20:16:12","","2786–2797","","8","36","","","","","","","","Wiley Online Library","","","","","","","","","","","","","","","","","","","","","","","","","","","","","","","","","","","","","","","","","","","","","","","","","","","","","","","","","","","",""
"D99HIN34","journalArticle","2025","Liu, Baoxiao; Scherer, Laura; van Bodegom, Peter M; Sun, Zhongxiao; Behrens, Paul","Exploring the Spatial Relationship Between Carbon Storage and Biodiversity: A Systematic Review and Meta-Analysis","Land Degradation & Development","","","","","","2025","2026-06-21 20:16:12","2026-06-21 20:16:12","","2786–2797","","8","36","","","","","","","","Wiley Online Library","","","","","","","","","","","","","","","","","","","","","","","","","","","","","","","","","","","","","","","","","","","","","","","","","","","","","","","","","","","",""
"999FVZ3U","journalArticle","2025","Valente, Daria; Magnard, Cecile; Koutseff, Alexis; Patural, Hugues; Chauleur, Celine; Reby, David; Pisanski, Katarzyna","Vocal communication and perception of pain in childbirth vocalizations","Philosophical Transactions of the Royal Society B: Biological Sciences","","","","","","2025","2026-06-21 20:16:12","2026-06-21 20:16:12","","20240009","","1923","380","","","","","","","","","","","","","","","","","","","","","","","","","","","","","","","","","","","","","","","","","","","","","","","","","","","","","","","","","","","","","","","","","","","",""
"68RYPCTE","journalArticle","2025","Valente, Daria; Magnard, Cecile; Koutseff, Alexis; Patural, Hugues; Chauleur, Celine; Reby, David; Pisanski, Katarzyna","Vocal communication and perception of pain in childbirth vocalizations","Philosophical Transactions of the Royal Society B: Biological Sciences","","","","","","2025","2026-06-21 20:16:12","2026-06-21 20:16:12","","20240009","","1923","380","","","","","","","","","","","","","","","","","","","","","","","","","","","","","","","","","","","","","","","","","","","","","","","","","","","","","","","","","","","","","","","","","","","",""
"92385C3P","journalArticle","2025","Machado, Nuno Bernardo; Silvestre, José Dinis; Bohne, Rolf André","Embodied GHG emissions of reinforced concrete and timber structures: Relevance, driving factors and target values","Building and Environment","","","","","","2025","2026-06-21 20:16:12","2026-06-21 20:16:12","","112753","","","275","","","","","","","","Elsevier","","","","","","","","","","","","","","","","","","","","","","","","","","","","","","","","","","","","","","","","","","","","","","","","","","","","","","","","","","","",""
"ARMYP36Z","journalArticle","2025","Machado, Nuno Bernardo; Silvestre, José Dinis; Bohne, Rolf André","Embodied GHG emissions of reinforced concrete and timber structures: Relevance, driving factors and target values","Building and Environment","","","","","","2025","2026-06-21 20:16:12","2026-06-21 20:16:12","","112753","","","275","","","","","","","","Elsevier","","","","","","","","","","","","","","","","","","","","","","","","","","","","","","","","","","","","","","","","","","","","","","","","","","","","","","","","","","","",""
"QI7TUGZG","journalArticle","2025","Wilson, Stephanie J; Megonigal, J Patrick","Nitrate reduction across soils transitioning from coastal forest to wetland are hotspots for denitrification","Soil Biology and Biochemistry","","","","","","2025","2026-06-21 20:16:12","2026-06-21 20:16:12","","109904","","","209","","","","","","","","Elsevier","","","","","","","","","","","","","","","","","","","","","","","","","","","","","","","","","","","","","","","","","","","","","","","","","","","","","","","","","","","",""
"CC39P7JN","journalArticle","2025","Wilson, Stephanie J; Megonigal, J Patrick","Nitrate reduction across soils transitioning from coastal forest to wetland are hotspots for denitrification","Soil Biology and Biochemistry","","","","","","2025","2026-06-21 20:16:12","2026-06-21 20:16:12","","109904","","","209","","","","","","","","Elsevier","","","","","","","","","","","","","","","","","","","","","","","","","","","","","","","","","","","","","","","","","","","","","","","","","","","","","","","","","","","",""
"LKN52NG8","journalArticle","2025","Bezdan, Atila; Bezdan, Jovana; Marković, Monika; Mirčetić, Dejan; Baumgertel, Aleksandar; Salvai, Andrea; Blagojević, Boško","An objective methodology for waterlogging risk assessment based on the entropy weighting method and machine learning","Catena","","","","","","2025","2026-06-21 20:16:12","2026-06-21 20:16:12","","108618","","","249","","","","","","","","Elsevier","","","","","","","","","","","","","","","","","","","","","","","","","","","","","","","","","","","","","","","","","","","","","","","","","","","","","","","","","","","",""
"YFCYA5CX","journalArticle","2025","Bezdan, Atila; Bezdan, Jovana; Marković, Monika; Mirčetić, Dejan; Baumgertel, Aleksandar; Salvai, Andrea; Blagojević, Boško","An objective methodology for waterlogging risk assessment based on the entropy weighting method and machine learning","Catena","","","","","","2025","2026-06-21 20:16:12","2026-06-21 20:16:12","","108618","","","249","","","","","","","","Elsevier","","","","","","","","","","","","","","","","","","","","","","","","","","","","","","","","","","","","","","","","","","","","","","","","","","","","","","","","","","","",""
"F6A2FI63","journalArticle","2025","Caporale, Nicolò; Castaldi, Davide; Rigoli, Marco Tullio; Cheroni, Cristina; Valenti, Alessia; Stucchi, Sarah; Lessi, Manuel; Bulgheresi, Davide; Trattaro, Sebastiano; Pezzali, Martina; others","Multiplexing cortical brain organoids for the longitudinal dissection of developmental traits at single-cell resolution","Nature methods","","","","","","2025","2026-06-21 20:16:12","2026-06-21 20:16:12","","358–370","","2","22","","","","","","","","Nature Publishing Group US New York","","","","","","","","","","","","","","","","","","","","","","","","","","","","","","","","","","","","","","","","","","","","","","","","","","","","","","","","","","","",""
"XFPZRWBS","journalArticle","2025","Caporale, Nicolò; Castaldi, Davide; Rigoli, Marco Tullio; Cheroni, Cristina; Valenti, Alessia; Stucchi, Sarah; Lessi, Manuel; Bulgheresi, Davide; Trattaro, Sebastiano; Pezzali, Martina; others","Multiplexing cortical brain organoids for the longitudinal dissection of developmental traits at single-cell resolution","Nature methods","","","","","","2025","2026-06-21 20:16:12","2026-06-21 20:16:12","","358–370","","2","22","","","","","","","","Nature Publishing Group US New York","","","","","","","","","","","","","","","","","","","","","","","","","","","","","","","","","","","","","","","","","","","","","","","","","","","","","","","","","","","",""
"JIDYCMFI","journalArticle","2025","Boisseaux, Paul; Delignette-Muller, Marie Laure; Galloway, Tamara","A quantitative environmental risk assessment for microplastics in sewage sludge applied to land","Environmental Science & Technology","","","","","","2025","2026-06-21 20:16:12","2026-06-21 20:16:12","","26526–26538","","49","59","","","","","","","","ACS Publications","","","","","","","","","","","","","","","","","","","","","","","","","","","","","","","","","","","","","","","","","","","","","","","","","","","","","","","","","","","",""
"JWZAKRSQ","journalArticle","2025","Boisseaux, Paul; Delignette-Muller, Marie Laure; Galloway, Tamara","A quantitative environmental risk assessment for microplastics in sewage sludge applied to land","Environmental Science & Technology","","","","","","2025","2026-06-21 20:16:12","2026-06-21 20:16:12","","26526–26538","","49","59","","","","","","","","ACS Publications","","","","","","","","","","","","","","","","","","","","","","","","","","","","","","","","","","","","","","","","","","","","","","","","","","","","","","","","","","","",""
"YCL8X9RR","journalArticle","2025","De Gregorio, Chiara; Valente, Daria; Cristiano, Walter; Carugati, Filippo; Prealta, Michela; Ferrario, Valeria; Raimondi, Teresa; Torti, Valeria; Ratsimbazafy, Jonah; Giacoma, Cristina; others","Singing out of tune: sexual and developmental differences in the occurrence of nonlinear phenomena in primate songs","Philosophical Transactions of the Royal Society B: Biological Sciences","","","","","","2025","2026-06-21 20:16:12","2026-06-21 20:16:12","","20240021","","1923","380","","","","","","","","","","","","","","","","","","","","","","","","","","","","","","","","","","","","","","","","","","","","","","","","","","","","","","","","","","","","","","","","","","","",""
"9P472HAI","journalArticle","2025","De Gregorio, Chiara; Valente, Daria; Cristiano, Walter; Carugati, Filippo; Prealta, Michela; Ferrario, Valeria; Raimondi, Teresa; Torti, Valeria; Ratsimbazafy, Jonah; Giacoma, Cristina; others","Singing out of tune: sexual and developmental differences in the occurrence of nonlinear phenomena in primate songs","Philosophical Transactions of the Royal Society B: Biological Sciences","","","","","","2025","2026-06-21 20:16:12","2026-06-21 20:16:12","","20240021","","1923","380","","","","","","","","","","","","","","","","","","","","","","","","","","","","","","","","","","","","","","","","","","","","","","","","","","","","","","","","","","","","","","","","","","","",""
"BH5LGAP4","journalArticle","2025","Haskell, Erin; Sigmarsdottir, Berglind; Thorisdottir, Ingibjorg Eva; Valborgarson, Audun; Aparicio, Elena Bonilla; Kiviruusu, Olli; Suvisaari, Jaana; Chang, Zheng; Ystrom, Eivind; Butwicka, Agnieszka; others","Adolescent mental health before, during, and after the COVID-19 pandemic in Iceland: a repeated, cross-sectional, population-based study","The Lancet Regional Health–Europe","","","","","","2025","2026-06-21 20:16:12","2026-06-21 20:16:12","","","","","53","","","","","","","","Elsevier","","","","","","","","","","","","","","","","","","","","","","","","","","","","","","","","","","","","","","","","","","","","","","","","","","","","","","","","","","","",""
"JKBGBVWB","journalArticle","2025","Haskell, Erin; Sigmarsdottir, Berglind; Thorisdottir, Ingibjorg Eva; Valborgarson, Audun; Aparicio, Elena Bonilla; Kiviruusu, Olli; Suvisaari, Jaana; Chang, Zheng; Ystrom, Eivind; Butwicka, Agnieszka; others","Adolescent mental health before, during, and after the COVID-19 pandemic in Iceland: a repeated, cross-sectional, population-based study","The Lancet Regional Health–Europe","","","","","","2025","2026-06-21 20:16:12","2026-06-21 20:16:12","","","","","53","","","","","","","","Elsevier","","","","","","","","","","","","","","","","","","","","","","","","","","","","","","","","","","","","","","","","","","","","","","","","","","","","","","","","","","","",""
"2U579VNU","journalArticle","2025","Nodé-Langlois, Oscar; Rolland, Eléonore; Girard-Buttoz, Cédric; Samuni, Liran; Ferrari, Pier Francesco; Wittig, Roman M; Crockford, Catherine","Social tolerance and role model diversity increase tool use learning opportunities across chimpanzee ontogeny","Communications Biology","","","","","","2025","2026-06-21 20:16:12","2026-06-21 20:16:12","","509","","1","8","","","","","","","","Nature Publishing Group UK London","","","","","","","","","","","","","","","","","","","","","","","","","","","","","","","","","","","","","","","","","","","","","","","","","","","","","","","","","","","",""
"GNUMQQFQ","journalArticle","2025","Nodé-Langlois, Oscar; Rolland, Eléonore; Girard-Buttoz, Cédric; Samuni, Liran; Ferrari, Pier Francesco; Wittig, Roman M; Crockford, Catherine","Social tolerance and role model diversity increase tool use learning opportunities across chimpanzee ontogeny","Communications Biology","","","","","","2025","2026-06-21 20:16:12","2026-06-21 20:16:12","","509","","1","8","","","","","","","","Nature Publishing Group UK London","","","","","","","","","","","","","","","","","","","","","","","","","","","","","","","","","","","","","","","","","","","","","","","","","","","","","","","","","","","",""
"RP8EMRP2","journalArticle","2025","Ferguson, Elaine A; Lugelo, Ahmed; Czupryna, Anna; Anderson, Danni; Lankester, Felix; Sikana, Lwitiko; Dushoff, Jonathan; Hampson, Katie","Improved effectiveness of vaccination campaigns against rabies by reducing spatial heterogeneity in coverage","PLoS biology","","","","","","2025","2026-06-21 20:16:12","2026-06-21 20:16:12","","e3002872","","5","23","","","","","","","","Public Library of Science San Francisco, CA USA","","","","","","","","","","","","","","","","","","","","","","","","","","","","","","","","","","","","","","","","","","","","","","","","","","","","","","","","","","","",""
"W3PTP7Y4","journalArticle","2025","Ferguson, Elaine A; Lugelo, Ahmed; Czupryna, Anna; Anderson, Danni; Lankester, Felix; Sikana, Lwitiko; Dushoff, Jonathan; Hampson, Katie","Improved effectiveness of vaccination campaigns against rabies by reducing spatial heterogeneity in coverage","PLoS biology","","","","","","2025","2026-06-21 20:16:12","2026-06-21 20:16:12","","e3002872","","5","23","","","","","","","","Public Library of Science San Francisco, CA USA","","","","","","","","","","","","","","","","","","","","","","","","","","","","","","","","","","","","","","","","","","","","","","","","","","","","","","","","","","","",""
"GREB58KB","journalArticle","2025","Junggebauer, André; Jüds, Melissa; Klarner, Bernhard; Dyckmans, Jens; Pollierer, Melanie M; Scheu, Stefan","Fungal energy channelling sustains soil animal communities across forest types and regions","Ecology Letters","","","","","","2025","2026-06-21 20:16:12","2026-06-21 20:16:12","","e70122","","5","28","","","","","","","","Wiley Online Library","","","","","","","","","","","","","","","","","","","","","","","","","","","","","","","","","","","","","","","","","","","","","","","","","","","","","","","","","","","",""
"BX9UFPIZ","journalArticle","2025","Junggebauer, André; Jüds, Melissa; Klarner, Bernhard; Dyckmans, Jens; Pollierer, Melanie M; Scheu, Stefan","Fungal energy channelling sustains soil animal communities across forest types and regions","Ecology Letters","","","","","","2025","2026-06-21 20:16:12","2026-06-21 20:16:12","","e70122","","5","28","","","","","","","","Wiley Online Library","","","","","","","","","","","","","","","","","","","","","","","","","","","","","","","","","","","","","","","","","","","","","","","","","","","","","","","","","","","",""
"GAPDK2NQ","journalArticle","2025","Xia, Cong; Hu, Shougeng; Hu, Zongnan; Yan, Yanyun; Carrasco, L Roman","Biodiversity-rich recreational areas near cities as a nature-based mental health solution","Nature Cities","","","","","","2025","2026-06-21 20:16:12","2026-06-21 20:16:12","","532–542","","6","2","","","","","","","","Nature Publishing Group US New York","","","","","","","","","","","","","","","","","","","","","","","","","","","","","","","","","","","","","","","","","","","","","","","","","","","","","","","","","","","",""
"J493W3NN","journalArticle","2025","Xia, Cong; Hu, Shougeng; Hu, Zongnan; Yan, Yanyun; Carrasco, L Roman","Biodiversity-rich recreational areas near cities as a nature-based mental health solution","Nature Cities","","","","","","2025","2026-06-21 20:16:12","2026-06-21 20:16:12","","532–542","","6","2","","","","","","","","Nature Publishing Group US New York","","","","","","","","","","","","","","","","","","","","","","","","","","","","","","","","","","","","","","","","","","","","","","","","","","","","","","","","","","","",""
"54ACWL96","journalArticle","2025","Li, Yudi; Armstrong, Alona; Simmons, Christopher; Krasner, Noah Z; Hernandez, Rebecca R","Ecological impacts of single-axis photovoltaic solar energy with periodic mowing on microclimate and vegetation","Frontiers in Sustainability","","","","","","2025","2026-06-21 20:16:12","2026-06-21 20:16:12","","1497256","","","6","","","","","","","","Frontiers Media SA","","","","","","","","","","","","","","","","","","","","","","","","","","","","","","","","","","","","","","","","","","","","","","","","","","","","","","","","","","","",""
"KIYJPUJX","journalArticle","2025","Li, Yudi; Armstrong, Alona; Simmons, Christopher; Krasner, Noah Z; Hernandez, Rebecca R","Ecological impacts of single-axis photovoltaic solar energy with periodic mowing on microclimate and vegetation","Frontiers in Sustainability","","","","","","2025","2026-06-21 20:16:12","2026-06-21 20:16:12","","1497256","","","6","","","","","","","","Frontiers Media SA","","","","","","","","","","","","","","","","","","","","","","","","","","","","","","","","","","","","","","","","","","","","","","","","","","","","","","","","","","","",""
"BZNPJ65X","journalArticle","2025","Hobeika, Christian; Ronot, Maxime; Guiu, Boris; Ferraioli, Giovanna; Iijima, Hiroko; Tada, Toshifumi; Lee, Dong Ho; Kuroda, Hidekatsu; Lee, Young Hwan; Lee, Jeong Min; others","Ultrasound-based steatosis grading system using 2D-attenuation imaging: an individual patient data meta-analysis with external validation","Hepatology","","","","","","2025","2026-06-21 20:16:12","2026-06-21 20:16:12","","212–227","","1","81","","","","","","","","LWW","","","","","","","","","","","","","","","","","","","","","","","","","","","","","","","","","","","","","","","","","","","","","","","","","","","","","","","","","","","",""
"Z5K7947W","journalArticle","2025","Hobeika, Christian; Ronot, Maxime; Guiu, Boris; Ferraioli, Giovanna; Iijima, Hiroko; Tada, Toshifumi; Lee, Dong Ho; Kuroda, Hidekatsu; Lee, Young Hwan; Lee, Jeong Min; others","Ultrasound-based steatosis grading system using 2D-attenuation imaging: an individual patient data meta-analysis with external validation","Hepatology","","","","","","2025","2026-06-21 20:16:12","2026-06-21 20:16:12","","212–227","","1","81","","","","","","","","LWW","","","","","","","","","","","","","","","","","","","","","","","","","","","","","","","","","","","","","","","","","","","","","","","","","","","","","","","","","","","",""
"2S9ZUQU5","journalArticle","2025","Mirmahdi, Razieh Sadat; Dicker, Samantha L; Yusuf, Nuradeen Garba; Montazeri, Naim","Navigating uncertainties in RT-qPCR and infectivity assessment of norovirus","Food and Environmental Virology","","","","","","2025","2026-06-21 20:16:12","2026-06-21 20:16:12","","22","","1","17","","","","","","","","Springer","","","","","","","","","","","","","","","","","","","","","","","","","","","","","","","","","","","","","","","","","","","","","","","","","","","","","","","","","","","",""
"3XFV8E5M","journalArticle","2025","Mirmahdi, Razieh Sadat; Dicker, Samantha L; Yusuf, Nuradeen Garba; Montazeri, Naim","Navigating uncertainties in RT-qPCR and infectivity assessment of norovirus","Food and Environmental Virology","","","","","","2025","2026-06-21 20:16:12","2026-06-21 20:16:12","","22","","1","17","","","","","","","","Springer","","","","","","","","","","","","","","","","","","","","","","","","","","","","","","","","","","","","","","","","","","","","","","","","","","","","","","","","","","","",""
"7T5BU939","journalArticle","2025","Koutsikos, Nicholas; Vavalidis, Theocharis; Perdikaris, Costas; Zogaris, Stamatis; Vardakas, Leonidas","Anthropogenic influences reshape lentic fish diversity: Patterns of homogenization and differentiation across a Mediterranean biodiversity hotspot","Science of the Total Environment","","","","","","2025","2026-06-21 20:16:12","2026-06-21 20:16:12","","179154","","","973","","","","","","","","Elsevier","","","","","","","","","","","","","","","","","","","","","","","","","","","","","","","","","","","","","","","","","","","","","","","","","","","","","","","","","","","",""
"F4XR4APM","journalArticle","2025","Koutsikos, Nicholas; Vavalidis, Theocharis; Perdikaris, Costas; Zogaris, Stamatis; Vardakas, Leonidas","Anthropogenic influences reshape lentic fish diversity: Patterns of homogenization and differentiation across a Mediterranean biodiversity hotspot","Science of the Total Environment","","","","","","2025","2026-06-21 20:16:12","2026-06-21 20:16:12","","179154","","","973","","","","","","","","Elsevier","","","","","","","","","","","","","","","","","","","","","","","","","","","","","","","","","","","","","","","","","","","","","","","","","","","","","","","","","","","",""
"5BTC4JV5","journalArticle","2025","Guan, Xiangshuo; Xiao, Jianzhuang; Xia, Bing; Xiao, Xuwen; Noguchi, Takafumi","Benchmarks for permanent carbon in low-carbon probabilistic design of concrete structures: A case study of China","Journal of Cleaner Production","","","","","","2025","2026-06-21 20:16:12","2026-06-21 20:16:12","","144700","","","489","","","","","","","","Elsevier","","","","","","","","","","","","","","","","","","","","","","","","","","","","","","","","","","","","","","","","","","","","","","","","","","","","","","","","","","","",""
"P4IXKWV2","journalArticle","2025","Guan, Xiangshuo; Xiao, Jianzhuang; Xia, Bing; Xiao, Xuwen; Noguchi, Takafumi","Benchmarks for permanent carbon in low-carbon probabilistic design of concrete structures: A case study of China","Journal of Cleaner Production","","","","","","2025","2026-06-21 20:16:12","2026-06-21 20:16:12","","144700","","","489","","","","","","","","Elsevier","","","","","","","","","","","","","","","","","","","","","","","","","","","","","","","","","","","","","","","","","","","","","","","","","","","","","","","","","","","",""
"E8ZHUH7X","journalArticle","2025","De Gregorio, Chiara; Gamba, Marco; Lameira, Adriano R","Third-order self-embedded vocal motifs in wild orangutans, and the selective evolution of recursion","Annals of the New York Academy of Sciences","","","","","","2025","2026-06-21 20:16:12","2026-06-21 20:16:12","","219–229","","1","1549","","","","","","","","Wiley Online Library","","","","","","","","","","","","","","","","","","","","","","","","","","","","","","","","","","","","","","","","","","","","","","","","","","","","","","","","","","","",""
"T6B5LYK9","journalArticle","2025","De Gregorio, Chiara; Gamba, Marco; Lameira, Adriano R","Third-order self-embedded vocal motifs in wild orangutans, and the selective evolution of recursion","Annals of the New York Academy of Sciences","","","","","","2025","2026-06-21 20:16:12","2026-06-21 20:16:12","","219–229","","1","1549","","","","","","","","Wiley Online Library","","","","","","","","","","","","","","","","","","","","","","","","","","","","","","","","","","","","","","","","","","","","","","","","","","","","","","","","","","","",""
"8ZM4PYMW","journalArticle","2025","Muter, Joanne; Kong, Chow-Seng; Nebot, Mireia Taus; Tryfonos, Maria; Vrljicak, Pavle; Brighton, Paul J; Dimakou, Danai B; Vickers, Megan; Yoshihara, Hiroyuki; Ott, Sascha; others","Stalling of the endometrial decidual reaction determines the recurrence risk of miscarriage","Science Advances","","","","","","2025","2026-06-21 20:16:12","2026-06-21 20:16:12","","eadv1988","","26","11","","","","","","","","American Association for the Advancement of Science","","","","","","","","","","","","","","","","","","","","","","","","","","","","","","","","","","","","","","","","","","","","","","","","","","","","","","","","","","","",""
"4EYJJQW8","journalArticle","2025","Muter, Joanne; Kong, Chow-Seng; Nebot, Mireia Taus; Tryfonos, Maria; Vrljicak, Pavle; Brighton, Paul J; Dimakou, Danai B; Vickers, Megan; Yoshihara, Hiroyuki; Ott, Sascha; others","Stalling of the endometrial decidual reaction determines the recurrence risk of miscarriage","Science Advances","","","","","","2025","2026-06-21 20:16:12","2026-06-21 20:16:12","","eadv1988","","26","11","","","","","","","","American Association for the Advancement of Science","","","","","","","","","","","","","","","","","","","","","","","","","","","","","","","","","","","","","","","","","","","","","","","","","","","","","","","","","","","",""
"H54E6325","journalArticle","2025","Vergotti, Marina J; D'Olivo, Juan P; Brachert, Thomas C; Capdevila, Pol; Garrabou, Joaquim; Linares, Cristina; Spreter, Philipp M; Kersting, Diego K","Reconstruction of long-term sublethal effects of warming on a temperate coral in a climate change hotspot","Journal of Animal Ecology","","","","","","2025","2026-06-21 20:16:12","2026-06-21 20:16:12","","125–138","","1","94","","","","","","","","Wiley Online Library","","","","","","","","","","","","","","","","","","","","","","","","","","","","","","","","","","","","","","","","","","","","","","","","","","","","","","","","","","","",""
"R22D8CRS","journalArticle","2025","Vergotti, Marina J; D'Olivo, Juan P; Brachert, Thomas C; Capdevila, Pol; Garrabou, Joaquim; Linares, Cristina; Spreter, Philipp M; Kersting, Diego K","Reconstruction of long-term sublethal effects of warming on a temperate coral in a climate change hotspot","Journal of Animal Ecology","","","","","","2025","2026-06-21 20:16:12","2026-06-21 20:16:12","","125–138","","1","94","","","","","","","","Wiley Online Library","","","","","","","","","","","","","","","","","","","","","","","","","","","","","","","","","","","","","","","","","","","","","","","","","","","","","","","","","","","",""
"4PKNEIE7","journalArticle","2025","Crank, Katherine; Papp, Katerina; Barber, Casey; Chung, Kai; Clements, Emily; Frehner, Wilbur; Hannoun, Deena; Lane, Travis; Morrison, Christina; Mull, Bonnie; others","Pathogen and indicator trends in southern Nevada wastewater during and after the COVID-19 pandemic","Environmental Science: Water Research & Technology","","","","","","2025","2026-06-21 20:16:12","2026-06-21 20:16:12","","262–280","","2","11","","","","","","","","Royal Society of Chemistry","","","","","","","","","","","","","","","","","","","","","","","","","","","","","","","","","","","","","","","","","","","","","","","","","","","","","","","","","","","",""
"IHEIDXCH","journalArticle","2025","Crank, Katherine; Papp, Katerina; Barber, Casey; Chung, Kai; Clements, Emily; Frehner, Wilbur; Hannoun, Deena; Lane, Travis; Morrison, Christina; Mull, Bonnie; others","Pathogen and indicator trends in southern Nevada wastewater during and after the COVID-19 pandemic","Environmental Science: Water Research & Technology","","","","","","2025","2026-06-21 20:16:12","2026-06-21 20:16:12","","262–280","","2","11","","","","","","","","Royal Society of Chemistry","","","","","","","","","","","","","","","","","","","","","","","","","","","","","","","","","","","","","","","","","","","","","","","","","","","","","","","","","","","",""
"KF8QEA8M","journalArticle","2025","Prieto, F; García-García, CB; Salmerón-Gómez, R","Modelling global fossil CO2 emissions with a lognormal distribution","Socio-Economic Planning Sciences","","","","","","2025","2026-06-21 20:16:12","2026-06-21 20:16:12","","102104","","","97","","","","","","","","Elsevier","","","","","","","","","","","","","","","","","","","","","","","","","","","","","","","","","","","","","","","","","","","","","","","","","","","","","","","","","","","",""
"ACEMXKHL","journalArticle","2025","Prieto, F; García-García, CB; Salmerón-Gómez, R","Modelling global fossil CO2 emissions with a lognormal distribution","Socio-Economic Planning Sciences","","","","","","2025","2026-06-21 20:16:12","2026-06-21 20:16:12","","102104","","","97","","","","","","","","Elsevier","","","","","","","","","","","","","","","","","","","","","","","","","","","","","","","","","","","","","","","","","","","","","","","","","","","","","","","","","","","",""
"HBZGSKMW","journalArticle","2025","Gao, Meixiang; Ye, Yanyan; Zheng, Ye; Lai, Jiangshan","A comprehensive analysis of R's application in ecological research from 2008 to 2023","Journal of Plant Ecology","","","","","","2025","2026-06-21 20:16:12","2026-06-21 20:16:12","","rtaf010","","1","18","","","","","","","","Oxford University Press UK","","","","","","","","","","","","","","","","","","","","","","","","","","","","","","","","","","","","","","","","","","","","","","","","","","","","","","","","","","","",""
"8YQC9QZP","journalArticle","2025","Gao, Meixiang; Ye, Yanyan; Zheng, Ye; Lai, Jiangshan","A comprehensive analysis of R's application in ecological research from 2008 to 2023","Journal of Plant Ecology","","","","","","2025","2026-06-21 20:16:12","2026-06-21 20:16:12","","rtaf010","","1","18","","","","","","","","Oxford University Press UK","","","","","","","","","","","","","","","","","","","","","","","","","","","","","","","","","","","","","","","","","","","","","","","","","","","","","","","","","","","",""
"MIBXKRWN","journalArticle","2025","Frigero, Maria Luisa P; Boaro, Carmen SF; Galetto, Leonardo; Tunes, Priscila; Guimarães, Elza","Extreme events induced by climate change alter nectar offer to pollinators in cross pollination-dependent crops","Scientific Reports","","","","","","2025","2026-06-21 20:16:12","2026-06-21 20:16:12","","10852","","1","15","","","","","","","","Nature Publishing Group UK London","","","","","","","","","","","","","","","","","","","","","","","","","","","","","","","","","","","","","","","","","","","","","","","","","","","","","","","","","","","",""
"WWT98GFC","journalArticle","2025","Frigero, Maria Luisa P; Boaro, Carmen SF; Galetto, Leonardo; Tunes, Priscila; Guimarães, Elza","Extreme events induced by climate change alter nectar offer to pollinators in cross pollination-dependent crops","Scientific Reports","","","","","","2025","2026-06-21 20:16:12","2026-06-21 20:16:12","","10852","","1","15","","","","","","","","Nature Publishing Group UK London","","","","","","","","","","","","","","","","","","","","","","","","","","","","","","","","","","","","","","","","","","","","","","","","","","","","","","","","","","","",""
"F8RM6FM4","journalArticle","2025","Gandar, Aude; Giraudo, Maeva; Perion, Théo; Houël, Emeline; Noguer, Thierry; Rodrigues, Alice MS; Calas-Blanchard, Carole; Stien, Didier","Targeted and untargeted discovery of UV filters and emerging contaminants with environmental risk assessment on the Northwestern Mediterranean coast","Marine Pollution Bulletin","","","","","","2025","2026-06-21 20:16:12","2026-06-21 20:16:12","","117567","","","212","","","","","","","","Elsevier","","","","","","","","","","","","","","","","","","","","","","","","","","","","","","","","","","","","","","","","","","","","","","","","","","","","","","","","","","","",""
"T3NHKE75","journalArticle","2025","Gandar, Aude; Giraudo, Maeva; Perion, Théo; Houël, Emeline; Noguer, Thierry; Rodrigues, Alice MS; Calas-Blanchard, Carole; Stien, Didier","Targeted and untargeted discovery of UV filters and emerging contaminants with environmental risk assessment on the Northwestern Mediterranean coast","Marine Pollution Bulletin","","","","","","2025","2026-06-21 20:16:12","2026-06-21 20:16:12","","117567","","","212","","","","","","","","Elsevier","","","","","","","","","","","","","","","","","","","","","","","","","","","","","","","","","","","","","","","","","","","","","","","","","","","","","","","","","","","",""
"UQ6TITZH","journalArticle","2025","De Gregorio, Chiara; Antonini, Paola; Heymann, Eckhard W; Gamba, Marco","Isochrony in titi monkeys duets: Social context as a proximate cause of duets' rhythm and regularity","Proceedings of the Royal Society B: Biological Sciences","","","","","","2025","2026-06-21 20:16:12","2026-06-21 20:16:12","","20242805","","2041","292","","","","","","","","","","","","","","","","","","","","","","","","","","","","","","","","","","","","","","","","","","","","","","","","","","","","","","","","","","","","","","","","","","","",""
"NLVHM9GN","journalArticle","2025","De Gregorio, Chiara; Antonini, Paola; Heymann, Eckhard W; Gamba, Marco","Isochrony in titi monkeys duets: Social context as a proximate cause of duets' rhythm and regularity","Proceedings of the Royal Society B: Biological Sciences","","","","","","2025","2026-06-21 20:16:12","2026-06-21 20:16:12","","20242805","","2041","292","","","","","","","","","","","","","","","","","","","","","","","","","","","","","","","","","","","","","","","","","","","","","","","","","","","","","","","","","","","","","","","","","","","",""
"ES5FR6S7","journalArticle","2025","Roffler, Gretchen H; Gastaldi, Angela; Lieske, Camilla; Beckmen, Kimberlee; Castellini, J Margaret; Barst, Benjamin D","Switching to marine prey leads to unprecedented mercury concentrations in a population of coastal Alaska wolves","Science of the Total Environment","","","","","","2025","2026-06-21 20:16:12","2026-06-21 20:16:12","","179542","","","980","","","","","","","","Elsevier","","","","","","","","","","","","","","","","","","","","","","","","","","","","","","","","","","","","","","","","","","","","","","","","","","","","","","","","","","","",""
"8WS2E4RJ","journalArticle","2025","Roffler, Gretchen H; Gastaldi, Angela; Lieske, Camilla; Beckmen, Kimberlee; Castellini, J Margaret; Barst, Benjamin D","Switching to marine prey leads to unprecedented mercury concentrations in a population of coastal Alaska wolves","Science of the Total Environment","","","","","","2025","2026-06-21 20:16:12","2026-06-21 20:16:12","","179542","","","980","","","","","","","","Elsevier","","","","","","","","","","","","","","","","","","","","","","","","","","","","","","","","","","","","","","","","","","","","","","","","","","","","","","","","","","","",""
"CWQTXAR9","journalArticle","2025","Lynch, Emily C; Roznik, Elizabeth A; Smith, Dustin; Alvey, Alexis; Giammona, Francesca; Brown, Janine L; Boisseau, Nicole; Williams, Audrey; Barr, Melissa; Allen, Nick; others","The effects of light and novel enrichment on Eastern indigo snake (Drymarchon couperi) behavior and physiology","Applied Animal Behaviour Science","","","","","","2025","2026-06-21 20:16:12","2026-06-21 20:16:12","","106598","","","286","","","","","","","","Elsevier","","","","","","","","","","","","","","","","","","","","","","","","","","","","","","","","","","","","","","","","","","","","","","","","","","","","","","","","","","","",""
"5RPL5FEI","journalArticle","2025","Lynch, Emily C; Roznik, Elizabeth A; Smith, Dustin; Alvey, Alexis; Giammona, Francesca; Brown, Janine L; Boisseau, Nicole; Williams, Audrey; Barr, Melissa; Allen, Nick; others","The effects of light and novel enrichment on Eastern indigo snake (Drymarchon couperi) behavior and physiology","Applied Animal Behaviour Science","","","","","","2025","2026-06-21 20:16:12","2026-06-21 20:16:12","","106598","","","286","","","","","","","","Elsevier","","","","","","","","","","","","","","","","","","","","","","","","","","","","","","","","","","","","","","","","","","","","","","","","","","","","","","","","","","","",""
"XLY2373R","journalArticle","2025","Harland, Alexandra J; Novais, Francisco J; Fitzsimmons, Carolyn J; Church, John S; da Silva, Gleise M; Londono-Mendez, Maria C; Bork, Edward W","Evaluating virtual fencing as a tool to manage beef cattle for rotational grazing across multiple years","Journal of Environmental Management","","","","","","2025","2026-06-21 20:16:12","2026-06-21 20:16:12","","125166","","","381","","","","","","","","Elsevier","","","","","","","","","","","","","","","","","","","","","","","","","","","","","","","","","","","","","","","","","","","","","","","","","","","","","","","","","","","",""
"C3U6VB6L","journalArticle","2025","Harland, Alexandra J; Novais, Francisco J; Fitzsimmons, Carolyn J; Church, John S; da Silva, Gleise M; Londono-Mendez, Maria C; Bork, Edward W","Evaluating virtual fencing as a tool to manage beef cattle for rotational grazing across multiple years","Journal of Environmental Management","","","","","","2025","2026-06-21 20:16:12","2026-06-21 20:16:12","","125166","","","381","","","","","","","","Elsevier","","","","","","","","","","","","","","","","","","","","","","","","","","","","","","","","","","","","","","","","","","","","","","","","","","","","","","","","","","","",""
"V4ZCVLVK","journalArticle","2025","Zhao, Yiyong; Yu, Di; Kuo, Wenyu; Huang, Jie; Guo, Jing; Sun, Miao; Hu, Yi; Soltis, Douglas E; Soltis, Pamela S; Ma, Hong; others","Nuclear phylogenomics provide evidence to clarify key morphological evolution and whole-genome duplication across rosids","Journal of Integrative Plant Biology","","","","","","2025","2026-06-21 20:16:12","2026-06-21 20:16:12","","2704–2730","","10","67","","","","","","","","Wiley Online Library","","","","","","","","","","","","","","","","","","","","","","","","","","","","","","","","","","","","","","","","","","","","","","","","","","","","","","","","","","","",""
"DD3S9342","journalArticle","2025","Zhao, Yiyong; Yu, Di; Kuo, Wenyu; Huang, Jie; Guo, Jing; Sun, Miao; Hu, Yi; Soltis, Douglas E; Soltis, Pamela S; Ma, Hong; others","Nuclear phylogenomics provide evidence to clarify key morphological evolution and whole-genome duplication across rosids","Journal of Integrative Plant Biology","","","","","","2025","2026-06-21 20:16:12","2026-06-21 20:16:12","","2704–2730","","10","67","","","","","","","","Wiley Online Library","","","","","","","","","","","","","","","","","","","","","","","","","","","","","","","","","","","","","","","","","","","","","","","","","","","","","","","","","","","",""
"SNEHGDBI","journalArticle","2025","Martin, Adam R; Miller, Lauren; Madigan, Mitchell; Cui, Boya; Cathline, Kimberley A; Robertson, Gavin","Trait integration varies with resource acquisition strategies in a common perennial crop","Functional Ecology","","","","","","2025","2026-06-21 20:16:12","2026-06-21 20:16:12","","1112–1127","","4","39","","","","","","","","Wiley Online Library","","","","","","","","","","","","","","","","","","","","","","","","","","","","","","","","","","","","","","","","","","","","","","","","","","","","","","","","","","","",""
"8IZ3GWJI","journalArticle","2025","Martin, Adam R; Miller, Lauren; Madigan, Mitchell; Cui, Boya; Cathline, Kimberley A; Robertson, Gavin","Trait integration varies with resource acquisition strategies in a common perennial crop","Functional Ecology","","","","","","2025","2026-06-21 20:16:12","2026-06-21 20:16:12","","1112–1127","","4","39","","","","","","","","Wiley Online Library","","","","","","","","","","","","","","","","","","","","","","","","","","","","","","","","","","","","","","","","","","","","","","","","","","","","","","","","","","","",""
"RRLUAWUG","journalArticle","2025","Adorno, Bruno FCB; Ribeiro, Milton C; Hasui, Erica; Dinis, Bianca; Godoy, Ederson; Coletti-Manzoli, Enzo; Vaz, Pedro G; Piratelli, Augusto J","Fire size and vegetation productivity shape bird diversity across burned landscapes in the Atlantic Forest","Journal of Applied Ecology","","","","","","2025","2026-06-21 20:16:12","2026-06-21 20:16:12","","2120–2132","","9","62","","","","","","","","Wiley Online Library","","","","","","","","","","","","","","","","","","","","","","","","","","","","","","","","","","","","","","","","","","","","","","","","","","","","","","","","","","","",""
"QNJDWN6N","journalArticle","2025","Adorno, Bruno FCB; Ribeiro, Milton C; Hasui, Erica; Dinis, Bianca; Godoy, Ederson; Coletti-Manzoli, Enzo; Vaz, Pedro G; Piratelli, Augusto J","Fire size and vegetation productivity shape bird diversity across burned landscapes in the Atlantic Forest","Journal of Applied Ecology","","","","","","2025","2026-06-21 20:16:12","2026-06-21 20:16:12","","2120–2132","","9","62","","","","","","","","Wiley Online Library","","","","","","","","","","","","","","","","","","","","","","","","","","","","","","","","","","","","","","","","","","","","","","","","","","","","","","","","","","","",""
"R4FDZSQA","journalArticle","2025","DenAdel, Alan; Ramseier, Michelle L; Navia, Andrew W; Shalek, Alex K; Raghavan, Srivatsan; Winter, Peter S; Amini, Ava P; Crawford, Lorin","Artificial variables help to avoid over-clustering in single-cell RNA sequencing","The American Journal of Human Genetics","","","","","","2025","2026-06-21 20:16:12","2026-06-21 20:16:12","","940–951","","4","112","","","","","","","","Elsevier","","","","","","","","","","","","","","","","","","","","","","","","","","","","","","","","","","","","","","","","","","","","","","","","","","","","","","","","","","","",""
"N7KCQL6H","journalArticle","2025","DenAdel, Alan; Ramseier, Michelle L; Navia, Andrew W; Shalek, Alex K; Raghavan, Srivatsan; Winter, Peter S; Amini, Ava P; Crawford, Lorin","Artificial variables help to avoid over-clustering in single-cell RNA sequencing","The American Journal of Human Genetics","","","","","","2025","2026-06-21 20:16:12","2026-06-21 20:16:12","","940–951","","4","112","","","","","","","","Elsevier","","","","","","","","","","","","","","","","","","","","","","","","","","","","","","","","","","","","","","","","","","","","","","","","","","","","","","","","","","","",""
"D8I6MK6P","journalArticle","2025","Wiseman, Marc A; Monteith, Kevin L; Long, Ryan A","Causes and consequences of individual variation: Linking state-dependent life histories to population performance","Ecosphere","","","","","","2025","2026-06-21 20:16:12","2026-06-21 20:16:12","","e70230","","4","16","","","","","","","","Wiley Online Library","","","","","","","","","","","","","","","","","","","","","","","","","","","","","","","","","","","","","","","","","","","","","","","","","","","","","","","","","","","",""
"GCTTBD63","journalArticle","2025","Wiseman, Marc A; Monteith, Kevin L; Long, Ryan A","Causes and consequences of individual variation: Linking state-dependent life histories to population performance","Ecosphere","","","","","","2025","2026-06-21 20:16:12","2026-06-21 20:16:12","","e70230","","4","16","","","","","","","","Wiley Online Library","","","","","","","","","","","","","","","","","","","","","","","","","","","","","","","","","","","","","","","","","","","","","","","","","","","","","","","","","","","",""
"WUT7X6DI","journalArticle","2025","Bartrons, Mireia; Yang, Jing; Cuenca-Cambronero, Maria; Lemmens, Pieter; Anton-Pardo, Maria; Beklioğlu, Meryem; Biggs, Jeremy; Boissezon, Aurélie; Boix, Dani; Calvo, Clementina; others","Why ponds concentrate nutrients: the roles of internal features, land use, and climate","Hydrobiologia","","","","","","2025","2026-06-21 20:16:12","2026-06-21 20:16:12","","1–19","","","","","","","","","","","Springer","","","","","","","","","","","","","","","","","","","","","","","","","","","","","","","","","","","","","","","","","","","","","","","","","","","","","","","","","","","",""
"8YZUHRXI","journalArticle","2025","Bartrons, Mireia; Yang, Jing; Cuenca-Cambronero, Maria; Lemmens, Pieter; Anton-Pardo, Maria; Beklioğlu, Meryem; Biggs, Jeremy; Boissezon, Aurélie; Boix, Dani; Calvo, Clementina; others","Why ponds concentrate nutrients: the roles of internal features, land use, and climate","Hydrobiologia","","","","","","2025","2026-06-21 20:16:12","2026-06-21 20:16:12","","1–19","","","","","","","","","","","Springer","","","","","","","","","","","","","","","","","","","","","","","","","","","","","","","","","","","","","","","","","","","","","","","","","","","","","","","","","","","",""
"NEQZJ5ED","journalArticle","2025","da Mota Neto, Laudelino Vieira; Ribeiro-Oliveira, João Paulo; Galdos, Marcelo Valadares; Barros, José Victor Silva; Bertolino, Karina Mendes; Calonego, Juliano Carlos; Rosolem, Ciro Antonio","Soil fertility matters! A new conceptual model for carbon stewardship in neotropical croplands taking climate-smart agricultural practices into account","Science of the Total Environment","","","","","","2025","2026-06-21 20:16:12","2026-06-21 20:16:12","","179407","","","978","","","","","","","","Elsevier","","","","","","","","","","","","","","","","","","","","","","","","","","","","","","","","","","","","","","","","","","","","","","","","","","","","","","","","","","","",""
"AZLJP8GV","journalArticle","2025","da Mota Neto, Laudelino Vieira; Ribeiro-Oliveira, João Paulo; Galdos, Marcelo Valadares; Barros, José Victor Silva; Bertolino, Karina Mendes; Calonego, Juliano Carlos; Rosolem, Ciro Antonio","Soil fertility matters! A new conceptual model for carbon stewardship in neotropical croplands taking climate-smart agricultural practices into account","Science of the Total Environment","","","","","","2025","2026-06-21 20:16:12","2026-06-21 20:16:12","","179407","","","978","","","","","","","","Elsevier","","","","","","","","","","","","","","","","","","","","","","","","","","","","","","","","","","","","","","","","","","","","","","","","","","","","","","","","","","","",""
"P5HVQPW6","journalArticle","2025","Khan, Sami Towsif; Sample, David J; Wynn-Thompson, Theresa; Butcher, Jon","Impacts of climate change on storm event-based flow regime and channel stability of urban headwater streams","Journal of Environmental Management","","","","","","2025","2026-06-21 20:16:12","2026-06-21 20:16:12","","123994","","","374","","","","","","","","Elsevier","","","","","","","","","","","","","","","","","","","","","","","","","","","","","","","","","","","","","","","","","","","","","","","","","","","","","","","","","","","",""
"A9D2B2EP","journalArticle","2025","Khan, Sami Towsif; Sample, David J; Wynn-Thompson, Theresa; Butcher, Jon","Impacts of climate change on storm event-based flow regime and channel stability of urban headwater streams","Journal of Environmental Management","","","","","","2025","2026-06-21 20:16:12","2026-06-21 20:16:12","","123994","","","374","","","","","","","","Elsevier","","","","","","","","","","","","","","","","","","","","","","","","","","","","","","","","","","","","","","","","","","","","","","","","","","","","","","","","","","","",""
"5T4S2H8L","journalArticle","2025","Nogueira, Raquel A; Rodríguez-Herrera, Juan J; López-Carmona, José Luis; Valero, Antonio; L. Cabo, Marta","A formal analysis of Listeria monocytogenes cross-contamination dynamics in multi-species biofilms","npj Science of Food","","","","","","2025","2026-06-21 20:16:12","2026-06-21 20:16:12","","168","","1","9","","","","","","","","Nature Publishing Group UK London","","","","","","","","","","","","","","","","","","","","","","","","","","","","","","","","","","","","","","","","","","","","","","","","","","","","","","","","","","","",""
"ULFF3RZD","journalArticle","2025","Nogueira, Raquel A; Rodríguez-Herrera, Juan J; López-Carmona, José Luis; Valero, Antonio; L. Cabo, Marta","A formal analysis of Listeria monocytogenes cross-contamination dynamics in multi-species biofilms","npj Science of Food","","","","","","2025","2026-06-21 20:16:12","2026-06-21 20:16:12","","168","","1","9","","","","","","","","Nature Publishing Group UK London","","","","","","","","","","","","","","","","","","","","","","","","","","","","","","","","","","","","","","","","","","","","","","","","","","","","","","","","","","","",""
"PS6S8A4Z","journalArticle","2025","Geisser, Alexandra H; Scro, Abigail K; Smolowitz, Roxanna; Fulweiler, Robinson W","Macroalgae host pathogenic Vibrio spp. in a temperate estuary","Frontiers in Marine Science","","","","","","2025","2026-06-21 20:16:13","2026-06-21 20:16:13","","1549732","","","12","","","","","","","","Frontiers Media SA","","","","","","","","","","","","","","","","","","","","","","","","","","","","","","","","","","","","","","","","","","","","","","","","","","","","","","","","","","","",""
"J27H8UBI","journalArticle","2025","Geisser, Alexandra H; Scro, Abigail K; Smolowitz, Roxanna; Fulweiler, Robinson W","Macroalgae host pathogenic Vibrio spp. in a temperate estuary","Frontiers in Marine Science","","","","","","2025","2026-06-21 20:16:13","2026-06-21 20:16:13","","1549732","","","12","","","","","","","","Frontiers Media SA","","","","","","","","","","","","","","","","","","","","","","","","","","","","","","","","","","","","","","","","","","","","","","","","","","","","","","","","","","","",""
"DZSJXLGN","journalArticle","2025","Holcomb, David A; Knee, Jackie; Adriano, Zaida; Capone, Drew; Cumming, Oliver; Kowalsky, Erin; Nalá, Rassul; Viegas, Edna; Stewart, Jill R; Brown, Joe","Associations between fecal contamination of the household environment and enteric pathogen detection in children living in Maputo, Mozambique","Environment & Health","","","","","","2025","2026-06-21 20:16:13","2026-06-21 20:16:13","","757–767","","7","3","","","","","","","","ACS Publications","","","","","","","","","","","","","","","","","","","","","","","","","","","","","","","","","","","","","","","","","","","","","","","","","","","","","","","","","","","",""
"722F6QWD","journalArticle","2025","Holcomb, David A; Knee, Jackie; Adriano, Zaida; Capone, Drew; Cumming, Oliver; Kowalsky, Erin; Nalá, Rassul; Viegas, Edna; Stewart, Jill R; Brown, Joe","Associations between fecal contamination of the household environment and enteric pathogen detection in children living in Maputo, Mozambique","Environment & Health","","","","","","2025","2026-06-21 20:16:13","2026-06-21 20:16:13","","757–767","","7","3","","","","","","","","ACS Publications","","","","","","","","","","","","","","","","","","","","","","","","","","","","","","","","","","","","","","","","","","","","","","","","","","","","","","","","","","","",""
"G9RIRSBQ","journalArticle","2025","Kamelian, Kimia; Sievers, Benjamin; Chen-Xu, Michael; Turner, Sam; Cheng, Mark Tsz Kin; Altaf, Mazharul; Kemp, Steven A; Abdullahi, Adam; Csiba, Kata; Collier, Dami A; others","Humoral responses to SARS-CoV-2 vaccine in vasculitis-related immune suppression","Science Advances","","","","","","2025","2026-06-21 20:16:13","2026-06-21 20:16:13","","eadq3342","","7","11","","","","","","","","American Association for the Advancement of Science","","","","","","","","","","","","","","","","","","","","","","","","","","","","","","","","","","","","","","","","","","","","","","","","","","","","","","","","","","","",""
"Y39MSPLZ","journalArticle","2025","Kamelian, Kimia; Sievers, Benjamin; Chen-Xu, Michael; Turner, Sam; Cheng, Mark Tsz Kin; Altaf, Mazharul; Kemp, Steven A; Abdullahi, Adam; Csiba, Kata; Collier, Dami A; others","Humoral responses to SARS-CoV-2 vaccine in vasculitis-related immune suppression","Science Advances","","","","","","2025","2026-06-21 20:16:13","2026-06-21 20:16:13","","eadq3342","","7","11","","","","","","","","American Association for the Advancement of Science","","","","","","","","","","","","","","","","","","","","","","","","","","","","","","","","","","","","","","","","","","","","","","","","","","","","","","","","","","","",""
"XGBFFDVG","journalArticle","2025","Frick, Aurélien; Belletier, Clément; Tan, Wenjia; Meng, Ning; Zhou, Qiang; Christie, Stella; Camos, Valérie","The effects of an unfamiliar experimenter on proactive and reactive control in children","Scientific Reports","","","","","","2025","2026-06-21 20:16:13","2026-06-21 20:16:13","","5860","","1","15","","","","","","","","Nature Publishing Group UK London","","","","","","","","","","","","","","","","","","","","","","","","","","","","","","","","","","","","","","","","","","","","","","","","","","","","","","","","","","","",""
"8DH2MBAW","journalArticle","2025","Frick, Aurélien; Belletier, Clément; Tan, Wenjia; Meng, Ning; Zhou, Qiang; Christie, Stella; Camos, Valérie","The effects of an unfamiliar experimenter on proactive and reactive control in children","Scientific Reports","","","","","","2025","2026-06-21 20:16:13","2026-06-21 20:16:13","","5860","","1","15","","","","","","","","Nature Publishing Group UK London","","","","","","","","","","","","","","","","","","","","","","","","","","","","","","","","","","","","","","","","","","","","","","","","","","","","","","","","","","","",""
"6DY6VSBD","journalArticle","2025","Bailly, Audrey; Monceau, Karine; Bretagnolle, Vincent; Rodrigues, Anaïs; Millet, Maurice; Moreau, Jérôme","Pesticide exposure in farmland wild passerines: bio-indicators of a widespread contamination despite organic farming","Environmental Research","","","","","","2025","2026-06-21 20:16:13","2026-06-21 20:16:13","","122389","","","","","","","","","","","Elsevier","","","","","","","","","","","","","","","","","","","","","","","","","","","","","","","","","","","","","","","","","","","","","","","","","","","","","","","","","","","",""
"XGWEN22U","journalArticle","2025","Bailly, Audrey; Monceau, Karine; Bretagnolle, Vincent; Rodrigues, Anaïs; Millet, Maurice; Moreau, Jérôme","Pesticide exposure in farmland wild passerines: bio-indicators of a widespread contamination despite organic farming","Environmental Research","","","","","","2025","2026-06-21 20:16:13","2026-06-21 20:16:13","","122389","","","","","","","","","","","Elsevier","","","","","","","","","","","","","","","","","","","","","","","","","","","","","","","","","","","","","","","","","","","","","","","","","","","","","","","","","","","",""
"ZKKXWDHV","journalArticle","2025","Rutkowska, Agnieszka; Willems, Patrick; Mendoza Paz, Santiago; Ziernicka-Wojtaszek, Agnieszka","Changes in precipitation patterns in Poland derived from projected downscaled future climate data from CMIP5 and CMIP6","International Journal of Climatology","","","","","","2025","2026-06-21 20:16:13","2026-06-21 20:16:13","","e8822","","7","45","","","","","","","","Wiley Online Library","","","","","","","","","","","","","","","","","","","","","","","","","","","","","","","","","","","","","","","","","","","","","","","","","","","","","","","","","","","",""
"8GASP2D6","journalArticle","2025","Rutkowska, Agnieszka; Willems, Patrick; Mendoza Paz, Santiago; Ziernicka-Wojtaszek, Agnieszka","Changes in precipitation patterns in Poland derived from projected downscaled future climate data from CMIP5 and CMIP6","International Journal of Climatology","","","","","","2025","2026-06-21 20:16:13","2026-06-21 20:16:13","","e8822","","7","45","","","","","","","","Wiley Online Library","","","","","","","","","","","","","","","","","","","","","","","","","","","","","","","","","","","","","","","","","","","","","","","","","","","","","","","","","","","",""
"8DTZ6N7M","journalArticle","2025","Kobayashi, Yuta; Akasaka, Munemitsu","Climatic differences among habitats shape the balance between maximum lifespan and life expectancy in Japanese tree species","Nature Ecology & Evolution","","","","","","2025","2026-06-21 20:16:13","2026-06-21 20:16:13","","947–956","","6","9","","","","","","","","Nature Publishing Group UK London","","","","","","","","","","","","","","","","","","","","","","","","","","","","","","","","","","","","","","","","","","","","","","","","","","","","","","","","","","","",""
"BMJUUCMR","journalArticle","2025","Kobayashi, Yuta; Akasaka, Munemitsu","Climatic differences among habitats shape the balance between maximum lifespan and life expectancy in Japanese tree species","Nature Ecology & Evolution","","","","","","2025","2026-06-21 20:16:13","2026-06-21 20:16:13","","947–956","","6","9","","","","","","","","Nature Publishing Group UK London","","","","","","","","","","","","","","","","","","","","","","","","","","","","","","","","","","","","","","","","","","","","","","","","","","","","","","","","","","","",""
"V5NTAQAY","journalArticle","2025","Giacometti, Danilo; Tattersall, Glenn J","Seasonal plasticity in the thermal sensitivity of metabolism but not water loss in a fossorial ectotherm","Oecologia","","","","","","2025","2026-06-21 20:16:13","2026-06-21 20:16:13","","67","","5","207","","","","","","","","Springer","","","","","","","","","","","","","","","","","","","","","","","","","","","","","","","","","","","","","","","","","","","","","","","","","","","","","","","","","","","",""
"ZZF6E8YV","journalArticle","2025","Giacometti, Danilo; Tattersall, Glenn J","Seasonal plasticity in the thermal sensitivity of metabolism but not water loss in a fossorial ectotherm","Oecologia","","","","","","2025","2026-06-21 20:16:13","2026-06-21 20:16:13","","67","","5","207","","","","","","","","Springer","","","","","","","","","","","","","","","","","","","","","","","","","","","","","","","","","","","","","","","","","","","","","","","","","","","","","","","","","","","",""
"SRNDV2LK","journalArticle","2025","Silva-Marrero, Jonás I; Lai, Floriana; Handeland, Sigurd O; Pedrosa, Cindy; Gelebart, Virginie; Balseiro, Pablo; Fuentes, Juan; Rønnestad, Ivar; Gomes, Ana S","Integration of gill and intestinal osmoregulatory functions to assess the smoltification window in Atlantic Salmon","Fishes","","","","","","2025","2026-06-21 20:16:13","2026-06-21 20:16:13","","119","","3","10","","","","","","","","MDPI","","","","","","","","","","","","","","","","","","","","","","","","","","","","","","","","","","","","","","","","","","","","","","","","","","","","","","","","","","","",""
"GECJD6UX","journalArticle","2025","Silva-Marrero, Jonás I; Lai, Floriana; Handeland, Sigurd O; Pedrosa, Cindy; Gelebart, Virginie; Balseiro, Pablo; Fuentes, Juan; Rønnestad, Ivar; Gomes, Ana S","Integration of gill and intestinal osmoregulatory functions to assess the smoltification window in Atlantic Salmon","Fishes","","","","","","2025","2026-06-21 20:16:13","2026-06-21 20:16:13","","119","","3","10","","","","","","","","MDPI","","","","","","","","","","","","","","","","","","","","","","","","","","","","","","","","","","","","","","","","","","","","","","","","","","","","","","","","","","","",""
"9E9QPDX3","journalArticle","2025","De Pascalis, Federico; Grémillet, David; Benvenuti, Andrea; Ventura, Francesco; Jennings, Valeria; Rubolini, Diego; Cecere, Jacopo G","Flight style and time–activity budgets of the smallest petrels","Journal of Experimental Biology","","","","","","2025","2026-06-21 20:16:13","2026-06-21 20:16:13","","jeb249719","","6","228","","","","","","","","The Company of Biologists","","","","","","","","","","","","","","","","","","","","","","","","","","","","","","","","","","","","","","","","","","","","","","","","","","","","","","","","","","","",""
"JHY87NXY","journalArticle","2025","De Pascalis, Federico; Grémillet, David; Benvenuti, Andrea; Ventura, Francesco; Jennings, Valeria; Rubolini, Diego; Cecere, Jacopo G","Flight style and time–activity budgets of the smallest petrels","Journal of Experimental Biology","","","","","","2025","2026-06-21 20:16:13","2026-06-21 20:16:13","","jeb249719","","6","228","","","","","","","","The Company of Biologists","","","","","","","","","","","","","","","","","","","","","","","","","","","","","","","","","","","","","","","","","","","","","","","","","","","","","","","","","","","",""
"MD5U286P","journalArticle","2025","Wang, Yajun; Lin, Jianliang; Yan, Yu; Zeng, Zhenzhong; Liu, Xiaoye; Wang, Shuxian; She, Zhenyan; Huang, Zeqin; Sun, Pengnan; Zhao, Tongtiegang; others","Spatial transmission of resilience loss in deltaic dynamic systems","Communications Earth & Environment","","","","","","2025","2026-06-21 20:16:13","2026-06-21 20:16:13","","530","","1","6","","","","","","","","Nature Publishing Group UK London","","","","","","","","","","","","","","","","","","","","","","","","","","","","","","","","","","","","","","","","","","","","","","","","","","","","","","","","","","","",""
"BP7TRGZ4","journalArticle","2025","Wang, Yajun; Lin, Jianliang; Yan, Yu; Zeng, Zhenzhong; Liu, Xiaoye; Wang, Shuxian; She, Zhenyan; Huang, Zeqin; Sun, Pengnan; Zhao, Tongtiegang; others","Spatial transmission of resilience loss in deltaic dynamic systems","Communications Earth & Environment","","","","","","2025","2026-06-21 20:16:13","2026-06-21 20:16:13","","530","","1","6","","","","","","","","Nature Publishing Group UK London","","","","","","","","","","","","","","","","","","","","","","","","","","","","","","","","","","","","","","","","","","","","","","","","","","","","","","","","","","","",""
"PHHADY72","journalArticle","2025","Hiebert, Terra C; Thompson, Anne W; Sutherland, Kelly R","Diverse microbial prey in the guts of gelatinous grazers revealed by microscopy","Marine Biology","","","","","","2025","2026-06-21 20:16:13","2026-06-21 20:16:13","","60","","4","172","","","","","","","","Springer","","","","","","","","","","","","","","","","","","","","","","","","","","","","","","","","","","","","","","","","","","","","","","","","","","","","","","","","","","","",""
"Q6AL3RLH","journalArticle","2025","Hiebert, Terra C; Thompson, Anne W; Sutherland, Kelly R","Diverse microbial prey in the guts of gelatinous grazers revealed by microscopy","Marine Biology","","","","","","2025","2026-06-21 20:16:13","2026-06-21 20:16:13","","60","","4","172","","","","","","","","Springer","","","","","","","","","","","","","","","","","","","","","","","","","","","","","","","","","","","","","","","","","","","","","","","","","","","","","","","","","","","",""
"SEL3HNZM","journalArticle","2025","Figueroa-Muñoz, Guillermo; Murphy, Christina A; Whittum, Kory; Zydlewski, Joseph","Cleaner cuts: Farmed fish and skin-off fillets are lower in per-and polyfluoroalkyl substances (PFAS)","Science of The Total Environment","","","","","","2025","2026-06-21 20:16:13","2026-06-21 20:16:13","","178266","","","959","","","","","","","","Elsevier","","","","","","","","","","","","","","","","","","","","","","","","","","","","","","","","","","","","","","","","","","","","","","","","","","","","","","","","","","","",""
"943RAYYC","journalArticle","2025","Figueroa-Muñoz, Guillermo; Murphy, Christina A; Whittum, Kory; Zydlewski, Joseph","Cleaner cuts: Farmed fish and skin-off fillets are lower in per-and polyfluoroalkyl substances (PFAS)","Science of The Total Environment","","","","","","2025","2026-06-21 20:16:13","2026-06-21 20:16:13","","178266","","","959","","","","","","","","Elsevier","","","","","","","","","","","","","","","","","","","","","","","","","","","","","","","","","","","","","","","","","","","","","","","","","","","","","","","","","","","",""
"DYDGZ2C3","journalArticle","2025","Minguito-Frutos, Mario; Buñuel, Xavier; Marco-Méndez, Candela; Sanmartí, Neus; Skouradakis, Grigorios; Boada, Jordi; Pagès, Jordi F; Alcoverro, Teresa; Arthur, Rohan","Tropical range extending herbivorous fishes gain foraging benefits by shoaling with native temperate species","Scientific Reports","","","","","","2025","2026-06-21 20:16:13","2026-06-21 20:16:13","","35137","","1","15","","","","","","","","Nature Publishing Group UK London","","","","","","","","","","","","","","","","","","","","","","","","","","","","","","","","","","","","","","","","","","","","","","","","","","","","","","","","","","","",""
"DVHDF36F","journalArticle","2025","Minguito-Frutos, Mario; Buñuel, Xavier; Marco-Méndez, Candela; Sanmartí, Neus; Skouradakis, Grigorios; Boada, Jordi; Pagès, Jordi F; Alcoverro, Teresa; Arthur, Rohan","Tropical range extending herbivorous fishes gain foraging benefits by shoaling with native temperate species","Scientific Reports","","","","","","2025","2026-06-21 20:16:13","2026-06-21 20:16:13","","35137","","1","15","","","","","","","","Nature Publishing Group UK London","","","","","","","","","","","","","","","","","","","","","","","","","","","","","","","","","","","","","","","","","","","","","","","","","","","","","","","","","","","",""
"SE4I724Z","journalArticle","2025","Lowerre-Barbieri, Susan K; Wall, Kara; Friess, Claudia; Keenan, Sean; Lembke, Chad; Tarnecki, Joseph; Williams-Grove, Laura Jay; Patterson III, William F","Movement traits important to conservation and fisheries management: an example with red snapper","Scientific Reports","","","","","","2025","2026-06-21 20:16:13","2026-06-21 20:16:13","","4614","","1","15","","","","","","","","Nature Publishing Group UK London","","","","","","","","","","","","","","","","","","","","","","","","","","","","","","","","","","","","","","","","","","","","","","","","","","","","","","","","","","","",""
"EN7USZZW","journalArticle","2025","Lowerre-Barbieri, Susan K; Wall, Kara; Friess, Claudia; Keenan, Sean; Lembke, Chad; Tarnecki, Joseph; Williams-Grove, Laura Jay; Patterson III, William F","Movement traits important to conservation and fisheries management: an example with red snapper","Scientific Reports","","","","","","2025","2026-06-21 20:16:13","2026-06-21 20:16:13","","4614","","1","15","","","","","","","","Nature Publishing Group UK London","","","","","","","","","","","","","","","","","","","","","","","","","","","","","","","","","","","","","","","","","","","","","","","","","","","","","","","","","","","",""
"7QQ4ZFX7","journalArticle","2025","Rangel, Luciana Machado; Mesquita, Marcella Coelho Berjante; Barros, Shara Rosa de; Neres-Lima, Vinicius; Celano, Michael Ribas; Vilar, Mauro Cesar Palmeira; Azevedo, Sandra Maria Feliciano de Oliveira E; Marinho, Marcelo Manzi","Chemical and Morphological Constitutive Defensive Traits of Cyanobacteria Have Different Effects on the Grazing of a Small Tropical Cladoceran","Toxins","","","","","","2025","2026-06-21 20:16:13","2026-06-21 20:16:13","","343","","7","17","","","","","","","","MDPI","","","","","","","","","","","","","","","","","","","","","","","","","","","","","","","","","","","","","","","","","","","","","","","","","","","","","","","","","","","",""
"Y875WM7F","journalArticle","2025","Rangel, Luciana Machado; Mesquita, Marcella Coelho Berjante; Barros, Shara Rosa de; Neres-Lima, Vinicius; Celano, Michael Ribas; Vilar, Mauro Cesar Palmeira; Azevedo, Sandra Maria Feliciano de Oliveira E; Marinho, Marcelo Manzi","Chemical and Morphological Constitutive Defensive Traits of Cyanobacteria Have Different Effects on the Grazing of a Small Tropical Cladoceran","Toxins","","","","","","2025","2026-06-21 20:16:13","2026-06-21 20:16:13","","343","","7","17","","","","","","","","MDPI","","","","","","","","","","","","","","","","","","","","","","","","","","","","","","","","","","","","","","","","","","","","","","","","","","","","","","","","","","","",""
"R4Z7AW7R","journalArticle","2025","Cui, Boya; Mariani, Rachel; Cathline, Kimberley A; Robertson, Gavin; Martin, Adam R","Reflectance spectroscopy predicts leaf functional traits across wine grape cultivars","Plants, People, Planet","","","","","","2025","2026-06-21 20:16:13","2026-06-21 20:16:13","","1524–1537","","5","7","","","","","","","","Wiley Online Library","","","","","","","","","","","","","","","","","","","","","","","","","","","","","","","","","","","","","","","","","","","","","","","","","","","","","","","","","","","",""
"BRAQK3IH","journalArticle","2025","Cui, Boya; Mariani, Rachel; Cathline, Kimberley A; Robertson, Gavin; Martin, Adam R","Reflectance spectroscopy predicts leaf functional traits across wine grape cultivars","Plants, People, Planet","","","","","","2025","2026-06-21 20:16:13","2026-06-21 20:16:13","","1524–1537","","5","7","","","","","","","","Wiley Online Library","","","","","","","","","","","","","","","","","","","","","","","","","","","","","","","","","","","","","","","","","","","","","","","","","","","","","","","","","","","",""
"RP5WQE76","journalArticle","2025","Albino-Bohórquez, Arledys; Gutiérrez, Yeisson; Bohórquez, German; Bacca, Tito","Integrated analysis of lethal and sublethal effects of rice pesticides on the natural predator Microvelia pulchella (Insecta: Hemiptera: Veliidae): insights into direct and indirect effects","Environmental Toxicology and Chemistry","","","","","","2025","2026-06-21 20:16:13","2026-06-21 20:16:13","","1672–1685","","6","44","","","","","","","","Oxford University Press","","","","","","","","","","","","","","","","","","","","","","","","","","","","","","","","","","","","","","","","","","","","","","","","","","","","","","","","","","","",""
"32SXQ47N","journalArticle","2025","Albino-Bohórquez, Arledys; Gutiérrez, Yeisson; Bohórquez, German; Bacca, Tito","Integrated analysis of lethal and sublethal effects of rice pesticides on the natural predator Microvelia pulchella (Insecta: Hemiptera: Veliidae): insights into direct and indirect effects","Environmental Toxicology and Chemistry","","","","","","2025","2026-06-21 20:16:13","2026-06-21 20:16:13","","1672–1685","","6","44","","","","","","","","Oxford University Press","","","","","","","","","","","","","","","","","","","","","","","","","","","","","","","","","","","","","","","","","","","","","","","","","","","","","","","","","","","",""
"PYT33PCP","journalArticle","2025","Bletz, Molly C; Grant, Evan H Campbell; DiRenzo, Graziella","Quantitative support for the benefits of proactive management for wildlife disease control","Conservation Biology","","","","","","2025","2026-06-21 20:16:13","2026-06-21 20:16:13","","e14363","","1","39","","","","","","","","Wiley Online Library","","","","","","","","","","","","","","","","","","","","","","","","","","","","","","","","","","","","","","","","","","","","","","","","","","","","","","","","","","","",""
"P9JB4EZ5","journalArticle","2025","Bletz, Molly C; Grant, Evan H Campbell; DiRenzo, Graziella","Quantitative support for the benefits of proactive management for wildlife disease control","Conservation Biology","","","","","","2025","2026-06-21 20:16:13","2026-06-21 20:16:13","","e14363","","1","39","","","","","","","","Wiley Online Library","","","","","","","","","","","","","","","","","","","","","","","","","","","","","","","","","","","","","","","","","","","","","","","","","","","","","","","","","","","",""
"4B3MPPJS","journalArticle","2025","Leroy, Valentine; Decocq, Guillaume; Noirot-Cosson, Paul-Emile; Marrec, Ronan","Impacts of punctual solar trackers on soil biodiversity in agricultural lands","Geoderma","","","","","","2025","2026-06-21 20:16:13","2026-06-21 20:16:13","","117147","","","453","","","","","","","","Elsevier","","","","","","","","","","","","","","","","","","","","","","","","","","","","","","","","","","","","","","","","","","","","","","","","","","","","","","","","","","","",""
"HNRWDS9J","journalArticle","2025","Leroy, Valentine; Decocq, Guillaume; Noirot-Cosson, Paul-Emile; Marrec, Ronan","Impacts of punctual solar trackers on soil biodiversity in agricultural lands","Geoderma","","","","","","2025","2026-06-21 20:16:13","2026-06-21 20:16:13","","117147","","","453","","","","","","","","Elsevier","","","","","","","","","","","","","","","","","","","","","","","","","","","","","","","","","","","","","","","","","","","","","","","","","","","","","","","","","","","",""
"IC277EBY","journalArticle","2025","Iancu, Mihaela; Coste, Sorina-Cezara; Cozma, Angela; Orășan, Olga Hilda; Lucaciu, Roxana Liana; Hangan, Adriana Corina; Para, Ioana; Gog Bogdan, Sidonia; Procopciuc, Lucia-Maria","Metabolic characteristics and cytokine gene polymorphisms as potential risk factors for a higher liver fibrosis stage in MASLD patients: a hospital-based study","International Journal of Molecular Sciences","","","","","","2025","2026-06-21 20:16:13","2026-06-21 20:16:13","","3730","","8","26","","","","","","","","MDPI","","","","","","","","","","","","","","","","","","","","","","","","","","","","","","","","","","","","","","","","","","","","","","","","","","","","","","","","","","","",""
"WDX624X4","journalArticle","2025","Iancu, Mihaela; Coste, Sorina-Cezara; Cozma, Angela; Orășan, Olga Hilda; Lucaciu, Roxana Liana; Hangan, Adriana Corina; Para, Ioana; Gog Bogdan, Sidonia; Procopciuc, Lucia-Maria","Metabolic characteristics and cytokine gene polymorphisms as potential risk factors for a higher liver fibrosis stage in MASLD patients: a hospital-based study","International Journal of Molecular Sciences","","","","","","2025","2026-06-21 20:16:13","2026-06-21 20:16:13","","3730","","8","26","","","","","","","","MDPI","","","","","","","","","","","","","","","","","","","","","","","","","","","","","","","","","","","","","","","","","","","","","","","","","","","","","","","","","","","",""
"NGWVB39Q","journalArticle","2025","Chappa, Merbelita Yalta; Angeles, Wildor Gosgot; Quispe-Sanchez, Luz; Servan, Diana Carina Mori; Gomez, Homar Santillan; Oliva-Cruz, Manuel; Gurbillón, Miguel Ángel Barrena","Modeling of drying kinetics and chemical analysis for optimal preservation of pitahaya, aguaymanto and pineapple fruits using a parabolic solar dehydrator in the Amazon region-Peru","Journal of Agriculture and Food Research","","","","","","2025","2026-06-21 20:16:13","2026-06-21 20:16:13","","101696","","","19","","","","","","","","Elsevier","","","","","","","","","","","","","","","","","","","","","","","","","","","","","","","","","","","","","","","","","","","","","","","","","","","","","","","","","","","",""
"R494FQ67","journalArticle","2025","Chappa, Merbelita Yalta; Angeles, Wildor Gosgot; Quispe-Sanchez, Luz; Servan, Diana Carina Mori; Gomez, Homar Santillan; Oliva-Cruz, Manuel; Gurbillón, Miguel Ángel Barrena","Modeling of drying kinetics and chemical analysis for optimal preservation of pitahaya, aguaymanto and pineapple fruits using a parabolic solar dehydrator in the Amazon region-Peru","Journal of Agriculture and Food Research","","","","","","2025","2026-06-21 20:16:13","2026-06-21 20:16:13","","101696","","","19","","","","","","","","Elsevier","","","","","","","","","","","","","","","","","","","","","","","","","","","","","","","","","","","","","","","","","","","","","","","","","","","","","","","","","","","",""
"JQISH857","journalArticle","2025","Gomez, Bárbara M; Diaz, Nelson S; Saraceno, Martín; Sinistro, Rodrigo; Graziano, Martín","Quantifying the benefits of nature-based solutions in urban drainage on headwater stream water quality","Journal of Environmental Management","","","","","","2025","2026-06-21 20:16:13","2026-06-21 20:16:13","","125363","","","385","","","","","","","","Elsevier","","","","","","","","","","","","","","","","","","","","","","","","","","","","","","","","","","","","","","","","","","","","","","","","","","","","","","","","","","","",""
"FIZV74CG","journalArticle","2025","Gomez, Bárbara M; Diaz, Nelson S; Saraceno, Martín; Sinistro, Rodrigo; Graziano, Martín","Quantifying the benefits of nature-based solutions in urban drainage on headwater stream water quality","Journal of Environmental Management","","","","","","2025","2026-06-21 20:16:13","2026-06-21 20:16:13","","125363","","","385","","","","","","","","Elsevier","","","","","","","","","","","","","","","","","","","","","","","","","","","","","","","","","","","","","","","","","","","","","","","","","","","","","","","","","","","",""
"2JDKUU3M","journalArticle","2025","Bates, AJ; Wells, M; Fitzpatrick, C; Laven, RA","Effect of a pre-calving injectable trace mineral supplement on white blood cell function in seasonally calving pastoral dairy cows","New Zealand Veterinary Journal","","","","","","2025","2026-06-21 20:16:13","2026-06-21 20:16:13","","87–99","","2","73","","","","","","","","Taylor & Francis","","","","","","","","","","","","","","","","","","","","","","","","","","","","","","","","","","","","","","","","","","","","","","","","","","","","","","","","","","","",""
"A97I5PNG","journalArticle","2025","Bates, AJ; Wells, M; Fitzpatrick, C; Laven, RA","Effect of a pre-calving injectable trace mineral supplement on white blood cell function in seasonally calving pastoral dairy cows","New Zealand Veterinary Journal","","","","","","2025","2026-06-21 20:16:13","2026-06-21 20:16:13","","87–99","","2","73","","","","","","","","Taylor & Francis","","","","","","","","","","","","","","","","","","","","","","","","","","","","","","","","","","","","","","","","","","","","","","","","","","","","","","","","","","","",""
"M9AFEG54","journalArticle","2025","Vecchio, Davide; Bono, Alessia; Resente, Giulia; Musio, Luca; Berretti, Roberta; Ascoli, Davide; Camerano, Paolo; Terzuolo, Pier Giorgio; Motta, Renzo","The effects of cutting season on stump mortality and resprouting in southern European Sweet chestnut (Castanea sativa Mill.) coppices","Forest Ecology and Management","","","","","","2025","2026-06-21 20:16:13","2026-06-21 20:16:13","","122610","","","585","","","","","","","","Elsevier","","","","","","","","","","","","","","","","","","","","","","","","","","","","","","","","","","","","","","","","","","","","","","","","","","","","","","","","","","","",""
"SJRQHVTS","journalArticle","2025","Vecchio, Davide; Bono, Alessia; Resente, Giulia; Musio, Luca; Berretti, Roberta; Ascoli, Davide; Camerano, Paolo; Terzuolo, Pier Giorgio; Motta, Renzo","The effects of cutting season on stump mortality and resprouting in southern European Sweet chestnut (Castanea sativa Mill.) coppices","Forest Ecology and Management","","","","","","2025","2026-06-21 20:16:13","2026-06-21 20:16:13","","122610","","","585","","","","","","","","Elsevier","","","","","","","","","","","","","","","","","","","","","","","","","","","","","","","","","","","","","","","","","","","","","","","","","","","","","","","","","","","",""
"85GTXVBT","journalArticle","2025","Zizka, Vera; Schwesig, Katharina; Engel, Nele; Hölzel, Norbert; Scherber, Christoph","Environmental DNA supports importance of heterogeneous pond landscapes for arthropod diversity conservation","Ecosphere","","","","","","2025","2026-06-21 20:16:13","2026-06-21 20:16:13","","e70171","","2","16","","","","","","","","Wiley Online Library","","","","","","","","","","","","","","","","","","","","","","","","","","","","","","","","","","","","","","","","","","","","","","","","","","","","","","","","","","","",""
"DDCY5PKQ","journalArticle","2025","Zizka, Vera; Schwesig, Katharina; Engel, Nele; Hölzel, Norbert; Scherber, Christoph","Environmental DNA supports importance of heterogeneous pond landscapes for arthropod diversity conservation","Ecosphere","","","","","","2025","2026-06-21 20:16:13","2026-06-21 20:16:13","","e70171","","2","16","","","","","","","","Wiley Online Library","","","","","","","","","","","","","","","","","","","","","","","","","","","","","","","","","","","","","","","","","","","","","","","","","","","","","","","","","","","",""
"73G87PLM","journalArticle","2025","Rocha, Ana Patrícia; Guimarães, Afonso; Oliveira, Ilídio C; Fernandes, José Maria; e Silva, Miguel Oliveira; Silva, Samuel; Teixeira, António","In-bed gesture recognition to support the communication of people with Aphasia","Pervasive and Mobile Computing","","","","","","2025","2026-06-21 20:16:13","2026-06-21 20:16:13","","102029","","","109","","","","","","","","Elsevier","","","","","","","","","","","","","","","","","","","","","","","","","","","","","","","","","","","","","","","","","","","","","","","","","","","","","","","","","","","",""
"5JLAMYRE","journalArticle","2025","Rocha, Ana Patrícia; Guimarães, Afonso; Oliveira, Ilídio C; Fernandes, José Maria; e Silva, Miguel Oliveira; Silva, Samuel; Teixeira, António","In-bed gesture recognition to support the communication of people with Aphasia","Pervasive and Mobile Computing","","","","","","2025","2026-06-21 20:16:13","2026-06-21 20:16:13","","102029","","","109","","","","","","","","Elsevier","","","","","","","","","","","","","","","","","","","","","","","","","","","","","","","","","","","","","","","","","","","","","","","","","","","","","","","","","","","",""
"9K83XEA3","journalArticle","2025","Garrido-de León, Federico; Franco-Trecu, Valentina; Naya, Daniel E; Costa-Pereira, Raul","Unraveling how keystone niche individuals contribute disproportionately to the population niche","Oikos","","","","","","2025","2026-06-21 20:16:13","2026-06-21 20:16:13","","e11034","","8","2025","","","","","","","","Wiley Online Library","","","","","","","","","","","","","","","","","","","","","","","","","","","","","","","","","","","","","","","","","","","","","","","","","","","","","","","","","","","",""
"PN8FW3LZ","journalArticle","2025","Garrido-de León, Federico; Franco-Trecu, Valentina; Naya, Daniel E; Costa-Pereira, Raul","Unraveling how keystone niche individuals contribute disproportionately to the population niche","Oikos","","","","","","2025","2026-06-21 20:16:13","2026-06-21 20:16:13","","e11034","","8","2025","","","","","","","","Wiley Online Library","","","","","","","","","","","","","","","","","","","","","","","","","","","","","","","","","","","","","","","","","","","","","","","","","","","","","","","","","","","",""
"3743W2L3","journalArticle","2025","Dione, Michel; Ilboudo, Guy; Paré, Adama; Songré-Ouattara, Laurencia T; Danyluk, Michelle D; Ganser, Claudia; Knight-Jones, Theodore JD; Havelaar, Arie H","Washing chicken carcasses with water proves unreliable as a means of reducing bacterial contamination in unhygienic market conditions in Burkina Faso","Journal of Food Protection","","","","","","2025","2026-06-21 20:16:13","2026-06-21 20:16:13","","100598","","","","","","","","","","","Elsevier","","","","","","","","","","","","","","","","","","","","","","","","","","","","","","","","","","","","","","","","","","","","","","","","","","","","","","","","","","","",""
"X254N85E","journalArticle","2025","Dione, Michel; Ilboudo, Guy; Paré, Adama; Songré-Ouattara, Laurencia T; Danyluk, Michelle D; Ganser, Claudia; Knight-Jones, Theodore JD; Havelaar, Arie H","Washing chicken carcasses with water proves unreliable as a means of reducing bacterial contamination in unhygienic market conditions in Burkina Faso","Journal of Food Protection","","","","","","2025","2026-06-21 20:16:13","2026-06-21 20:16:13","","100598","","","","","","","","","","","Elsevier","","","","","","","","","","","","","","","","","","","","","","","","","","","","","","","","","","","","","","","","","","","","","","","","","","","","","","","","","","","",""
"KBVRUY5U","journalArticle","2025","Chelkha, Maryam; Blanco-Pérez, Rubén; Labarga, David; de Toro, María; Duenas-Hernani, Jorge; Wickings, Kyle; Campos-Herrera, Raquel","Co-occurrence of entomopathogenic nematodes and earthworms enhances enduring biocontrol activity and microbial diversity in a naturalized plant-soil system","Biological Control","","","","","","2025","2026-06-21 20:16:13","2026-06-21 20:16:13","","105685","","","200","","","","","","","","Elsevier","","","","","","","","","","","","","","","","","","","","","","","","","","","","","","","","","","","","","","","","","","","","","","","","","","","","","","","","","","","",""
"AFWJ2PT4","journalArticle","2025","Chelkha, Maryam; Blanco-Pérez, Rubén; Labarga, David; de Toro, María; Duenas-Hernani, Jorge; Wickings, Kyle; Campos-Herrera, Raquel","Co-occurrence of entomopathogenic nematodes and earthworms enhances enduring biocontrol activity and microbial diversity in a naturalized plant-soil system","Biological Control","","","","","","2025","2026-06-21 20:16:13","2026-06-21 20:16:13","","105685","","","200","","","","","","","","Elsevier","","","","","","","","","","","","","","","","","","","","","","","","","","","","","","","","","","","","","","","","","","","","","","","","","","","","","","","","","","","",""
"WVLHCWB4","journalArticle","2025","Umbra, Robin; Fasbender, Ulrike","The daily relations between workplace anger, coping strategies, work outcomes, and workplace affiliation","Frontiers in Psychology","","","","","","2025","2026-06-21 20:16:13","2026-06-21 20:16:13","","1538914","","","16","","","","","","","","Frontiers Media SA","","","","","","","","","","","","","","","","","","","","","","","","","","","","","","","","","","","","","","","","","","","","","","","","","","","","","","","","","","","",""
"5C35T3LZ","journalArticle","2025","Umbra, Robin; Fasbender, Ulrike","The daily relations between workplace anger, coping strategies, work outcomes, and workplace affiliation","Frontiers in Psychology","","","","","","2025","2026-06-21 20:16:13","2026-06-21 20:16:13","","1538914","","","16","","","","","","","","Frontiers Media SA","","","","","","","","","","","","","","","","","","","","","","","","","","","","","","","","","","","","","","","","","","","","","","","","","","","","","","","","","","","",""
"PVDZYCL3","journalArticle","2025","Ricetti, Lorenzo; Hurtado, Santiago I; Zaninelli, Pablo G; Agosta, Eduardo A","Determining the percentile threshold of daily extreme precipitation, methods evaluation","Stochastic Environmental Research and Risk Assessment","","","","","","2025","2026-06-21 20:16:13","2026-06-21 20:16:13","","2887–2902","","7","39","","","","","","","","Springer","","","","","","","","","","","","","","","","","","","","","","","","","","","","","","","","","","","","","","","","","","","","","","","","","","","","","","","","","","","",""
"USJI89CN","journalArticle","2025","Ricetti, Lorenzo; Hurtado, Santiago I; Zaninelli, Pablo G; Agosta, Eduardo A","Determining the percentile threshold of daily extreme precipitation, methods evaluation","Stochastic Environmental Research and Risk Assessment","","","","","","2025","2026-06-21 20:16:13","2026-06-21 20:16:13","","2887–2902","","7","39","","","","","","","","Springer","","","","","","","","","","","","","","","","","","","","","","","","","","","","","","","","","","","","","","","","","","","","","","","","","","","","","","","","","","","",""
"K5KA67P9","journalArticle","2025","Lowry, Sarah A; Steele, Joshua A; Griffith, John F; Schiff, Kenneth C; Boehm, Alexandria B","Simulated gastrointestinal risk from recreational exposure to Southern California stormwater and relationship to human-associated Bacteroidales marker HF183","Environmental Science: Processes & Impacts","","","","","","2025","2026-06-21 20:16:13","2026-06-21 20:16:13","","718–728","","3","27","","","","","","","","Royal Society of Chemistry","","","","","","","","","","","","","","","","","","","","","","","","","","","","","","","","","","","","","","","","","","","","","","","","","","","","","","","","","","","",""
"I8SXLMT6","journalArticle","2025","Lowry, Sarah A; Steele, Joshua A; Griffith, John F; Schiff, Kenneth C; Boehm, Alexandria B","Simulated gastrointestinal risk from recreational exposure to Southern California stormwater and relationship to human-associated Bacteroidales marker HF183","Environmental Science: Processes & Impacts","","","","","","2025","2026-06-21 20:16:13","2026-06-21 20:16:13","","718–728","","3","27","","","","","","","","Royal Society of Chemistry","","","","","","","","","","","","","","","","","","","","","","","","","","","","","","","","","","","","","","","","","","","","","","","","","","","","","","","","","","","",""
"V9JWIS8R","journalArticle","2025","Cotlier, Gabriel I; Miranda, Vitor FVV de; Jimenez, Juan Carlos","Characterization and Quantification of Methane Emission Plumes and Super-Emitter Detection Across North-Central Brazil Using Hyperspectral Satellite Data","Remote Sensing","","","","","","2025","2026-06-21 20:16:13","2026-06-21 20:16:13","","3973","","24","17","","","","","","","","MDPI","","","","","","","","","","","","","","","","","","","","","","","","","","","","","","","","","","","","","","","","","","","","","","","","","","","","","","","","","","","",""
"36MNPWYE","journalArticle","2025","Cotlier, Gabriel I; Miranda, Vitor FVV de; Jimenez, Juan Carlos","Characterization and Quantification of Methane Emission Plumes and Super-Emitter Detection Across North-Central Brazil Using Hyperspectral Satellite Data","Remote Sensing","","","","","","2025","2026-06-21 20:16:13","2026-06-21 20:16:13","","3973","","24","17","","","","","","","","MDPI","","","","","","","","","","","","","","","","","","","","","","","","","","","","","","","","","","","","","","","","","","","","","","","","","","","","","","","","","","","",""
"JIWBHA4G","journalArticle","2025","Seear, Paul J; Dowling, Henry JA; Szymańska-Lejman, Maja; Dziegielewski, Wojciech; Debilio, Simona; Franklin, F Chris H; Corbett, Kevin D; Davies, Owen R; Ziolkowski, Piotr A; Higgins, James D","SCEP3 initiates synapsis and implements crossover interference in Arabidopsis","Nature Plants","","","","","","2025","2026-06-21 20:16:13","2026-06-21 20:16:13","","1–17","","","","","","","","","","","Nature Publishing Group UK London","","","","","","","","","","","","","","","","","","","","","","","","","","","","","","","","","","","","","","","","","","","","","","","","","","","","","","","","","","","",""
"V9NB3ZXK","journalArticle","2025","Seear, Paul J; Dowling, Henry JA; Szymańska-Lejman, Maja; Dziegielewski, Wojciech; Debilio, Simona; Franklin, F Chris H; Corbett, Kevin D; Davies, Owen R; Ziolkowski, Piotr A; Higgins, James D","SCEP3 initiates synapsis and implements crossover interference in Arabidopsis","Nature Plants","","","","","","2025","2026-06-21 20:16:13","2026-06-21 20:16:13","","1–17","","","","","","","","","","","Nature Publishing Group UK London","","","","","","","","","","","","","","","","","","","","","","","","","","","","","","","","","","","","","","","","","","","","","","","","","","","","","","","","","","","",""
"KI5WL475","journalArticle","2025","Paulos, Abigail P; Hilton, Stephen P; Shelden, Bridgette; Duong, Dorothea; Boehm, Alexandria B; Wolfe, Marlene K","Detection of Hemagglutinin H5 influenza A virus RNA and model of potential inputs in an urban California sewershed","Environmental Science & Technology","","","","","","2025","2026-06-21 20:16:13","2026-06-21 20:16:13","","16168–16179","","31","59","","","","","","","","ACS Publications","","","","","","","","","","","","","","","","","","","","","","","","","","","","","","","","","","","","","","","","","","","","","","","","","","","","","","","","","","","",""
"LAZTE8GE","journalArticle","2025","Paulos, Abigail P; Hilton, Stephen P; Shelden, Bridgette; Duong, Dorothea; Boehm, Alexandria B; Wolfe, Marlene K","Detection of Hemagglutinin H5 influenza A virus RNA and model of potential inputs in an urban California sewershed","Environmental Science & Technology","","","","","","2025","2026-06-21 20:16:13","2026-06-21 20:16:13","","16168–16179","","31","59","","","","","","","","ACS Publications","","","","","","","","","","","","","","","","","","","","","","","","","","","","","","","","","","","","","","","","","","","","","","","","","","","","","","","","","","","",""
"WKHZ2DFZ","journalArticle","2025","Penconek, Marcin","Weber's Law as the emergent phenomenon of choices based on global inhibition","Frontiers in Neuroscience","","","","","","2025","2026-06-21 20:16:13","2026-06-21 20:16:13","","1532069","","","19","","","","","","","","Frontiers Media SA","","","","","","","","","","","","","","","","","","","","","","","","","","","","","","","","","","","","","","","","","","","","","","","","","","","","","","","","","","","",""
"9UHENTMN","journalArticle","2025","Penconek, Marcin","Weber's Law as the emergent phenomenon of choices based on global inhibition","Frontiers in Neuroscience","","","","","","2025","2026-06-21 20:16:13","2026-06-21 20:16:13","","1532069","","","19","","","","","","","","Frontiers Media SA","","","","","","","","","","","","","","","","","","","","","","","","","","","","","","","","","","","","","","","","","","","","","","","","","","","","","","","","","","","",""
"HMYJLFZH","journalArticle","2025","Udovicki, Bozidar; Tomic, Nikola; Radusin, Kristina; Kaludjerovic, Milica; Spirovic-Trifunovic, Bojana; Smigic, Nada; Djekic, Ilija","Cumulative dietary risk assessment of pesticide residues concerning craniofacial alterations in Serbia through fruits and vegetable intake","Food and Chemical Toxicology","","","","","","2025","2026-06-21 20:16:13","2026-06-21 20:16:13","","115618","","","204","","","","","","","","Elsevier","","","","","","","","","","","","","","","","","","","","","","","","","","","","","","","","","","","","","","","","","","","","","","","","","","","","","","","","","","","",""
"G6TZLYBP","journalArticle","2025","Udovicki, Bozidar; Tomic, Nikola; Radusin, Kristina; Kaludjerovic, Milica; Spirovic-Trifunovic, Bojana; Smigic, Nada; Djekic, Ilija","Cumulative dietary risk assessment of pesticide residues concerning craniofacial alterations in Serbia through fruits and vegetable intake","Food and Chemical Toxicology","","","","","","2025","2026-06-21 20:16:13","2026-06-21 20:16:13","","115618","","","204","","","","","","","","Elsevier","","","","","","","","","","","","","","","","","","","","","","","","","","","","","","","","","","","","","","","","","","","","","","","","","","","","","","","","","","","",""
"HFBWDH5C","journalArticle","2025","Carriquiry, I García; Silva, Vera; Inchausti, Pablo; Trasante, Tania; Niell, Silvina; Azziz, Gastón; Pizzarossa, A Berro; Saracho, W; Fernández, Gabriela; Geissen, Violette","Field assessment of sequential herbicide mixtures on nitrogen cycle-related functions in soybean production","Agriculture, Ecosystems & Environment","","","","","","2025","2026-06-21 20:16:13","2026-06-21 20:16:13","","109339","","","379","","","","","","","","Elsevier","","","","","","","","","","","","","","","","","","","","","","","","","","","","","","","","","","","","","","","","","","","","","","","","","","","","","","","","","","","",""
"HUM36BAU","journalArticle","2025","Carriquiry, I García; Silva, Vera; Inchausti, Pablo; Trasante, Tania; Niell, Silvina; Azziz, Gastón; Pizzarossa, A Berro; Saracho, W; Fernández, Gabriela; Geissen, Violette","Field assessment of sequential herbicide mixtures on nitrogen cycle-related functions in soybean production","Agriculture, Ecosystems & Environment","","","","","","2025","2026-06-21 20:16:13","2026-06-21 20:16:13","","109339","","","379","","","","","","","","Elsevier","","","","","","","","","","","","","","","","","","","","","","","","","","","","","","","","","","","","","","","","","","","","","","","","","","","","","","","","","","","",""
"YYLVNG34","journalArticle","2025","Long, Xueying; Bui, Quang; Oktavian, Grady; Schmidt, Daniel F; Bergmeir, Christoph; Godahewa, Rakshitha; Lee, Seong Per; Zhao, Kaifeng; Condylis, Paul","Scalable probabilistic forecasting in retail with gradient boosted trees: A practitioner's approach","International Journal of Production Economics","","","","","","2025","2026-06-21 20:16:13","2026-06-21 20:16:13","","109449","","","279","","","","","","","","Elsevier","","","","","","","","","","","","","","","","","","","","","","","","","","","","","","","","","","","","","","","","","","","","","","","","","","","","","","","","","","","",""
"QB5IQ9LJ","journalArticle","2025","Long, Xueying; Bui, Quang; Oktavian, Grady; Schmidt, Daniel F; Bergmeir, Christoph; Godahewa, Rakshitha; Lee, Seong Per; Zhao, Kaifeng; Condylis, Paul","Scalable probabilistic forecasting in retail with gradient boosted trees: A practitioner's approach","International Journal of Production Economics","","","","","","2025","2026-06-21 20:16:13","2026-06-21 20:16:13","","109449","","","279","","","","","","","","Elsevier","","","","","","","","","","","","","","","","","","","","","","","","","","","","","","","","","","","","","","","","","","","","","","","","","","","","","","","","","","","",""
"NB4H47WP","journalArticle","2025","Katz, Harrison; Savage, Erica","Slomads rising: Structural shifts in US Airbnb stay lengths during and after the pandemic (2019–2024)","Tourism and Hospitality","","","","","","2025","2026-06-21 20:16:13","2026-06-21 20:16:13","","182","","4","6","","","","","","","","MDPI","","","","","","","","","","","","","","","","","","","","","","","","","","","","","","","","","","","","","","","","","","","","","","","","","","","","","","","","","","","",""
"ZLCBYRML","journalArticle","2025","Katz, Harrison; Savage, Erica","Slomads rising: Structural shifts in US Airbnb stay lengths during and after the pandemic (2019–2024)","Tourism and Hospitality","","","","","","2025","2026-06-21 20:16:13","2026-06-21 20:16:13","","182","","4","6","","","","","","","","MDPI","","","","","","","","","","","","","","","","","","","","","","","","","","","","","","","","","","","","","","","","","","","","","","","","","","","","","","","","","","","",""
"2UX6MPEB","journalArticle","2025","Camisón, Álvaro; Monteiro, Pedro; Dorado, F Javier; Sánchez-Bel, Paloma; Leitão, Frederico; Meijón, Mónica; Pinto, Gloria","Choosing the right signaling pathway: hormone responses to Phytophthora cinnamomi during compatible and incompatible interactions with chestnut (Castanea spp.)","Tree physiology","","","","","","2025","2026-06-21 20:16:13","2026-06-21 20:16:13","","tpaf016","","3","45","","","","","","","","Oxford University Press","","","","","","","","","","","","","","","","","","","","","","","","","","","","","","","","","","","","","","","","","","","","","","","","","","","","","","","","","","","",""
"KRNU5LMQ","journalArticle","2025","Camisón, Álvaro; Monteiro, Pedro; Dorado, F Javier; Sánchez-Bel, Paloma; Leitão, Frederico; Meijón, Mónica; Pinto, Gloria","Choosing the right signaling pathway: hormone responses to Phytophthora cinnamomi during compatible and incompatible interactions with chestnut (Castanea spp.)","Tree physiology","","","","","","2025","2026-06-21 20:16:13","2026-06-21 20:16:13","","tpaf016","","3","45","","","","","","","","Oxford University Press","","","","","","","","","","","","","","","","","","","","","","","","","","","","","","","","","","","","","","","","","","","","","","","","","","","","","","","","","","","",""
"X9JNKRC7","journalArticle","2025","Combes, Matt; Brown, Nathan; Thompson, Robin N; Mastin, Alexander; Crow, Peter; Parnell, Stephen","Unlocking plant health survey data: An approach to quantify the sensitivity and specificity of visual inspections","PLOS Computational Biology","","","","","","2025","2026-06-21 20:16:13","2026-06-21 20:16:13","","e1012957","","11","21","","","","","","","","Public Library of Science San Francisco, CA USA","","","","","","","","","","","","","","","","","","","","","","","","","","","","","","","","","","","","","","","","","","","","","","","","","","","","","","","","","","","",""
"SBCKKT8D","journalArticle","2025","Combes, Matt; Brown, Nathan; Thompson, Robin N; Mastin, Alexander; Crow, Peter; Parnell, Stephen","Unlocking plant health survey data: An approach to quantify the sensitivity and specificity of visual inspections","PLOS Computational Biology","","","","","","2025","2026-06-21 20:16:13","2026-06-21 20:16:13","","e1012957","","11","21","","","","","","","","Public Library of Science San Francisco, CA USA","","","","","","","","","","","","","","","","","","","","","","","","","","","","","","","","","","","","","","","","","","","","","","","","","","","","","","","","","","","",""
"72L45WHR","journalArticle","2025","Fatulla, Pavel; Imberg, Henrik; Sterner Isaksson, Sofia; Hirsch, Irl B; Mårtensson, Johan; Liljebäck, Hanna; Heise, Tim; Lind, Marcus","Evaluating the Adequacy of Coefficient of Variation and Standard Deviation as Metrics of Glucose Variability in Type 1 Diabetes Based on Data from the GOLD and SILVER Trials","Diabetes Technology & Therapeutics","","","","","","2025","2026-06-21 20:16:13","2026-06-21 20:16:13","","606–612","","8","27","","","","","","","","SAGE Publications Sage CA: Los Angeles, CA","","","","","","","","","","","","","","","","","","","","","","","","","","","","","","","","","","","","","","","","","","","","","","","","","","","","","","","","","","","",""
"E4XQURU7","journalArticle","2025","Fatulla, Pavel; Imberg, Henrik; Sterner Isaksson, Sofia; Hirsch, Irl B; Mårtensson, Johan; Liljebäck, Hanna; Heise, Tim; Lind, Marcus","Evaluating the Adequacy of Coefficient of Variation and Standard Deviation as Metrics of Glucose Variability in Type 1 Diabetes Based on Data from the GOLD and SILVER Trials","Diabetes Technology & Therapeutics","","","","","","2025","2026-06-21 20:16:13","2026-06-21 20:16:13","","606–612","","8","27","","","","","","","","SAGE Publications Sage CA: Los Angeles, CA","","","","","","","","","","","","","","","","","","","","","","","","","","","","","","","","","","","","","","","","","","","","","","","","","","","","","","","","","","","",""
"ZVNXDKID","journalArticle","2025","Williams, Paul Allen; Roberts, Emily K; Nguyen, Quynh-Anh; Rahmouni, Kamal","Identifying unimodal finite mixture models in data sets using distribution shifting–A novel approach","Results in engineering","","","","","","2025","2026-06-21 20:16:13","2026-06-21 20:16:13","","105393","","","26","","","","","","","","Elsevier","","","","","","","","","","","","","","","","","","","","","","","","","","","","","","","","","","","","","","","","","","","","","","","","","","","","","","","","","","","",""
"E2786STK","journalArticle","2025","Williams, Paul Allen; Roberts, Emily K; Nguyen, Quynh-Anh; Rahmouni, Kamal","Identifying unimodal finite mixture models in data sets using distribution shifting–A novel approach","Results in engineering","","","","","","2025","2026-06-21 20:16:13","2026-06-21 20:16:13","","105393","","","26","","","","","","","","Elsevier","","","","","","","","","","","","","","","","","","","","","","","","","","","","","","","","","","","","","","","","","","","","","","","","","","","","","","","","","","","",""
"SRVWUKTN","journalArticle","2025","Winter, Silvia; Weitzl, Ricarda; Möth, Stefan; Petrović, Božana; Aurelle, Violette; Tolle, Pauline; Costes, Thomas; Richart-Cervera, Sylvie; Rusch, Adrien","Extensive vegetation management and semi-natural habitats increase plant alpha and gamma diversity in European vineyards","Basic and Applied Ecology","","","","","","2025","2026-06-21 20:16:13","2026-06-21 20:16:13","","98–108","","","83","","","","","","","","Elsevier","","","","","","","","","","","","","","","","","","","","","","","","","","","","","","","","","","","","","","","","","","","","","","","","","","","","","","","","","","","",""
"AP3IM3FS","journalArticle","2025","Winter, Silvia; Weitzl, Ricarda; Möth, Stefan; Petrović, Božana; Aurelle, Violette; Tolle, Pauline; Costes, Thomas; Richart-Cervera, Sylvie; Rusch, Adrien","Extensive vegetation management and semi-natural habitats increase plant alpha and gamma diversity in European vineyards","Basic and Applied Ecology","","","","","","2025","2026-06-21 20:16:13","2026-06-21 20:16:13","","98–108","","","83","","","","","","","","Elsevier","","","","","","","","","","","","","","","","","","","","","","","","","","","","","","","","","","","","","","","","","","","","","","","","","","","","","","","","","","","",""
"LPSSKXLE","journalArticle","2025","Figueira, Tyler; Frachon, Léa; Schiestl, Florian P","Bumblebee pollination and herbivory alter genomic adaptation of plants to soil","Molecular Ecology","","","","","","2025","2026-06-21 20:16:13","2026-06-21 20:16:13","","e17811","","13","34","","","","","","","","Wiley Online Library","","","","","","","","","","","","","","","","","","","","","","","","","","","","","","","","","","","","","","","","","","","","","","","","","","","","","","","","","","","",""
"8GYCDEI5","journalArticle","2025","Figueira, Tyler; Frachon, Léa; Schiestl, Florian P","Bumblebee pollination and herbivory alter genomic adaptation of plants to soil","Molecular Ecology","","","","","","2025","2026-06-21 20:16:13","2026-06-21 20:16:13","","e17811","","13","34","","","","","","","","Wiley Online Library","","","","","","","","","","","","","","","","","","","","","","","","","","","","","","","","","","","","","","","","","","","","","","","","","","","","","","","","","","","",""
"NLJXUWQW","journalArticle","2025","Luna-Zuniga, E; Paz, H; Mendoza-Arroyo, W; Buckley, YM; Del-Val, E","Do native land crabs hinder forest regeneration on Socorro Island?","Journal for Nature Conservation","","","","","","2025","2026-06-21 20:16:13","2026-06-21 20:16:13","","126994","","","87","","","","","","","","Elsevier","","","","","","","","","","","","","","","","","","","","","","","","","","","","","","","","","","","","","","","","","","","","","","","","","","","","","","","","","","","",""
"9W46SCZX","journalArticle","2025","Luna-Zuniga, E; Paz, H; Mendoza-Arroyo, W; Buckley, YM; Del-Val, E","Do native land crabs hinder forest regeneration on Socorro Island?","Journal for Nature Conservation","","","","","","2025","2026-06-21 20:16:13","2026-06-21 20:16:13","","126994","","","87","","","","","","","","Elsevier","","","","","","","","","","","","","","","","","","","","","","","","","","","","","","","","","","","","","","","","","","","","","","","","","","","","","","","","","","","",""
"EANEPKXX","journalArticle","2025","Donhauser, Jonathan; Han, Xingguo; Doménech-Pascual, Anna; Jordaan, Karen; Casas-Ruiz, Joan Pere; Stoletov, Georgii; Ramond, Jean-Baptiste; Romaní, Anna M; Frossard, Aline; Priemé, Anders","Cross-continental soil prokaryotic traits driven by precipitation regime and land cover","Communications Earth & Environment","","","","","","2025","2026-06-21 20:16:13","2026-06-21 20:16:13","","","","","","","","","","","","","Nature Publishing Group UK London","","","","","","","","","","","","","","","","","","","","","","","","","","","","","","","","","","","","","","","","","","","","","","","","","","","","","","","","","","","",""
"HI3XN4ZP","journalArticle","2025","Donhauser, Jonathan; Han, Xingguo; Doménech-Pascual, Anna; Jordaan, Karen; Casas-Ruiz, Joan Pere; Stoletov, Georgii; Ramond, Jean-Baptiste; Romaní, Anna M; Frossard, Aline; Priemé, Anders","Cross-continental soil prokaryotic traits driven by precipitation regime and land cover","Communications Earth & Environment","","","","","","2025","2026-06-21 20:16:13","2026-06-21 20:16:13","","","","","","","","","","","","","Nature Publishing Group UK London","","","","","","","","","","","","","","","","","","","","","","","","","","","","","","","","","","","","","","","","","","","","","","","","","","","","","","","","","","","",""
"BPYZ66S3","journalArticle","2025","Calbacho-Rosa, Lucia; Cunningham, Mónica; Cargnelutti, Franco; García, Carlos Fernando; Peretti, Alfredo V","Reproductive investment in spiders: how female condition and oviposition timing influence egg sac quality","Journal of Insect Physiology","","","","","","2025","2026-06-21 20:16:13","2026-06-21 20:16:13","","104869","","","","","","","","","","","Elsevier","","","","","","","","","","","","","","","","","","","","","","","","","","","","","","","","","","","","","","","","","","","","","","","","","","","","","","","","","","","",""
"NGZ9SZXW","journalArticle","2025","Calbacho-Rosa, Lucia; Cunningham, Mónica; Cargnelutti, Franco; García, Carlos Fernando; Peretti, Alfredo V","Reproductive investment in spiders: how female condition and oviposition timing influence egg sac quality","Journal of Insect Physiology","","","","","","2025","2026-06-21 20:16:13","2026-06-21 20:16:13","","104869","","","","","","","","","","","Elsevier","","","","","","","","","","","","","","","","","","","","","","","","","","","","","","","","","","","","","","","","","","","","","","","","","","","","","","","","","","","",""
"PCQJZKZR","journalArticle","2025","Owen, Caitlin A; Casanovas, Paula; Schattschneider, Jessica; Dick, Grant; Walker, Seumas P; Symonds, Jane E","Comparing blood biochemistry and haematology normal ranges of Chinook salmon (Oncorhynchus tshawytscha) from different production systems","Aquaculture","","","","","","2025","2026-06-21 20:16:13","2026-06-21 20:16:13","","742016","","","598","","","","","","","","Elsevier","","","","","","","","","","","","","","","","","","","","","","","","","","","","","","","","","","","","","","","","","","","","","","","","","","","","","","","","","","","",""
"TCI4USGR","journalArticle","2025","Owen, Caitlin A; Casanovas, Paula; Schattschneider, Jessica; Dick, Grant; Walker, Seumas P; Symonds, Jane E","Comparing blood biochemistry and haematology normal ranges of Chinook salmon (Oncorhynchus tshawytscha) from different production systems","Aquaculture","","","","","","2025","2026-06-21 20:16:13","2026-06-21 20:16:13","","742016","","","598","","","","","","","","Elsevier","","","","","","","","","","","","","","","","","","","","","","","","","","","","","","","","","","","","","","","","","","","","","","","","","","","","","","","","","","","",""
"XGWEHF3C","journalArticle","2025","Ramachandran, Advyth; Iwanaga, Caryn D; Fugate, Michael; Huxley, Jared D; Rose-Person, Annika; Amatya, Rhea; Bui, Thuy-Tien; Spasojevic, Marko J","Litter removal increases plant diversity by promoting both native and exotic forbs in heavily invaded coastal sage scrub in Southern California, USA","Restoration Ecology","","","","","","2025","2026-06-21 20:16:13","2026-06-21 20:16:13","","e14340","","3","33","","","","","","","","Wiley Online Library","","","","","","","","","","","","","","","","","","","","","","","","","","","","","","","","","","","","","","","","","","","","","","","","","","","","","","","","","","","",""
"VVM3SJEF","journalArticle","2025","Ramachandran, Advyth; Iwanaga, Caryn D; Fugate, Michael; Huxley, Jared D; Rose-Person, Annika; Amatya, Rhea; Bui, Thuy-Tien; Spasojevic, Marko J","Litter removal increases plant diversity by promoting both native and exotic forbs in heavily invaded coastal sage scrub in Southern California, USA","Restoration Ecology","","","","","","2025","2026-06-21 20:16:13","2026-06-21 20:16:13","","e14340","","3","33","","","","","","","","Wiley Online Library","","","","","","","","","","","","","","","","","","","","","","","","","","","","","","","","","","","","","","","","","","","","","","","","","","","","","","","","","","","",""
"AZJIMLKC","journalArticle","2025","Walden, Nora; Mansion, Guilhem; Schnorf, Hektor; Koch, Marcus A; Guggisberg, Alessia","Murbeckiella is dead, long live Oreophyton: origin and systematics of tribe Oreophytoneae (Brassicaceae)","Annals of Botany","","","","","","2025","2026-06-21 20:16:13","2026-06-21 20:16:13","","mcaf115","","","","","","","","","","","Oxford University Press UK","","","","","","","","","","","","","","","","","","","","","","","","","","","","","","","","","","","","","","","","","","","","","","","","","","","","","","","","","","","",""
"ERFEM4YQ","journalArticle","2025","Walden, Nora; Mansion, Guilhem; Schnorf, Hektor; Koch, Marcus A; Guggisberg, Alessia","Murbeckiella is dead, long live Oreophyton: origin and systematics of tribe Oreophytoneae (Brassicaceae)","Annals of Botany","","","","","","2025","2026-06-21 20:16:13","2026-06-21 20:16:13","","mcaf115","","","","","","","","","","","Oxford University Press UK","","","","","","","","","","","","","","","","","","","","","","","","","","","","","","","","","","","","","","","","","","","","","","","","","","","","","","","","","","","",""
"NPW354YE","journalArticle","2025","Zhao, Shi; Guo, Zihao; Wang, Kai; Sun, Shengzhi; Sun, Dayu; Wang, Weiming; He, Daihai; Chong, Marc KC; Hao, Yuantao; Yeoh, Eng-Kiong","modelSSE: an R package for characterizing infectious disease superspreading from contact tracing data","Bulletin of Mathematical Biology","","","","","","2025","2026-06-21 20:16:13","2026-06-21 20:16:13","","47","","4","87","","","","","","","","Springer Nature BV","","","","","","","","","","","","","","","","","","","","","","","","","","","","","","","","","","","","","","","","","","","","","","","","","","","","","","","","","","","",""
"K58AP3XR","journalArticle","2025","Zhao, Shi; Guo, Zihao; Wang, Kai; Sun, Shengzhi; Sun, Dayu; Wang, Weiming; He, Daihai; Chong, Marc KC; Hao, Yuantao; Yeoh, Eng-Kiong","modelSSE: an R package for characterizing infectious disease superspreading from contact tracing data","Bulletin of Mathematical Biology","","","","","","2025","2026-06-21 20:16:13","2026-06-21 20:16:13","","47","","4","87","","","","","","","","Springer Nature BV","","","","","","","","","","","","","","","","","","","","","","","","","","","","","","","","","","","","","","","","","","","","","","","","","","","","","","","","","","","",""
"7TTIT86J","journalArticle","2025","Fattar, Noor; Louni, Meriem; Buysse, Marie; Floriano, Anna Maria; Bertaux, Joanne; Cantereau, Anne; Rivero, Ana; Bruley, Marjorie; McCoy, Karen D; Delafont, Vincent; others","Evolutionary convergence of nutritional symbionts in ticks","Environmental Microbiology Reports","","","","","","2025","2026-06-21 20:16:13","2026-06-21 20:16:13","","e70120","","3","17","","","","","","","","Wiley Online Library","","","","","","","","","","","","","","","","","","","","","","","","","","","","","","","","","","","","","","","","","","","","","","","","","","","","","","","","","","","",""
"TQBGCEDH","journalArticle","2025","Fattar, Noor; Louni, Meriem; Buysse, Marie; Floriano, Anna Maria; Bertaux, Joanne; Cantereau, Anne; Rivero, Ana; Bruley, Marjorie; McCoy, Karen D; Delafont, Vincent; others","Evolutionary convergence of nutritional symbionts in ticks","Environmental Microbiology Reports","","","","","","2025","2026-06-21 20:16:13","2026-06-21 20:16:13","","e70120","","3","17","","","","","","","","Wiley Online Library","","","","","","","","","","","","","","","","","","","","","","","","","","","","","","","","","","","","","","","","","","","","","","","","","","","","","","","","","","","",""
"X6C8AGLX","journalArticle","2025","Otieno, Kevin; Chaba, Linda; Omondi, Evans; Odhiambo, Collins; Omolo, Bernard","A Hierarchical Archimedean Copula (HAC) model for climatic variables: an application to Kenyan data","Frontiers in Applied Mathematics and Statistics","","","","","","2025","2026-06-21 20:16:13","2026-06-21 20:16:13","","1585707","","","11","","","","","","","","Frontiers Media SA","","","","","","","","","","","","","","","","","","","","","","","","","","","","","","","","","","","","","","","","","","","","","","","","","","","","","","","","","","","",""
"KZCB325S","journalArticle","2025","Otieno, Kevin; Chaba, Linda; Omondi, Evans; Odhiambo, Collins; Omolo, Bernard","A Hierarchical Archimedean Copula (HAC) model for climatic variables: an application to Kenyan data","Frontiers in Applied Mathematics and Statistics","","","","","","2025","2026-06-21 20:16:13","2026-06-21 20:16:13","","1585707","","","11","","","","","","","","Frontiers Media SA","","","","","","","","","","","","","","","","","","","","","","","","","","","","","","","","","","","","","","","","","","","","","","","","","","","","","","","","","","","",""
"BNSBH5GY","journalArticle","2025","Somsen, Elizabeth D; Septer, Kayla M; Field, Cassandra J; Patel, Devanshi R; Lowen, Anice C; Sutton, Troy C; Koelle, Katia","Quantifying viral pandemic potential from experimental transmission studies","PLoS computational biology","","","","","","2025","2026-06-21 20:16:13","2026-06-21 20:16:13","","e1013808","","12","21","","","","","","","","Public Library of Science San Francisco, CA USA","","","","","","","","","","","","","","","","","","","","","","","","","","","","","","","","","","","","","","","","","","","","","","","","","","","","","","","","","","","",""
"BUQEVTSX","journalArticle","2025","Somsen, Elizabeth D; Septer, Kayla M; Field, Cassandra J; Patel, Devanshi R; Lowen, Anice C; Sutton, Troy C; Koelle, Katia","Quantifying viral pandemic potential from experimental transmission studies","PLoS computational biology","","","","","","2025","2026-06-21 20:16:13","2026-06-21 20:16:13","","e1013808","","12","21","","","","","","","","Public Library of Science San Francisco, CA USA","","","","","","","","","","","","","","","","","","","","","","","","","","","","","","","","","","","","","","","","","","","","","","","","","","","","","","","","","","","",""
"ZLFNXMFN","journalArticle","2025","Oviedo-Diego, M; Mattoni, Camilo Ivan; Palen-Pietri, Rocio; Olivero, Paola Andrea; Peretti, Alfredo Vicente","Communication via female resistance: Sexual behavioural modulation and mutual mate choice determinants in a scorpion","Animal Behaviour","","","","","","2025","2026-06-21 20:16:13","2026-06-21 20:16:13","","122787","","","221","","","","","","","","Elsevier","","","","","","","","","","","","","","","","","","","","","","","","","","","","","","","","","","","","","","","","","","","","","","","","","","","","","","","","","","","",""
"RLK5U4U3","journalArticle","2025","Oviedo-Diego, M; Mattoni, Camilo Ivan; Palen-Pietri, Rocio; Olivero, Paola Andrea; Peretti, Alfredo Vicente","Communication via female resistance: Sexual behavioural modulation and mutual mate choice determinants in a scorpion","Animal Behaviour","","","","","","2025","2026-06-21 20:16:13","2026-06-21 20:16:13","","122787","","","221","","","","","","","","Elsevier","","","","","","","","","","","","","","","","","","","","","","","","","","","","","","","","","","","","","","","","","","","","","","","","","","","","","","","","","","","",""
"6M4API72","journalArticle","2025","Dunn, Robin; Gangrade, Aditya; Wasserman, Larry; Ramdas, Aaditya","Universal inference meets random projections: a scalable test for log-concavity","Journal of Computational and Graphical Statistics","","","","","","2025","2026-06-21 20:16:13","2026-06-21 20:16:13","","267–279","","1","34","","","","","","","","Taylor & Francis","","","","","","","","","","","","","","","","","","","","","","","","","","","","","","","","","","","","","","","","","","","","","","","","","","","","","","","","","","","",""
"36DPWEL7","journalArticle","2025","Dunn, Robin; Gangrade, Aditya; Wasserman, Larry; Ramdas, Aaditya","Universal inference meets random projections: a scalable test for log-concavity","Journal of Computational and Graphical Statistics","","","","","","2025","2026-06-21 20:16:13","2026-06-21 20:16:13","","267–279","","1","34","","","","","","","","Taylor & Francis","","","","","","","","","","","","","","","","","","","","","","","","","","","","","","","","","","","","","","","","","","","","","","","","","","","","","","","","","","","",""
"RTCTLSTU","journalArticle","2025","Tang, Xiaofeng; Chang, Chao; Li, Ming","Pyrolysis gas chromatography mass spectrometry (py-GC/MS) revealed independent effects of precipitation and temperature on diversity and molecular composition of soil organic matter","Environmental Earth Sciences","","","","","","2025","2026-06-21 20:16:13","2026-06-21 20:16:13","","164","","6","84","","","","","","","","Springer","","","","","","","","","","","","","","","","","","","","","","","","","","","","","","","","","","","","","","","","","","","","","","","","","","","","","","","","","","","",""
"7C3B74KI","journalArticle","2025","Tang, Xiaofeng; Chang, Chao; Li, Ming","Pyrolysis gas chromatography mass spectrometry (py-GC/MS) revealed independent effects of precipitation and temperature on diversity and molecular composition of soil organic matter","Environmental Earth Sciences","","","","","","2025","2026-06-21 20:16:13","2026-06-21 20:16:13","","164","","6","84","","","","","","","","Springer","","","","","","","","","","","","","","","","","","","","","","","","","","","","","","","","","","","","","","","","","","","","","","","","","","","","","","","","","","","",""
"U4QFU5Y2","journalArticle","2025","Dorea, Chang CY; Vila, Roberto; Castro, Cecilia; Leiva, Víctor; Quintino, Felipe S","Revisiting fatigue-life distributions of Birnbaum-Saunders type: Mathematical characterization, simulation study, and applications","Applied Mathematical Modelling","","","","","","2025","2026-06-21 20:16:13","2026-06-21 20:16:13","","116223","","","147","","","","","","","","Elsevier","","","","","","","","","","","","","","","","","","","","","","","","","","","","","","","","","","","","","","","","","","","","","","","","","","","","","","","","","","","",""
"233ZLA42","journalArticle","2025","Dorea, Chang CY; Vila, Roberto; Castro, Cecilia; Leiva, Víctor; Quintino, Felipe S","Revisiting fatigue-life distributions of Birnbaum-Saunders type: Mathematical characterization, simulation study, and applications","Applied Mathematical Modelling","","","","","","2025","2026-06-21 20:16:13","2026-06-21 20:16:13","","116223","","","147","","","","","","","","Elsevier","","","","","","","","","","","","","","","","","","","","","","","","","","","","","","","","","","","","","","","","","","","","","","","","","","","","","","","","","","","",""
"X86HKXD9","journalArticle","2025","Minnig, Adrian; Gosselin, Véronique Bernier; Griss, Silja; Schüpbach-Regula, Gertraud; Meylan, Mireille; Schnidrig, Guy-Alain; Thomann, Beat","Associations between animal health indicators, antimicrobial use, and antimicrobial resistance on Swiss dairy farms","Preventive Veterinary Medicine","","","","","","2025","2026-06-21 20:16:13","2026-06-21 20:16:13","","106688","","","","","","","","","","","Elsevier","","","","","","","","","","","","","","","","","","","","","","","","","","","","","","","","","","","","","","","","","","","","","","","","","","","","","","","","","","","",""
"B4TDKAB8","journalArticle","2025","Minnig, Adrian; Gosselin, Véronique Bernier; Griss, Silja; Schüpbach-Regula, Gertraud; Meylan, Mireille; Schnidrig, Guy-Alain; Thomann, Beat","Associations between animal health indicators, antimicrobial use, and antimicrobial resistance on Swiss dairy farms","Preventive Veterinary Medicine","","","","","","2025","2026-06-21 20:16:13","2026-06-21 20:16:13","","106688","","","","","","","","","","","Elsevier","","","","","","","","","","","","","","","","","","","","","","","","","","","","","","","","","","","","","","","","","","","","","","","","","","","","","","","","","","","",""
"JEKM68HU","journalArticle","2025","Hurtado-Pidal, Jorge; Aguayo, Mauricio; Link, Oscar; Valencia, Bryan G; Frances, Felix","Setting priorities for floods mitigation through forest restoration: The threshold elevation hypothesis","Journal of Environmental Management","","","","","","2025","2026-06-21 20:16:13","2026-06-21 20:16:13","","123500","","","373","","","","","","","","Elsevier","","","","","","","","","","","","","","","","","","","","","","","","","","","","","","","","","","","","","","","","","","","","","","","","","","","","","","","","","","","",""
"MJBW2M48","journalArticle","2025","Hurtado-Pidal, Jorge; Aguayo, Mauricio; Link, Oscar; Valencia, Bryan G; Frances, Felix","Setting priorities for floods mitigation through forest restoration: The threshold elevation hypothesis","Journal of Environmental Management","","","","","","2025","2026-06-21 20:16:13","2026-06-21 20:16:13","","123500","","","373","","","","","","","","Elsevier","","","","","","","","","","","","","","","","","","","","","","","","","","","","","","","","","","","","","","","","","","","","","","","","","","","","","","","","","","","",""
"ATD8TIG5","journalArticle","2025","Herbort, Oliver; Krause, Lisa-Marie; Raßbach, Philipp; Kunde, Wilfried","How pointing informs visual search.","Journal of Experimental Psychology: Human Perception and Performance","","","","","","2025","2026-06-21 20:16:13","2026-06-21 20:16:13","","","","","","","","","","","","","American Psychological Association","","","","","","","","","","","","","","","","","","","","","","","","","","","","","","","","","","","","","","","","","","","","","","","","","","","","","","","","","","","",""
"VX5RNHJF","journalArticle","2025","Herbort, Oliver; Krause, Lisa-Marie; Raßbach, Philipp; Kunde, Wilfried","How pointing informs visual search.","Journal of Experimental Psychology: Human Perception and Performance","","","","","","2025","2026-06-21 20:16:13","2026-06-21 20:16:13","","","","","","","","","","","","","American Psychological Association","","","","","","","","","","","","","","","","","","","","","","","","","","","","","","","","","","","","","","","","","","","","","","","","","","","","","","","","","","","",""
"PBUAIV65","journalArticle","2025","Cooper, Tamsin M; Green, Lydia; Setyawan, Edy; Erdmann, Mark; Duffy, Clinton AJ; Constantine, Rochelle; Della Penna, Alice","Movement ecology and foraging behaviours of oceanic manta rays Mobula birostris in the coastal waters of Aotearoa, New Zealand","Royal Society Open Science","","","","","","2025","2026-06-21 20:16:13","2026-06-21 20:16:13","","1–16","","12","12","","","","","","","","The Royal Society Publishing","","","","","","","","","","","","","","","","","","","","","","","","","","","","","","","","","","","","","","","","","","","","","","","","","","","","","","","","","","","",""
"RSJDLILJ","journalArticle","2025","Cooper, Tamsin M; Green, Lydia; Setyawan, Edy; Erdmann, Mark; Duffy, Clinton AJ; Constantine, Rochelle; Della Penna, Alice","Movement ecology and foraging behaviours of oceanic manta rays Mobula birostris in the coastal waters of Aotearoa, New Zealand","Royal Society Open Science","","","","","","2025","2026-06-21 20:16:13","2026-06-21 20:16:13","","1–16","","12","12","","","","","","","","The Royal Society Publishing","","","","","","","","","","","","","","","","","","","","","","","","","","","","","","","","","","","","","","","","","","","","","","","","","","","","","","","","","","","",""
"6XRIIMW4","journalArticle","2025","Gamrath, Gabriela Nadine; von der Lippe, Moritz; Buchholz, Sascha","Fluttering in a changing world: Effects of urbanization and nectar plants on butterfly movement patterns","Ecology and Evolution","","","","","","2025","2026-06-21 20:16:13","2026-06-21 20:16:13","","e71785","","8","15","","","","","","","","Wiley Online Library","","","","","","","","","","","","","","","","","","","","","","","","","","","","","","","","","","","","","","","","","","","","","","","","","","","","","","","","","","","",""
"8MJ57CKU","journalArticle","2025","Gamrath, Gabriela Nadine; von der Lippe, Moritz; Buchholz, Sascha","Fluttering in a changing world: Effects of urbanization and nectar plants on butterfly movement patterns","Ecology and Evolution","","","","","","2025","2026-06-21 20:16:13","2026-06-21 20:16:13","","e71785","","8","15","","","","","","","","Wiley Online Library","","","","","","","","","","","","","","","","","","","","","","","","","","","","","","","","","","","","","","","","","","","","","","","","","","","","","","","","","","","",""
"LQHWSYLA","journalArticle","2025","Henriques, Valentina; Moyano-Palazuelo, David; Alonso-Pascual, Maria Teresa; Pazos, Manuel; Devos, Damien P; Rivas-Marin, Elena","Verrucomicrobium spinosum essential genome and the divergence of cell division in the PVC superphylum","Iscience","","","","","","2025","2026-06-21 20:16:13","2026-06-21 20:16:13","","","","8","28","","","","","","","","Elsevier","","","","","","","","","","","","","","","","","","","","","","","","","","","","","","","","","","","","","","","","","","","","","","","","","","","","","","","","","","","",""
"L6MPYC2B","journalArticle","2025","Henriques, Valentina; Moyano-Palazuelo, David; Alonso-Pascual, Maria Teresa; Pazos, Manuel; Devos, Damien P; Rivas-Marin, Elena","Verrucomicrobium spinosum essential genome and the divergence of cell division in the PVC superphylum","Iscience","","","","","","2025","2026-06-21 20:16:13","2026-06-21 20:16:13","","","","8","28","","","","","","","","Elsevier","","","","","","","","","","","","","","","","","","","","","","","","","","","","","","","","","","","","","","","","","","","","","","","","","","","","","","","","","","","",""
"Z8YTVDPD","journalArticle","2025","Nimmo, Victoria; Brar, Gurcharn S; Martin, Adam R; Isaac, Marney E","Interacting effects of crop domestication and soil resources on leaf and root functional traits","Planta","","","","","","2025","2026-06-21 20:16:13","2026-06-21 20:16:13","","75","","4","261","","","","","","","","Springer","","","","","","","","","","","","","","","","","","","","","","","","","","","","","","","","","","","","","","","","","","","","","","","","","","","","","","","","","","","",""
"PHS3WKLG","journalArticle","2025","Nimmo, Victoria; Brar, Gurcharn S; Martin, Adam R; Isaac, Marney E","Interacting effects of crop domestication and soil resources on leaf and root functional traits","Planta","","","","","","2025","2026-06-21 20:16:13","2026-06-21 20:16:13","","75","","4","261","","","","","","","","Springer","","","","","","","","","","","","","","","","","","","","","","","","","","","","","","","","","","","","","","","","","","","","","","","","","","","","","","","","","","","",""
"HXJKH9PJ","journalArticle","2025","Novato, Thiago da Silva; Albuquerque, Ulysses Paulino de; Campos, Juliana Loureiro de Almeida; Soldati, Gustavo Taboada","Assessment of demographic sustainability of Comanthera elegans under traditional management in the Brazilian savanna","Conservation Biology","","","","","","2025","2026-06-21 20:16:13","2026-06-21 20:16:13","","e70028","","3","39","","","","","","","","Wiley Online Library","","","","","","","","","","","","","","","","","","","","","","","","","","","","","","","","","","","","","","","","","","","","","","","","","","","","","","","","","","","",""
"XZUZSUB4","journalArticle","2025","Novato, Thiago da Silva; Albuquerque, Ulysses Paulino de; Campos, Juliana Loureiro de Almeida; Soldati, Gustavo Taboada","Assessment of demographic sustainability of Comanthera elegans under traditional management in the Brazilian savanna","Conservation Biology","","","","","","2025","2026-06-21 20:16:13","2026-06-21 20:16:13","","e70028","","3","39","","","","","","","","Wiley Online Library","","","","","","","","","","","","","","","","","","","","","","","","","","","","","","","","","","","","","","","","","","","","","","","","","","","","","","","","","","","",""
"RUPLEGGL","journalArticle","2025","Talbert, Marian; Feuka, Abigail; Miller, Ryan S; Pepin, Kim; Zipperer, Lara","Determinants of variation in epidemiological parameters for African Swine Fever virus","Preventive Veterinary Medicine","","","","","","2025","2026-06-21 20:16:13","2026-06-21 20:16:13","","106758","","","","","","","","","","","Elsevier","","","","","","","","","","","","","","","","","","","","","","","","","","","","","","","","","","","","","","","","","","","","","","","","","","","","","","","","","","","",""
"WQGVC4VR","journalArticle","2025","Talbert, Marian; Feuka, Abigail; Miller, Ryan S; Pepin, Kim; Zipperer, Lara","Determinants of variation in epidemiological parameters for African Swine Fever virus","Preventive Veterinary Medicine","","","","","","2025","2026-06-21 20:16:14","2026-06-21 20:16:14","","106758","","","","","","","","","","","Elsevier","","","","","","","","","","","","","","","","","","","","","","","","","","","","","","","","","","","","","","","","","","","","","","","","","","","","","","","","","","","",""
"5Q3G53S5","journalArticle","2025","Baranger, David AA; Gorelik, Aaron J; Paul, Sarah E; Hatoum, Alexander S; Dosenbach, Nico; Bogdan, Ryan","Enhancing task fMRI individual difference research with neural signatures","MedRxiv","","","","","","2025","2026-06-21 20:16:14","2026-06-21 20:16:14","","","","","","","","","","","","","","","","","","","","","","","","","","","","","","","","","","","","","","","","","","","","","","","","","","","","","","","","","","","","","","","","","","","","","","","","",""
"L8LNUXTJ","journalArticle","2025","Baranger, David AA; Gorelik, Aaron J; Paul, Sarah E; Hatoum, Alexander S; Dosenbach, Nico; Bogdan, Ryan","Enhancing task fMRI individual difference research with neural signatures","MedRxiv","","","","","","2025","2026-06-21 20:16:14","2026-06-21 20:16:14","","","","","","","","","","","","","","","","","","","","","","","","","","","","","","","","","","","","","","","","","","","","","","","","","","","","","","","","","","","","","","","","","","","","","","","","",""
"2HLPYYQZ","journalArticle","2025","Murray, Christopher M; Coleman, Tyler Steven; Gabel, Wray; Krauss, Ken W","American alligators (Alligator mississippiensis) as wetland ecosystem carbon stock regulators","Scientific Reports","","","","","","2025","2026-06-21 20:16:14","2026-06-21 20:16:14","","3423","","1","15","","","","","","","","Nature Publishing Group UK London","","","","","","","","","","","","","","","","","","","","","","","","","","","","","","","","","","","","","","","","","","","","","","","","","","","","","","","","","","","",""
"SIKKNKFY","journalArticle","2025","Murray, Christopher M; Coleman, Tyler Steven; Gabel, Wray; Krauss, Ken W","American alligators (Alligator mississippiensis) as wetland ecosystem carbon stock regulators","Scientific Reports","","","","","","2025","2026-06-21 20:16:14","2026-06-21 20:16:14","","3423","","1","15","","","","","","","","Nature Publishing Group UK London","","","","","","","","","","","","","","","","","","","","","","","","","","","","","","","","","","","","","","","","","","","","","","","","","","","","","","","","","","","",""
"7A2EH7QX","journalArticle","2025","Crank, Katherine C; Clements, Emily; Barber, Casey; Papp, Katerina; Gerrity, Daniel","Risk of gastrointestinal illness due to Campylobacter exposure in urban waterways for unsheltered persons experiencing homelessness","Water Research","","","","","","2025","2026-06-21 20:16:14","2026-06-21 20:16:14","","123773","","","282","","","","","","","","Elsevier","","","","","","","","","","","","","","","","","","","","","","","","","","","","","","","","","","","","","","","","","","","","","","","","","","","","","","","","","","","",""
"EQ725SW8","journalArticle","2025","Crank, Katherine C; Clements, Emily; Barber, Casey; Papp, Katerina; Gerrity, Daniel","Risk of gastrointestinal illness due to Campylobacter exposure in urban waterways for unsheltered persons experiencing homelessness","Water Research","","","","","","2025","2026-06-21 20:16:14","2026-06-21 20:16:14","","123773","","","282","","","","","","","","Elsevier","","","","","","","","","","","","","","","","","","","","","","","","","","","","","","","","","","","","","","","","","","","","","","","","","","","","","","","","","","","",""
"URXNR7A9","journalArticle","2025","Brückner, Lotte; Xu, Robin; Tang, Jun; Herrmann, Alexander; Wong, Ivy Tsz-Lo; Zhang, Shu; Tu, Fengyu; Pilon, Madison; Kukalev, Alexander; Pardon, Katharina; others","Oncogene silencing via ecDNA micronucleation","bioRxiv","","","","","","2025","2026-06-21 20:16:14","2026-06-21 20:16:14","","","","","","","","","","","","","","","","","","","","","","","","","","","","","","","","","","","","","","","","","","","","","","","","","","","","","","","","","","","","","","","","","","","","","","","","",""
"VXBUT86C","journalArticle","2025","Brückner, Lotte; Xu, Robin; Tang, Jun; Herrmann, Alexander; Wong, Ivy Tsz-Lo; Zhang, Shu; Tu, Fengyu; Pilon, Madison; Kukalev, Alexander; Pardon, Katharina; others","Oncogene silencing via ecDNA micronucleation","bioRxiv","","","","","","2025","2026-06-21 20:16:14","2026-06-21 20:16:14","","","","","","","","","","","","","","","","","","","","","","","","","","","","","","","","","","","","","","","","","","","","","","","","","","","","","","","","","","","","","","","","","","","","","","","","",""
"FJQ2GI5L","journalArticle","2025","Doraisami, Mahendra; Thomas, Sean C; Gorgolewski, Adam S; Martin, Adam R","The importance of the volatile carbon fraction in estimating deadwood carbon concentrations","Forest Ecology and Management","","","","","","2025","2026-06-21 20:16:14","2026-06-21 20:16:14","","122555","","","581","","","","","","","","Elsevier","","","","","","","","","","","","","","","","","","","","","","","","","","","","","","","","","","","","","","","","","","","","","","","","","","","","","","","","","","","",""
"74TXAQVF","journalArticle","2025","Doraisami, Mahendra; Thomas, Sean C; Gorgolewski, Adam S; Martin, Adam R","The importance of the volatile carbon fraction in estimating deadwood carbon concentrations","Forest Ecology and Management","","","","","","2025","2026-06-21 20:16:14","2026-06-21 20:16:14","","122555","","","581","","","","","","","","Elsevier","","","","","","","","","","","","","","","","","","","","","","","","","","","","","","","","","","","","","","","","","","","","","","","","","","","","","","","","","","","",""
"B743Y29B","journalArticle","2025","Hammer, Tracey L; Bize, Pierre; Gineste, Benoit; Robin, Jean-Patrice; Groscolas, René; Viblanc, Vincent A","Life history stage effects on alert and flight initiation distances in king penguins (Aptenodytes patagonicus)","Behavioural processes","","","","","","2025","2026-06-21 20:16:14","2026-06-21 20:16:14","","105166","","","226","","","","","","","","Elsevier","","","","","","","","","","","","","","","","","","","","","","","","","","","","","","","","","","","","","","","","","","","","","","","","","","","","","","","","","","","",""
"ZLMR9KXR","journalArticle","2025","Hammer, Tracey L; Bize, Pierre; Gineste, Benoit; Robin, Jean-Patrice; Groscolas, René; Viblanc, Vincent A","Life history stage effects on alert and flight initiation distances in king penguins (Aptenodytes patagonicus)","Behavioural processes","","","","","","2025","2026-06-21 20:16:14","2026-06-21 20:16:14","","105166","","","226","","","","","","","","Elsevier","","","","","","","","","","","","","","","","","","","","","","","","","","","","","","","","","","","","","","","","","","","","","","","","","","","","","","","","","","","",""
"BZVQRTDT","journalArticle","2025","Castillo, Silvio Eugenio; Aragón, Roxana; Chacoff, Natacha","Assessment of pollen limitation and pollinators' contribution in soybean (Glycine max)","Plants","","","","","","2025","2026-06-21 20:16:14","2026-06-21 20:16:14","","2964","","19","14","","","","","","","","MDPI","","","","","","","","","","","","","","","","","","","","","","","","","","","","","","","","","","","","","","","","","","","","","","","","","","","","","","","","","","","",""
"WF2M2HDB","journalArticle","2025","Castillo, Silvio Eugenio; Aragón, Roxana; Chacoff, Natacha","Assessment of pollen limitation and pollinators' contribution in soybean (Glycine max)","Plants","","","","","","2025","2026-06-21 20:16:14","2026-06-21 20:16:14","","2964","","19","14","","","","","","","","MDPI","","","","","","","","","","","","","","","","","","","","","","","","","","","","","","","","","","","","","","","","","","","","","","","","","","","","","","","","","","","",""
"UGMWLI3T","journalArticle","2025","Aranibar, Julieta; Molina, Julieta Arco; Neme, Gustavo; Roig, Fidel; Cabral, Diego; Quiroga, Gisela; Dauverné, Armando; Álvarez, Leandro; Gil, Adolfo","Stable isotope composition (C and N) of vegetation in subtropical Andes: Piedmont `anomaly'and its implications for paleo (ecology) and human diet reconstruction","Environmental Archaeology","","","","","","2025","2026-06-21 20:16:14","2026-06-21 20:16:14","","289–302","","3","30","","","","","","","","Taylor & Francis","","","","","","","","","","","","","","","","","","","","","","","","","","","","","","","","","","","","","","","","","","","","","","","","","","","","","","","","","","","",""
"32AQW72K","journalArticle","2025","Aranibar, Julieta; Molina, Julieta Arco; Neme, Gustavo; Roig, Fidel; Cabral, Diego; Quiroga, Gisela; Dauverné, Armando; Álvarez, Leandro; Gil, Adolfo","Stable isotope composition (C and N) of vegetation in subtropical Andes: Piedmont `anomaly'and its implications for paleo (ecology) and human diet reconstruction","Environmental Archaeology","","","","","","2025","2026-06-21 20:16:14","2026-06-21 20:16:14","","289–302","","3","30","","","","","","","","Taylor & Francis","","","","","","","","","","","","","","","","","","","","","","","","","","","","","","","","","","","","","","","","","","","","","","","","","","","","","","","","","","","",""
"UTE6KF6B","journalArticle","2025","Quispe-Melgar, Harold Rusbelth; Huayta-Hinojosa, L David; Llacua-Tineo, Yashira Stefani; Ames-Martínez, Fressia N; Lagones Poma, Katherine L; Ticse-Otarola, Ginette; Tomazello-Filho, Mario; Renison, Daniel","Evaluating the performance of Polylepis incana seeds: reassessing their potential for restoration and conservation of high Andean forests","Restoration Ecology","","","","","","2025","2026-06-21 20:16:14","2026-06-21 20:16:14","","e14276","","1","33","","","","","","","","Wiley Online Library","","","","","","","","","","","","","","","","","","","","","","","","","","","","","","","","","","","","","","","","","","","","","","","","","","","","","","","","","","","",""
"63MKZ2AU","journalArticle","2025","Quispe-Melgar, Harold Rusbelth; Huayta-Hinojosa, L David; Llacua-Tineo, Yashira Stefani; Ames-Martínez, Fressia N; Lagones Poma, Katherine L; Ticse-Otarola, Ginette; Tomazello-Filho, Mario; Renison, Daniel","Evaluating the performance of Polylepis incana seeds: reassessing their potential for restoration and conservation of high Andean forests","Restoration Ecology","","","","","","2025","2026-06-21 20:16:14","2026-06-21 20:16:14","","e14276","","1","33","","","","","","","","Wiley Online Library","","","","","","","","","","","","","","","","","","","","","","","","","","","","","","","","","","","","","","","","","","","","","","","","","","","","","","","","","","","",""
"V5PL6BL6","journalArticle","2025","de Almeida Souza, Allan H; Pott, Arnildo; Bao, Francielli; Damasceno-Junior, Geraldo Alves","Diversity Patterns of Tree Communities Across Multiple Flood Gradients With Separate Fire Histories: Unveiling Patterns in a Wetland Ecosystem","Journal of Vegetation Science","","","","","","2025","2026-06-21 20:16:14","2026-06-21 20:16:14","","e70044","","3","36","","","","","","","","Wiley Online Library","","","","","","","","","","","","","","","","","","","","","","","","","","","","","","","","","","","","","","","","","","","","","","","","","","","","","","","","","","","",""
"UN9PCHN2","journalArticle","2025","de Almeida Souza, Allan H; Pott, Arnildo; Bao, Francielli; Damasceno-Junior, Geraldo Alves","Diversity Patterns of Tree Communities Across Multiple Flood Gradients With Separate Fire Histories: Unveiling Patterns in a Wetland Ecosystem","Journal of Vegetation Science","","","","","","2025","2026-06-21 20:16:14","2026-06-21 20:16:14","","e70044","","3","36","","","","","","","","Wiley Online Library","","","","","","","","","","","","","","","","","","","","","","","","","","","","","","","","","","","","","","","","","","","","","","","","","","","","","","","","","","","",""
"4AE5VA64","journalArticle","2025","Rodríguez-Ruiz, Joel; Martínez-Calvo, Adela; Pérez-Cruzado, César","Designing circular fixed-area plots in large-scale forest inventories: effect of horizontal distance measurement uncertainty and tree position pattern","Canadian Journal of Forest Research","","","","","","2025","2026-06-21 20:16:14","2026-06-21 20:16:14","","1–14","","","55","","","","","","","","Canadian Science Publishing 123 Slater Street, Suite 610, Ottawa, Ontario łdots","","","","","","","","","","","","","","","","","","","","","","","","","","","","","","","","","","","","","","","","","","","","","","","","","","","","","","","","","","","",""
"XMB459KS","journalArticle","2025","Rodríguez-Ruiz, Joel; Martínez-Calvo, Adela; Pérez-Cruzado, César","Designing circular fixed-area plots in large-scale forest inventories: effect of horizontal distance measurement uncertainty and tree position pattern","Canadian Journal of Forest Research","","","","","","2025","2026-06-21 20:16:14","2026-06-21 20:16:14","","1–14","","","55","","","","","","","","Canadian Science Publishing 123 Slater Street, Suite 610, Ottawa, Ontario łdots","","","","","","","","","","","","","","","","","","","","","","","","","","","","","","","","","","","","","","","","","","","","","","","","","","","","","","","","","","","",""
"VSVPTDAW","journalArticle","2025","López, Victoria Lien; Pastur, Guillermo Martínez; Cellini, Juan Manuel; others","Forest and shrubland structure of Polylepis tarapacana in topographic and substrate gradients across the Argentine Altiplano","New Zealand Journal of Forestry Science","","","","","","2025","2026-06-21 20:16:14","2026-06-21 20:16:14","","","","","55","","","","","","","","","","","","","","","","","","","","","","","","","","","","","","","","","","","","","","","","","","","","","","","","","","","","","","","","","","","","","","","","","","","",""
"Z3R9P8HU","journalArticle","2025","López, Victoria Lien; Pastur, Guillermo Martínez; Cellini, Juan Manuel; others","Forest and shrubland structure of Polylepis tarapacana in topographic and substrate gradients across the Argentine Altiplano","New Zealand Journal of Forestry Science","","","","","","2025","2026-06-21 20:16:14","2026-06-21 20:16:14","","","","","55","","","","","","","","","","","","","","","","","","","","","","","","","","","","","","","","","","","","","","","","","","","","","","","","","","","","","","","","","","","","","","","","","","","",""
"L6RA3FUB","journalArticle","2025","Pakull, Birte; Degen, Bernd; Schroeder, Hilke; Riedel, Thomas; Mader, Malte; Liesebach, Heike; Hoffmann, Petra; Hoppe, Susanne; Eusemann, Pascal","Hybridization, spatial genetic structure and potential environmental preadaptation in Quercus robur and Quercus petraea in Germany–results from the 4th National Forest Inventory","Tree Genetics & Genomes","","","","","","2025","2026-06-21 20:16:14","2026-06-21 20:16:14","","11","","2","21","","","","","","","","Springer","","","","","","","","","","","","","","","","","","","","","","","","","","","","","","","","","","","","","","","","","","","","","","","","","","","","","","","","","","","",""
"L28VA2LT","journalArticle","2025","Pakull, Birte; Degen, Bernd; Schroeder, Hilke; Riedel, Thomas; Mader, Malte; Liesebach, Heike; Hoffmann, Petra; Hoppe, Susanne; Eusemann, Pascal","Hybridization, spatial genetic structure and potential environmental preadaptation in Quercus robur and Quercus petraea in Germany–results from the 4th National Forest Inventory","Tree Genetics & Genomes","","","","","","2025","2026-06-21 20:16:14","2026-06-21 20:16:14","","11","","2","21","","","","","","","","Springer","","","","","","","","","","","","","","","","","","","","","","","","","","","","","","","","","","","","","","","","","","","","","","","","","","","","","","","","","","","",""
"V9IMNE22","journalArticle","2025","Brock, Kelsey C; Daehler, Curtis C","Time Lags in Biodiversity Data Processing Create the Illusion of an Invasion Slowdown","Global Ecology and Biogeography","","","","","","2025","2026-06-21 20:16:14","2026-06-21 20:16:14","","e70168","","12","34","","","","","","","","Wiley Online Library","","","","","","","","","","","","","","","","","","","","","","","","","","","","","","","","","","","","","","","","","","","","","","","","","","","","","","","","","","","",""
"MEFIGIQF","journalArticle","2025","Brock, Kelsey C; Daehler, Curtis C","Time Lags in Biodiversity Data Processing Create the Illusion of an Invasion Slowdown","Global Ecology and Biogeography","","","","","","2025","2026-06-21 20:16:14","2026-06-21 20:16:14","","e70168","","12","34","","","","","","","","Wiley Online Library","","","","","","","","","","","","","","","","","","","","","","","","","","","","","","","","","","","","","","","","","","","","","","","","","","","","","","","","","","","",""
"SRH3FER7","journalArticle","2025","Ritz, Thornton A; Farrell, John M","Temporal patterns of young-of-year fish emigration in Upper St. Lawrence River coastal wetlands in relation to environmental change","Journal of Great Lakes Research","","","","","","2025","2026-06-21 20:16:14","2026-06-21 20:16:14","","102651","","","","","","","","","","","Elsevier","","","","","","","","","","","","","","","","","","","","","","","","","","","","","","","","","","","","","","","","","","","","","","","","","","","","","","","","","","","",""
"FJY6X57U","journalArticle","2025","Ritz, Thornton A; Farrell, John M","Temporal patterns of young-of-year fish emigration in Upper St. Lawrence River coastal wetlands in relation to environmental change","Journal of Great Lakes Research","","","","","","2025","2026-06-21 20:16:14","2026-06-21 20:16:14","","102651","","","","","","","","","","","Elsevier","","","","","","","","","","","","","","","","","","","","","","","","","","","","","","","","","","","","","","","","","","","","","","","","","","","","","","","","","","","",""
"MXJ3ILKZ","journalArticle","2025","Romero, David; Alfaro, Eric J","Systematic Biases in Tropical Drought Monitoring: Rethinking SPI Application in Mesoamerica's Humid Regions","Meteorology","","","","","","2025","2026-06-21 20:16:14","2026-06-21 20:16:14","","18","","3","4","","","","","","","","MDPI","","","","","","","","","","","","","","","","","","","","","","","","","","","","","","","","","","","","","","","","","","","","","","","","","","","","","","","","","","","",""
"L7Q4AJXD","journalArticle","2025","Romero, David; Alfaro, Eric J","Systematic Biases in Tropical Drought Monitoring: Rethinking SPI Application in Mesoamerica's Humid Regions","Meteorology","","","","","","2025","2026-06-21 20:16:14","2026-06-21 20:16:14","","18","","3","4","","","","","","","","MDPI","","","","","","","","","","","","","","","","","","","","","","","","","","","","","","","","","","","","","","","","","","","","","","","","","","","","","","","","","","","",""
"HJQGDPCK","journalArticle","2025","Thorstenson, Rome; Montgomery, James; Klimas, Christie","What's in your soil? A citywide investigation of the importance of soil lead for predicting elevated blood lead levels in Chicago","GeoHealth","","","","","","2025","2026-06-21 20:16:14","2026-06-21 20:16:14","","e2025GH001572","","10","9","","","","","","","","Wiley Online Library","","","","","","","","","","","","","","","","","","","","","","","","","","","","","","","","","","","","","","","","","","","","","","","","","","","","","","","","","","","",""
"4SPLQDHM","journalArticle","2025","Thorstenson, Rome; Montgomery, James; Klimas, Christie","What's in your soil? A citywide investigation of the importance of soil lead for predicting elevated blood lead levels in Chicago","GeoHealth","","","","","","2025","2026-06-21 20:16:14","2026-06-21 20:16:14","","e2025GH001572","","10","9","","","","","","","","Wiley Online Library","","","","","","","","","","","","","","","","","","","","","","","","","","","","","","","","","","","","","","","","","","","","","","","","","","","","","","","","","","","",""
"UWQ24K9W","journalArticle","2025","Khan, Shaheer; Vijayaraghavan, Vaijayanti; Talukdar, Gautam; Kumar, R Suresh; Habib, Bilal","Not All Those Who Wander Are Lost: Insights Into Movement Pattern of the Great Indian Bustard in the Deccan Landscape of India","Ecology and Evolution","","","","","","2025","2026-06-21 20:16:14","2026-06-21 20:16:14","","e71742","","7","15","","","","","","","","Wiley Online Library","","","","","","","","","","","","","","","","","","","","","","","","","","","","","","","","","","","","","","","","","","","","","","","","","","","","","","","","","","","",""
"9UEQHQ6W","journalArticle","2025","Khan, Shaheer; Vijayaraghavan, Vaijayanti; Talukdar, Gautam; Kumar, R Suresh; Habib, Bilal","Not All Those Who Wander Are Lost: Insights Into Movement Pattern of the Great Indian Bustard in the Deccan Landscape of India","Ecology and Evolution","","","","","","2025","2026-06-21 20:16:14","2026-06-21 20:16:14","","e71742","","7","15","","","","","","","","Wiley Online Library","","","","","","","","","","","","","","","","","","","","","","","","","","","","","","","","","","","","","","","","","","","","","","","","","","","","","","","","","","","",""
"5ZS3537D","journalArticle","2025","Liang, Ruoyu; Maltby, Lorraine; Wang, Peifang; Shi, Yajuan; Liu, Weixia; Shao, Xiuqing; Qian, Li; Hu, Bin; Yin, Jinbao; Su, Chao","A tiered framework for ecological risk assessment of contaminants: from model species to local pollution-impacted assemblages","Environmental Pollution","","","","","","2025","2026-06-21 20:16:14","2026-06-21 20:16:14","","127552","","","","","","","","","","","Elsevier","","","","","","","","","","","","","","","","","","","","","","","","","","","","","","","","","","","","","","","","","","","","","","","","","","","","","","","","","","","",""
"IBJFVSJF","journalArticle","2025","Liang, Ruoyu; Maltby, Lorraine; Wang, Peifang; Shi, Yajuan; Liu, Weixia; Shao, Xiuqing; Qian, Li; Hu, Bin; Yin, Jinbao; Su, Chao","A tiered framework for ecological risk assessment of contaminants: from model species to local pollution-impacted assemblages","Environmental Pollution","","","","","","2025","2026-06-21 20:16:14","2026-06-21 20:16:14","","127552","","","","","","","","","","","Elsevier","","","","","","","","","","","","","","","","","","","","","","","","","","","","","","","","","","","","","","","","","","","","","","","","","","","","","","","","","","","",""
"UA32B4AW","journalArticle","2025","Johnston, John M; Jahne, Michael A","Quantitative microbial risk assessment of pathogen exposure from rainwater used in high-pressure vehicle washing","Journal of Water and Health","","","","","","2025","2026-06-21 20:16:14","2026-06-21 20:16:14","","428–438","","3","23","","","","","","","","IWA Publishing","","","","","","","","","","","","","","","","","","","","","","","","","","","","","","","","","","","","","","","","","","","","","","","","","","","","","","","","","","","",""
"THY8S5F4","journalArticle","2025","Johnston, John M; Jahne, Michael A","Quantitative microbial risk assessment of pathogen exposure from rainwater used in high-pressure vehicle washing","Journal of Water and Health","","","","","","2025","2026-06-21 20:16:14","2026-06-21 20:16:14","","428–438","","3","23","","","","","","","","IWA Publishing","","","","","","","","","","","","","","","","","","","","","","","","","","","","","","","","","","","","","","","","","","","","","","","","","","","","","","","","","","","",""
"BSLBXJ2P","journalArticle","2025","Schutten, Kerry; Morrill, André; Chandrashekar, Akshaya; Lu, Zhe; Beeler-Marfisi, Janet; Provencher, Jennifer F; Jardine, Claire M","Benzotriazole UV-stabilizer exposure in ring-billed gulls from an urban, freshwater harbour in Lake Ontario, Canada: evaluating contaminant bioaccumulation and potential health impacts","Environmental Pollution","","","","","","2025","2026-06-21 20:16:14","2026-06-21 20:16:14","","126945","","","","","","","","","","","Elsevier","","","","","","","","","","","","","","","","","","","","","","","","","","","","","","","","","","","","","","","","","","","","","","","","","","","","","","","","","","","",""
"U9KBCMVP","journalArticle","2025","Schutten, Kerry; Morrill, André; Chandrashekar, Akshaya; Lu, Zhe; Beeler-Marfisi, Janet; Provencher, Jennifer F; Jardine, Claire M","Benzotriazole UV-stabilizer exposure in ring-billed gulls from an urban, freshwater harbour in Lake Ontario, Canada: evaluating contaminant bioaccumulation and potential health impacts","Environmental Pollution","","","","","","2025","2026-06-21 20:16:14","2026-06-21 20:16:14","","126945","","","","","","","","","","","Elsevier","","","","","","","","","","","","","","","","","","","","","","","","","","","","","","","","","","","","","","","","","","","","","","","","","","","","","","","","","","","",""
"KHFJYUHJ","journalArticle","2025","Shively, Timothy J; Barney, Jacob N; Baudoin, Anton; Fearer, Carrie J; Reid, J Leighton; Salom, Scott M","Range expansion of a Verticillium nonalfalfae isolate suppresses Ailanthus altissima with variable results along environmental gradients","Forest Pathology","","","","","","2025","2026-06-21 20:16:14","2026-06-21 20:16:14","","e70013","","2","55","","","","","","","","Wiley Online Library","","","","","","","","","","","","","","","","","","","","","","","","","","","","","","","","","","","","","","","","","","","","","","","","","","","","","","","","","","","",""
"J6A49ZYV","journalArticle","2025","Shively, Timothy J; Barney, Jacob N; Baudoin, Anton; Fearer, Carrie J; Reid, J Leighton; Salom, Scott M","Range expansion of a Verticillium nonalfalfae isolate suppresses Ailanthus altissima with variable results along environmental gradients","Forest Pathology","","","","","","2025","2026-06-21 20:16:14","2026-06-21 20:16:14","","e70013","","2","55","","","","","","","","Wiley Online Library","","","","","","","","","","","","","","","","","","","","","","","","","","","","","","","","","","","","","","","","","","","","","","","","","","","","","","","","","","","",""
"BGC5KZF5","journalArticle","2025","Cossin-Sevrin, Nina; Bocquet, Céline; Lemonnier, Camille; Faulmann, Thomas; Garcin, Natacha; Lejeune, Mathilde; Bize, Pierre; Robin, Jean-Patrice; Anttila, Katja; Ruuskanen, Suvi; others","Sexual dimorphism in red blood cell mitochondrial respiration during breeding fasts in king penguins","Ecological and evolutionary physiology","","","","","","2025","2026-06-21 20:16:14","2026-06-21 20:16:14","","96–110","","2","98","","","","","","","","The University of Chicago Press Chicago, IL","","","","","","","","","","","","","","","","","","","","","","","","","","","","","","","","","","","","","","","","","","","","","","","","","","","","","","","","","","","",""
"ALV8V4WY","journalArticle","2025","Cossin-Sevrin, Nina; Bocquet, Céline; Lemonnier, Camille; Faulmann, Thomas; Garcin, Natacha; Lejeune, Mathilde; Bize, Pierre; Robin, Jean-Patrice; Anttila, Katja; Ruuskanen, Suvi; others","Sexual dimorphism in red blood cell mitochondrial respiration during breeding fasts in king penguins","Ecological and evolutionary physiology","","","","","","2025","2026-06-21 20:16:14","2026-06-21 20:16:14","","96–110","","2","98","","","","","","","","The University of Chicago Press Chicago, IL","","","","","","","","","","","","","","","","","","","","","","","","","","","","","","","","","","","","","","","","","","","","","","","","","","","","","","","","","","","",""
"DSLQMR5Z","journalArticle","2025","Li, Yudi; Magney, Troy; Armstrong, Alona; Hernandez, Rebecca R","Made in the shade: Leaf responses of native wildflowers to single-axis photovoltaic solar energy","Plants, People, Planet","","","","","","2025","2026-06-21 20:16:14","2026-06-21 20:16:14","","","","","","","","","","","","","Wiley Online Library","","","","","","","","","","","","","","","","","","","","","","","","","","","","","","","","","","","","","","","","","","","","","","","","","","","","","","","","","","","",""
"DFEC3BM4","journalArticle","2025","Li, Yudi; Magney, Troy; Armstrong, Alona; Hernandez, Rebecca R","Made in the shade: Leaf responses of native wildflowers to single-axis photovoltaic solar energy","Plants, People, Planet","","","","","","2025","2026-06-21 20:16:14","2026-06-21 20:16:14","","","","","","","","","","","","","Wiley Online Library","","","","","","","","","","","","","","","","","","","","","","","","","","","","","","","","","","","","","","","","","","","","","","","","","","","","","","","","","","","",""
"Y5F6X8Q7","journalArticle","2025","Guimarães, Luiza Pedrosa; do Amaral, Pedro Henrique Monteiro; da Gama Alves, Roberto","Taxonomic and functional diversity of oligochaetes in Neotropical springs: the influence of eucalyptus monocultures","Hydrobiologia","","","","","","2025","2026-06-21 20:16:14","2026-06-21 20:16:14","","3013–3024","","12","852","","","","","","","","Springer","","","","","","","","","","","","","","","","","","","","","","","","","","","","","","","","","","","","","","","","","","","","","","","","","","","","","","","","","","","",""
"9M8URRRY","journalArticle","2025","Guimarães, Luiza Pedrosa; do Amaral, Pedro Henrique Monteiro; da Gama Alves, Roberto","Taxonomic and functional diversity of oligochaetes in Neotropical springs: the influence of eucalyptus monocultures","Hydrobiologia","","","","","","2025","2026-06-21 20:16:14","2026-06-21 20:16:14","","3013–3024","","12","852","","","","","","","","Springer","","","","","","","","","","","","","","","","","","","","","","","","","","","","","","","","","","","","","","","","","","","","","","","","","","","","","","","","","","","",""
"CKE4CF22","journalArticle","2025","Blache, Nolwenn; Chalvet-Monfray, Karine; Kumlert, Rawadee; Hinjoy, Soawapak; Morand, Serge","Scrub typhus in Nan province (Thailand): Seventeen years of data to understand the impact of land cover change","PLoS Neglected Tropical Diseases","","","","","","2025","2026-06-21 20:16:14","2026-06-21 20:16:14","","e0013552","","9","19","","","","","","","","Public Library of Science San Francisco, CA USA","","","","","","","","","","","","","","","","","","","","","","","","","","","","","","","","","","","","","","","","","","","","","","","","","","","","","","","","","","","",""
"PFCGL4JS","journalArticle","2025","Blache, Nolwenn; Chalvet-Monfray, Karine; Kumlert, Rawadee; Hinjoy, Soawapak; Morand, Serge","Scrub typhus in Nan province (Thailand): Seventeen years of data to understand the impact of land cover change","PLoS Neglected Tropical Diseases","","","","","","2025","2026-06-21 20:16:14","2026-06-21 20:16:14","","e0013552","","9","19","","","","","","","","Public Library of Science San Francisco, CA USA","","","","","","","","","","","","","","","","","","","","","","","","","","","","","","","","","","","","","","","","","","","","","","","","","","","","","","","","","","","",""
"KEX5BYZK","journalArticle","2025","Bloch, Itai; Troupin, David; Toledo, Sivan; Nathan, Ran; Sapir, Nir","Combining radio-telemetry and radar measurements to test optimal foraging in an aerial insectivore bird","Elife","","","","","","2025","2026-06-21 20:16:14","2026-06-21 20:16:14","","RP96573","","","13","","","","","","","","eLife Sciences Publications, Ltd","","","","","","","","","","","","","","","","","","","","","","","","","","","","","","","","","","","","","","","","","","","","","","","","","","","","","","","","","","","",""
"HA4GE7YJ","journalArticle","2025","Bloch, Itai; Troupin, David; Toledo, Sivan; Nathan, Ran; Sapir, Nir","Combining radio-telemetry and radar measurements to test optimal foraging in an aerial insectivore bird","Elife","","","","","","2025","2026-06-21 20:16:14","2026-06-21 20:16:14","","RP96573","","","13","","","","","","","","eLife Sciences Publications, Ltd","","","","","","","","","","","","","","","","","","","","","","","","","","","","","","","","","","","","","","","","","","","","","","","","","","","","","","","","","","","",""
"SJ6ANX7J","journalArticle","2025","Jahan, Israt; Scott, Trey J; Strassmann, Joan E; Queller, David C","Testing the coordination hypothesis: incompatibilities in aggregative development of an experimentally evolved social amoeba","Evolution Letters","","","","","","2025","2026-06-21 20:16:14","2026-06-21 20:16:14","","236–248","","2","9","","","","","","","","Oxford University Press US","","","","","","","","","","","","","","","","","","","","","","","","","","","","","","","","","","","","","","","","","","","","","","","","","","","","","","","","","","","",""
"2RMWW25W","journalArticle","2025","Jahan, Israt; Scott, Trey J; Strassmann, Joan E; Queller, David C","Testing the coordination hypothesis: incompatibilities in aggregative development of an experimentally evolved social amoeba","Evolution Letters","","","","","","2025","2026-06-21 20:16:14","2026-06-21 20:16:14","","236–248","","2","9","","","","","","","","Oxford University Press US","","","","","","","","","","","","","","","","","","","","","","","","","","","","","","","","","","","","","","","","","","","","","","","","","","","","","","","","","","","",""
"T6A56MVN","journalArticle","2025","Minguito-Frutos, Mario; Arthur, Rohan; Boada, Jordi; Marco-Méndez, Candela; Adams, Matthew P; Pagès, Jordi F; Buñuel, Xavier; Pessarrodona, Albert; Turon, Xavier; Ballesteros, Enric; others","Grazing halos reveal differential ecosystem vulnerabilities in vegetated habitats","Ecology","","","","","","2025","2026-06-21 20:16:14","2026-06-21 20:16:14","","e70239","","11","106","","","","","","","","Wiley Online Library","","","","","","","","","","","","","","","","","","","","","","","","","","","","","","","","","","","","","","","","","","","","","","","","","","","","","","","","","","","",""
"VIM654D3","journalArticle","2025","Minguito-Frutos, Mario; Arthur, Rohan; Boada, Jordi; Marco-Méndez, Candela; Adams, Matthew P; Pagès, Jordi F; Buñuel, Xavier; Pessarrodona, Albert; Turon, Xavier; Ballesteros, Enric; others","Grazing halos reveal differential ecosystem vulnerabilities in vegetated habitats","Ecology","","","","","","2025","2026-06-21 20:16:14","2026-06-21 20:16:14","","e70239","","11","106","","","","","","","","Wiley Online Library","","","","","","","","","","","","","","","","","","","","","","","","","","","","","","","","","","","","","","","","","","","","","","","","","","","","","","","","","","","",""
"WM2KCPCL","journalArticle","2025","Pedrosa Guimarães, Luiza; Henrique Monteiro do Amaral, Pedro; da Gama Alves, Roberto","Temporal dynamics of aquatic insects and oligochaetes in tropical springs","Inland Waters","","","","","","2025","2026-06-21 20:16:14","2026-06-21 20:16:14","","1–11","","1","15","","","","","","","","Taylor & Francis","","","","","","","","","","","","","","","","","","","","","","","","","","","","","","","","","","","","","","","","","","","","","","","","","","","","","","","","","","","",""
"T2F9BF62","journalArticle","2025","Pedrosa Guimarães, Luiza; Henrique Monteiro do Amaral, Pedro; da Gama Alves, Roberto","Temporal dynamics of aquatic insects and oligochaetes in tropical springs","Inland Waters","","","","","","2025","2026-06-21 20:16:14","2026-06-21 20:16:14","","1–11","","1","15","","","","","","","","Taylor & Francis","","","","","","","","","","","","","","","","","","","","","","","","","","","","","","","","","","","","","","","","","","","","","","","","","","","","","","","","","","","",""
"QJTPJQ6P","journalArticle","2025","González-Rodelas, Laura; Marín-García, Cristina; Romero, Clara; Pujol, Gala; Marín-Gual, Laia; Kratochvíl, Lukáš; Ruiz-Herrera, Aurora","Recombination plasticity in response to temperature variation in reptiles","PLoS Genetics","","","","","","2025","2026-06-21 20:16:14","2026-06-21 20:16:14","","e1011772","","8","21","","","","","","","","Public Library of Science San Francisco, CA USA","","","","","","","","","","","","","","","","","","","","","","","","","","","","","","","","","","","","","","","","","","","","","","","","","","","","","","","","","","","",""
"VLTI5XZE","journalArticle","2025","González-Rodelas, Laura; Marín-García, Cristina; Romero, Clara; Pujol, Gala; Marín-Gual, Laia; Kratochvíl, Lukáš; Ruiz-Herrera, Aurora","Recombination plasticity in response to temperature variation in reptiles","PLoS Genetics","","","","","","2025","2026-06-21 20:16:14","2026-06-21 20:16:14","","e1011772","","8","21","","","","","","","","Public Library of Science San Francisco, CA USA","","","","","","","","","","","","","","","","","","","","","","","","","","","","","","","","","","","","","","","","","","","","","","","","","","","","","","","","","","","",""
"I9W8XM4F","journalArticle","2025","Carriquiry, I García; Silva, V; Inchausti, P; Niell, S; Pizzarossa, A Berro; Medina, M; Fernandez, G; Geissen, V","The effects of sequential herbicide applications on phosphorus cycling and mycorrhization in soybean: A two-year field study","Agriculture, Ecosystems & Environment","","","","","","2025","2026-06-21 20:16:14","2026-06-21 20:16:14","","109754","","","392","","","","","","","","Elsevier","","","","","","","","","","","","","","","","","","","","","","","","","","","","","","","","","","","","","","","","","","","","","","","","","","","","","","","","","","","",""
"B6WNIAIC","journalArticle","2025","Carriquiry, I García; Silva, V; Inchausti, P; Niell, S; Pizzarossa, A Berro; Medina, M; Fernandez, G; Geissen, V","The effects of sequential herbicide applications on phosphorus cycling and mycorrhization in soybean: A two-year field study","Agriculture, Ecosystems & Environment","","","","","","2025","2026-06-21 20:16:14","2026-06-21 20:16:14","","109754","","","392","","","","","","","","Elsevier","","","","","","","","","","","","","","","","","","","","","","","","","","","","","","","","","","","","","","","","","","","","","","","","","","","","","","","","","","","",""
"XKAJC8R9","journalArticle","2025","Blanco-Pérez, Rubén; de Toro, María; Álvarez-Ortega, Sergio; Pou, Alícia; Sánchez-Moreno, Sara; Campos-Herrera, Raquel","Metabarcoding-based characterization of soil nematode communities to assess soil health in viticulture","Ecological Indicators","","","","","","2025","2026-06-21 20:16:14","2026-06-21 20:16:14","","113696","","","176","","","","","","","","Elsevier","","","","","","","","","","","","","","","","","","","","","","","","","","","","","","","","","","","","","","","","","","","","","","","","","","","","","","","","","","","",""
"SR44YFMB","journalArticle","2025","Blanco-Pérez, Rubén; de Toro, María; Álvarez-Ortega, Sergio; Pou, Alícia; Sánchez-Moreno, Sara; Campos-Herrera, Raquel","Metabarcoding-based characterization of soil nematode communities to assess soil health in viticulture","Ecological Indicators","","","","","","2025","2026-06-21 20:16:14","2026-06-21 20:16:14","","113696","","","176","","","","","","","","Elsevier","","","","","","","","","","","","","","","","","","","","","","","","","","","","","","","","","","","","","","","","","","","","","","","","","","","","","","","","","","","",""
"QI7SDL7R","journalArticle","2025","Yue, Bai; Niu, Kechang; Zi, Hongbiao; Zhao, Ning; Zhang, Zhenhua; He, Jin-Sheng","Functional trait space expansion explains productivity gains under moderate grazing","Oikos","","","","","","2025","2026-06-21 20:16:14","2026-06-21 20:16:14","","e11342","","12","2025","","","","","","","","Wiley Online Library","","","","","","","","","","","","","","","","","","","","","","","","","","","","","","","","","","","","","","","","","","","","","","","","","","","","","","","","","","","",""
"HCX7F3QZ","journalArticle","2025","Yue, Bai; Niu, Kechang; Zi, Hongbiao; Zhao, Ning; Zhang, Zhenhua; He, Jin-Sheng","Functional trait space expansion explains productivity gains under moderate grazing","Oikos","","","","","","2025","2026-06-21 20:16:14","2026-06-21 20:16:14","","e11342","","12","2025","","","","","","","","Wiley Online Library","","","","","","","","","","","","","","","","","","","","","","","","","","","","","","","","","","","","","","","","","","","","","","","","","","","","","","","","","","","",""
"ZLLSB6U4","journalArticle","2025","Graciotti, Rodolfo P; Porto, Lucas MV; Gonçalves-Neto, Salatiel; Quental, Tiago B","Ecological and spatial overlap indicate interspecific competition during North American canid radiation","Evolution","","","","","","2025","2026-06-21 20:16:14","2026-06-21 20:16:14","","1835–1847","","9","79","","","","","","","","Oxford University Press","","","","","","","","","","","","","","","","","","","","","","","","","","","","","","","","","","","","","","","","","","","","","","","","","","","","","","","","","","","",""
"UUZIH5WK","journalArticle","2025","Graciotti, Rodolfo P; Porto, Lucas MV; Gonçalves-Neto, Salatiel; Quental, Tiago B","Ecological and spatial overlap indicate interspecific competition during North American canid radiation","Evolution","","","","","","2025","2026-06-21 20:16:14","2026-06-21 20:16:14","","1835–1847","","9","79","","","","","","","","Oxford University Press","","","","","","","","","","","","","","","","","","","","","","","","","","","","","","","","","","","","","","","","","","","","","","","","","","","","","","","","","","","",""
"TEGP8GRV","journalArticle","2025","Kwun, Min Jung; Ion, Alexandru V; Apagyi, Katinka J; Croucher, Nicholas J","Chromosomal curing drives an arms race between bacterial transformation and prophage","Molecular Biology and Evolution","","","","","","2025","2026-06-21 20:16:14","2026-06-21 20:16:14","","msaf259","","11","42","","","","","","","","Oxford University Press UK","","","","","","","","","","","","","","","","","","","","","","","","","","","","","","","","","","","","","","","","","","","","","","","","","","","","","","","","","","","",""
"94W3FJFZ","journalArticle","2025","Kwun, Min Jung; Ion, Alexandru V; Apagyi, Katinka J; Croucher, Nicholas J","Chromosomal curing drives an arms race between bacterial transformation and prophage","Molecular Biology and Evolution","","","","","","2025","2026-06-21 20:16:14","2026-06-21 20:16:14","","msaf259","","11","42","","","","","","","","Oxford University Press UK","","","","","","","","","","","","","","","","","","","","","","","","","","","","","","","","","","","","","","","","","","","","","","","","","","","","","","","","","","","",""
"GYFH5GES","journalArticle","2025","Robins, Hope; Kerr, CC; Dutka, TL; Donald, JA; Macdonald, A; Collin, SP; Chapuis, Lucille","The effects of anthropogenic sound on behaviour and physiology in female Port Jackson sharks Heterodontus portusjacksoni (Elasmobranchii)","Marine Pollution Bulletin","","","","","","2025","2026-06-21 20:16:14","2026-06-21 20:16:14","","118525","","","221","","","","","","","","Elsevier","","","","","","","","","","","","","","","","","","","","","","","","","","","","","","","","","","","","","","","","","","","","","","","","","","","","","","","","","","","",""
"3BGJJBY4","journalArticle","2025","Robins, Hope; Kerr, CC; Dutka, TL; Donald, JA; Macdonald, A; Collin, SP; Chapuis, Lucille","The effects of anthropogenic sound on behaviour and physiology in female Port Jackson sharks Heterodontus portusjacksoni (Elasmobranchii)","Marine Pollution Bulletin","","","","","","2025","2026-06-21 20:16:14","2026-06-21 20:16:14","","118525","","","221","","","","","","","","Elsevier","","","","","","","","","","","","","","","","","","","","","","","","","","","","","","","","","","","","","","","","","","","","","","","","","","","","","","","","","","","",""
"4GRNM86V","journalArticle","2025","Sirbu, Olga; Agarwal, Gunjan; Giuliani, Alessandro; Selvarajoo, Kumar","Understanding the role of toggle genes in chronic lymphocytic leukemia proliferation","npj Systems Biology and Applications","","","","","","2025","2026-06-21 20:16:14","2026-06-21 20:16:14","","91","","1","11","","","","","","","","Nature Publishing Group UK London","","","","","","","","","","","","","","","","","","","","","","","","","","","","","","","","","","","","","","","","","","","","","","","","","","","","","","","","","","","",""
"JGLZXZVA","journalArticle","2025","Sirbu, Olga; Agarwal, Gunjan; Giuliani, Alessandro; Selvarajoo, Kumar","Understanding the role of toggle genes in chronic lymphocytic leukemia proliferation","npj Systems Biology and Applications","","","","","","2025","2026-06-21 20:16:14","2026-06-21 20:16:14","","91","","1","11","","","","","","","","Nature Publishing Group UK London","","","","","","","","","","","","","","","","","","","","","","","","","","","","","","","","","","","","","","","","","","","","","","","","","","","","","","","","","","","",""
"KW5LU9IH","journalArticle","2025","Bouchard, Raphaël; Babin, Charles; Normandeau, Éric; Boulanger, Félix; Coxon, Angela; Diamond, Sanford; Fireman, Robert; Louttit, Natasha; Natawapineskum, George; Torio, Dante; others","A multi-species mixed-stock analysis reveals latitudinal differences in stock overlap with implications for supporting local indigenous fisheries","ICES Journal of Marine Science","","","","","","2025","2026-06-21 20:16:14","2026-06-21 20:16:14","","fsaf187","","10","82","","","","","","","","Oxford University Press","","","","","","","","","","","","","","","","","","","","","","","","","","","","","","","","","","","","","","","","","","","","","","","","","","","","","","","","","","","",""
"QPGW28T6","journalArticle","2025","Bouchard, Raphaël; Babin, Charles; Normandeau, Éric; Boulanger, Félix; Coxon, Angela; Diamond, Sanford; Fireman, Robert; Louttit, Natasha; Natawapineskum, George; Torio, Dante; others","A multi-species mixed-stock analysis reveals latitudinal differences in stock overlap with implications for supporting local indigenous fisheries","ICES Journal of Marine Science","","","","","","2025","2026-06-21 20:16:14","2026-06-21 20:16:14","","fsaf187","","10","82","","","","","","","","Oxford University Press","","","","","","","","","","","","","","","","","","","","","","","","","","","","","","","","","","","","","","","","","","","","","","","","","","","","","","","","","","","",""
"NLKZZK3W","journalArticle","2025","Maldonado, M Belén; Laborda, Álvaro; Cajade, Manuel; Hagopián, Damián; Brazeiro, Alejandro; Simó, Miguel","Maintaining landscape connectivity for spider assemblages in temperate grasslands: The role of firebreaks in Eucalyptus dunnii plantations","Forest Ecology and Management","","","","","","2025","2026-06-21 20:16:14","2026-06-21 20:16:14","","122785","","","590","","","","","","","","Elsevier","","","","","","","","","","","","","","","","","","","","","","","","","","","","","","","","","","","","","","","","","","","","","","","","","","","","","","","","","","","",""
"F2PJ295S","journalArticle","2025","Maldonado, M Belén; Laborda, Álvaro; Cajade, Manuel; Hagopián, Damián; Brazeiro, Alejandro; Simó, Miguel","Maintaining landscape connectivity for spider assemblages in temperate grasslands: The role of firebreaks in Eucalyptus dunnii plantations","Forest Ecology and Management","","","","","","2025","2026-06-21 20:16:14","2026-06-21 20:16:14","","122785","","","590","","","","","","","","Elsevier","","","","","","","","","","","","","","","","","","","","","","","","","","","","","","","","","","","","","","","","","","","","","","","","","","","","","","","","","","","",""
"Y55VBFYU","journalArticle","2025","Ballenghein, Ugo; Lachaud, Léa","Cognitive engagement and reading comprehension of French pupils aged between 9-and 11-Years old are influenced by task relevance: evidence from concurrent recordings of postural and eye movements","Reading and Writing","","","","","","2025","2026-06-21 20:16:14","2026-06-21 20:16:14","","2715–2729","","9","38","","","","","","","","Springer","","","","","","","","","","","","","","","","","","","","","","","","","","","","","","","","","","","","","","","","","","","","","","","","","","","","","","","","","","","",""
"9MNXQ794","journalArticle","2025","Ballenghein, Ugo; Lachaud, Léa","Cognitive engagement and reading comprehension of French pupils aged between 9-and 11-Years old are influenced by task relevance: evidence from concurrent recordings of postural and eye movements","Reading and Writing","","","","","","2025","2026-06-21 20:16:14","2026-06-21 20:16:14","","2715–2729","","9","38","","","","","","","","Springer","","","","","","","","","","","","","","","","","","","","","","","","","","","","","","","","","","","","","","","","","","","","","","","","","","","","","","","","","","","",""
"MB8TQX75","journalArticle","2025","Gubbins, Simon; Brown, Emma; Wungak, Yiltawe; Oyekan, Olumuyiwa; Adedeji, Adeyinka J; Ijoma, Sandra I; Atai, Rebecca B; Oguche, Moses O; Samson, Mark; Dogonyaro, Banenat B; others","Longitudinal study of foot-and-mouth disease virus in Northern Nigeria: implications for the roles of small ruminants and environmental contamination in endemic settings","Veterinary Research","","","","","","2025","2026-06-21 20:16:14","2026-06-21 20:16:14","","76","","1","56","","","","","","","","Springer","","","","","","","","","","","","","","","","","","","","","","","","","","","","","","","","","","","","","","","","","","","","","","","","","","","","","","","","","","","",""
"4TWGAVNP","journalArticle","2025","Gubbins, Simon; Brown, Emma; Wungak, Yiltawe; Oyekan, Olumuyiwa; Adedeji, Adeyinka J; Ijoma, Sandra I; Atai, Rebecca B; Oguche, Moses O; Samson, Mark; Dogonyaro, Banenat B; others","Longitudinal study of foot-and-mouth disease virus in Northern Nigeria: implications for the roles of small ruminants and environmental contamination in endemic settings","Veterinary Research","","","","","","2025","2026-06-21 20:16:14","2026-06-21 20:16:14","","76","","1","56","","","","","","","","Springer","","","","","","","","","","","","","","","","","","","","","","","","","","","","","","","","","","","","","","","","","","","","","","","","","","","","","","","","","","","",""
"UMB9BUEY","journalArticle","2025","Kawaguchi, Nijiho; Aguilar-Vega, Cecilia; Sasaki, Michihito; Orba, Yasuko; Sawa, Hirofumi; Sánchez-Vizcaíno, José Manuel; Isoda, Norikazu; Bosch, Jaime; Ito, Satoshi","Risk Mapping of African Swine Fever in Domestic Pigs and Wild Boars to Enhance Management and Surveillance in Asia","Transboundary and Emerging Diseases","","","","","","2025","2026-06-21 20:16:14","2026-06-21 20:16:14","","8850856","","1","2025","","","","","","","","Wiley Online Library","","","","","","","","","","","","","","","","","","","","","","","","","","","","","","","","","","","","","","","","","","","","","","","","","","","","","","","","","","","",""
"DB44XHSZ","journalArticle","2025","Kawaguchi, Nijiho; Aguilar-Vega, Cecilia; Sasaki, Michihito; Orba, Yasuko; Sawa, Hirofumi; Sánchez-Vizcaíno, José Manuel; Isoda, Norikazu; Bosch, Jaime; Ito, Satoshi","Risk Mapping of African Swine Fever in Domestic Pigs and Wild Boars to Enhance Management and Surveillance in Asia","Transboundary and Emerging Diseases","","","","","","2025","2026-06-21 20:16:14","2026-06-21 20:16:14","","8850856","","1","2025","","","","","","","","Wiley Online Library","","","","","","","","","","","","","","","","","","","","","","","","","","","","","","","","","","","","","","","","","","","","","","","","","","","","","","","","","","","",""
"5KJMV7YX","journalArticle","2025","Chelkha, Maryan; Blanco-Pérez, Rubén; Dueñas-Hernani, Jorge; Vicente-Díez, Ignacio; Pastor, Victoria; Campos-Herrera, Raquel","Dual role of Eisenia fetida and its excreta in boosting tomato biomass and defense against Botrytis cinerea","Biological Control","","","","","","2025","2026-06-21 20:16:14","2026-06-21 20:16:14","","105806","","","207","","","","","","","","Elsevier","","","","","","","","","","","","","","","","","","","","","","","","","","","","","","","","","","","","","","","","","","","","","","","","","","","","","","","","","","","",""
"KQU6NI83","journalArticle","2025","Chelkha, Maryan; Blanco-Pérez, Rubén; Dueñas-Hernani, Jorge; Vicente-Díez, Ignacio; Pastor, Victoria; Campos-Herrera, Raquel","Dual role of Eisenia fetida and its excreta in boosting tomato biomass and defense against Botrytis cinerea","Biological Control","","","","","","2025","2026-06-21 20:16:14","2026-06-21 20:16:14","","105806","","","207","","","","","","","","Elsevier","","","","","","","","","","","","","","","","","","","","","","","","","","","","","","","","","","","","","","","","","","","","","","","","","","","","","","","","","","","",""
"WH8FSPAK","journalArticle","2025","Hale, Charles O; Hsu, Sheng-Kai; Zhai, Jingjing; Schulz, Aimee J; Aubuchon-Elder, Taylor; Costa-Neto, Germano; Gelfond, Allen; El-Walid, Mohamed; Hufford, Matthew; Kellogg, Elizabeth A; others","Extensive modulation of a conserved cis-regulatory code across 589 grass species","bioRxiv","","","","","","2025","2026-06-21 20:16:14","2026-06-21 20:16:14","","2025–04","","","","","","","","","","","Cold Spring Harbor Laboratory","","","","","","","","","","","","","","","","","","","","","","","","","","","","","","","","","","","","","","","","","","","","","","","","","","","","","","","","","","","",""
"SJYDFIFW","journalArticle","2025","Hale, Charles O; Hsu, Sheng-Kai; Zhai, Jingjing; Schulz, Aimee J; Aubuchon-Elder, Taylor; Costa-Neto, Germano; Gelfond, Allen; El-Walid, Mohamed; Hufford, Matthew; Kellogg, Elizabeth A; others","Extensive modulation of a conserved cis-regulatory code across 589 grass species","bioRxiv","","","","","","2025","2026-06-21 20:16:14","2026-06-21 20:16:14","","2025–04","","","","","","","","","","","Cold Spring Harbor Laboratory","","","","","","","","","","","","","","","","","","","","","","","","","","","","","","","","","","","","","","","","","","","","","","","","","","","","","","","","","","","",""
"RD9ULQQX","journalArticle","2025","Back, Janaína Paula; Bicca-Marques, Júlio César","Urinary health indicators in folivorous-frugivorous primates with and without food supplementation","Primates","","","","","","2025","2026-06-21 20:16:14","2026-06-21 20:16:14","","129–141","","1","66","","","","","","","","Springer","","","","","","","","","","","","","","","","","","","","","","","","","","","","","","","","","","","","","","","","","","","","","","","","","","","","","","","","","","","",""
"H948KZX2","journalArticle","2025","Back, Janaína Paula; Bicca-Marques, Júlio César","Urinary health indicators in folivorous-frugivorous primates with and without food supplementation","Primates","","","","","","2025","2026-06-21 20:16:14","2026-06-21 20:16:14","","129–141","","1","66","","","","","","","","Springer","","","","","","","","","","","","","","","","","","","","","","","","","","","","","","","","","","","","","","","","","","","","","","","","","","","","","","","","","","","",""
"Y9UED7LG","journalArticle","2025","Martin, Michael A; Brizzi, Andrea; Xi, Xiaoyue; Galiwango, Ronald Moses; Moyo, Sikhulile; Ssemwanga, Deogratius; Blenkinsop, Alexandra; Redd, Andrew D; Abeler-Dörner, Lucie; Fraser, Christophe; others","Quantifying prevalence and risk factors of HIV multiple infection in Uganda from population-based deep-sequence data","PLoS pathogens","","","","","","2025","2026-06-21 20:16:14","2026-06-21 20:16:14","","e1013065","","4","21","","","","","","","","Public Library of Science San Francisco, CA USA","","","","","","","","","","","","","","","","","","","","","","","","","","","","","","","","","","","","","","","","","","","","","","","","","","","","","","","","","","","",""
"LXJQ2DCK","journalArticle","2025","Martin, Michael A; Brizzi, Andrea; Xi, Xiaoyue; Galiwango, Ronald Moses; Moyo, Sikhulile; Ssemwanga, Deogratius; Blenkinsop, Alexandra; Redd, Andrew D; Abeler-Dörner, Lucie; Fraser, Christophe; others","Quantifying prevalence and risk factors of HIV multiple infection in Uganda from population-based deep-sequence data","PLoS pathogens","","","","","","2025","2026-06-21 20:16:14","2026-06-21 20:16:14","","e1013065","","4","21","","","","","","","","Public Library of Science San Francisco, CA USA","","","","","","","","","","","","","","","","","","","","","","","","","","","","","","","","","","","","","","","","","","","","","","","","","","","","","","","","","","","",""
"XR93SB2L","journalArticle","2025","Simian, Catalina; Oviedo-Diego, Mariela Anahí; Palen-Pietri, Rocio; Olivero, Paola Andrea; Vrech, David Eduardo; Peretti, Alfredo Vicente","Changes in male behavior in response to female chemical stimulus in an understudied arthropod model","Ethology","","","","","","2025","2026-06-21 20:16:14","2026-06-21 20:16:14","","e13526","","2","131","","","","","","","","Wiley Online Library","","","","","","","","","","","","","","","","","","","","","","","","","","","","","","","","","","","","","","","","","","","","","","","","","","","","","","","","","","","",""
"RTX5YCJA","journalArticle","2025","Simian, Catalina; Oviedo-Diego, Mariela Anahí; Palen-Pietri, Rocio; Olivero, Paola Andrea; Vrech, David Eduardo; Peretti, Alfredo Vicente","Changes in male behavior in response to female chemical stimulus in an understudied arthropod model","Ethology","","","","","","2025","2026-06-21 20:16:14","2026-06-21 20:16:14","","e13526","","2","131","","","","","","","","Wiley Online Library","","","","","","","","","","","","","","","","","","","","","","","","","","","","","","","","","","","","","","","","","","","","","","","","","","","","","","","","","","","",""
"QVMZL8SR","journalArticle","2025","Murphy, Sarah I; Pouillot, Régis; Boyer, Marc; Dennis, Sherri; Abt, Eileen; Gray, Patrick; Jarman, Dwayne; Nyambok, Edward; Van Doren, Jane M","Co-occurrence and correlation of arsenic, cadmium, and lead in processed foods intended for infants and young children: evaluation of two statistical approaches adapted to censored data and their implications for risk management","Food Additives & Contaminants: Part A","","","","","","2025","2026-06-21 20:16:14","2026-06-21 20:16:14","","22–39","","1","42","","","","","","","","Taylor & Francis","","","","","","","","","","","","","","","","","","","","","","","","","","","","","","","","","","","","","","","","","","","","","","","","","","","","","","","","","","","",""
"Y5D2WYVU","journalArticle","2025","Murphy, Sarah I; Pouillot, Régis; Boyer, Marc; Dennis, Sherri; Abt, Eileen; Gray, Patrick; Jarman, Dwayne; Nyambok, Edward; Van Doren, Jane M","Co-occurrence and correlation of arsenic, cadmium, and lead in processed foods intended for infants and young children: evaluation of two statistical approaches adapted to censored data and their implications for risk management","Food Additives & Contaminants: Part A","","","","","","2025","2026-06-21 20:16:14","2026-06-21 20:16:14","","22–39","","1","42","","","","","","","","Taylor & Francis","","","","","","","","","","","","","","","","","","","","","","","","","","","","","","","","","","","","","","","","","","","","","","","","","","","","","","","","","","","",""
"DTD9ILWI","journalArticle","2025","Diniz-Reis, Thaís Rovere; Abdalla Filho, Adibe Luiz; Augusto, Fernanda Gaudio; Kisaka, Tiago Borges; Marques, Thiago Simon; Ribeiro, Juliana Fernandes; Percequillo, Alexandre Reis; Nardoto, Gabriela Bielefeld; Verdade, Luciano Martins; de Camargo, Plínio Barbosa; others","Geographic variability of carbon and nitrogen isotope ratios of nonvolant terrestrial small mammals (Rodentia) across 3 Brazilian biomes","Journal of Mammalogy","","","","","","2025","2026-06-21 20:16:14","2026-06-21 20:16:14","","129–145","","1","106","","","","","","","","Oxford University Press US","","","","","","","","","","","","","","","","","","","","","","","","","","","","","","","","","","","","","","","","","","","","","","","","","","","","","","","","","","","",""
"3HQ2ADYD","journalArticle","2025","Diniz-Reis, Thaís Rovere; Abdalla Filho, Adibe Luiz; Augusto, Fernanda Gaudio; Kisaka, Tiago Borges; Marques, Thiago Simon; Ribeiro, Juliana Fernandes; Percequillo, Alexandre Reis; Nardoto, Gabriela Bielefeld; Verdade, Luciano Martins; de Camargo, Plínio Barbosa; others","Geographic variability of carbon and nitrogen isotope ratios of nonvolant terrestrial small mammals (Rodentia) across 3 Brazilian biomes","Journal of Mammalogy","","","","","","2025","2026-06-21 20:16:14","2026-06-21 20:16:14","","129–145","","1","106","","","","","","","","Oxford University Press US","","","","","","","","","","","","","","","","","","","","","","","","","","","","","","","","","","","","","","","","","","","","","","","","","","","","","","","","","","","",""
"MP4NU2ZV","journalArticle","2025","Costa, Helena; Van Essche, Maud; Riedel, Juliane A; Gupta, Akash; Rikardsen, Audun H; Goksøyr, Anders; Blévin, Pierre; Harju, Mikael; Pirard, Laura; Nash, Susan Bengston; others","A whale in a well: Co-exposure of a persistent organic pollutant mixture and cetacean morbillivirus on killer whale (Orcinus orca) primary fibroblasts","Aquatic Toxicology","","","","","","2025","2026-06-21 20:16:14","2026-06-21 20:16:14","","107671","","","","","","","","","","","Elsevier","","","","","","","","","","","","","","","","","","","","","","","","","","","","","","","","","","","","","","","","","","","","","","","","","","","","","","","","","","","",""
"B7PL3U5J","journalArticle","2025","Costa, Helena; Van Essche, Maud; Riedel, Juliane A; Gupta, Akash; Rikardsen, Audun H; Goksøyr, Anders; Blévin, Pierre; Harju, Mikael; Pirard, Laura; Nash, Susan Bengston; others","A whale in a well: Co-exposure of a persistent organic pollutant mixture and cetacean morbillivirus on killer whale (Orcinus orca) primary fibroblasts","Aquatic Toxicology","","","","","","2025","2026-06-21 20:16:14","2026-06-21 20:16:14","","107671","","","","","","","","","","","Elsevier","","","","","","","","","","","","","","","","","","","","","","","","","","","","","","","","","","","","","","","","","","","","","","","","","","","","","","","","","","","",""
"LNPC9AYG","journalArticle","2025","Dayan, David B; Hanley, Brenda J; Stiller, Joshua; Richter, Wayne; Gregg, Ian D; Huck, Nate R; Huang, Min T; Nichols, Theodore C; Spliethoff, Henry M; Becker, Jesse C; others","Environmental contaminants assessment for frequently harvested migratory waterfowl in the Northeast Atlantic flyway","Science of The Total Environment","","","","","","2025","2026-06-21 20:16:14","2026-06-21 20:16:14","","178474","","","963","","","","","","","","Elsevier","","","","","","","","","","","","","","","","","","","","","","","","","","","","","","","","","","","","","","","","","","","","","","","","","","","","","","","","","","","",""
"MVYR2IT8","journalArticle","2025","Dayan, David B; Hanley, Brenda J; Stiller, Joshua; Richter, Wayne; Gregg, Ian D; Huck, Nate R; Huang, Min T; Nichols, Theodore C; Spliethoff, Henry M; Becker, Jesse C; others","Environmental contaminants assessment for frequently harvested migratory waterfowl in the Northeast Atlantic flyway","Science of The Total Environment","","","","","","2025","2026-06-21 20:16:14","2026-06-21 20:16:14","","178474","","","963","","","","","","","","Elsevier","","","","","","","","","","","","","","","","","","","","","","","","","","","","","","","","","","","","","","","","","","","","","","","","","","","","","","","","","","","",""
"K8YYXZ4X","journalArticle","2025","Gallego-Abenza, Mario; Wheatcroft, David","Traffic noise exposure impacts song production in wild male field crickets (Gryllus bimaculatus) under predator and intrasexual competition contexts","Royal Society Open Science","","","","","","2025","2026-06-21 20:16:14","2026-06-21 20:16:14","","241346","","5","12","","","","","","","","","","","","","","","","","","","","","","","","","","","","","","","","","","","","","","","","","","","","","","","","","","","","","","","","","","","","","","","","","","","",""
"KF2APSCI","journalArticle","2025","Gallego-Abenza, Mario; Wheatcroft, David","Traffic noise exposure impacts song production in wild male field crickets (Gryllus bimaculatus) under predator and intrasexual competition contexts","Royal Society Open Science","","","","","","2025","2026-06-21 20:16:14","2026-06-21 20:16:14","","241346","","5","12","","","","","","","","","","","","","","","","","","","","","","","","","","","","","","","","","","","","","","","","","","","","","","","","","","","","","","","","","","","","","","","","","","","",""
"793ZGNGS","journalArticle","2025","Colegrove, Hunter L; Monnat Jr, Raymond J; Feder, Alison F","Epithelial competition determines gene therapy potential to suppress Fanconi Anemia oral cancer risk","PLOS Computational Biology","","","","","","2025","2026-06-21 20:16:14","2026-06-21 20:16:14","","e1012915","","9","21","","","","","","","","Public Library of Science San Francisco, CA USA","","","","","","","","","","","","","","","","","","","","","","","","","","","","","","","","","","","","","","","","","","","","","","","","","","","","","","","","","","","",""
"DCHT6WPM","journalArticle","2025","Colegrove, Hunter L; Monnat Jr, Raymond J; Feder, Alison F","Epithelial competition determines gene therapy potential to suppress Fanconi Anemia oral cancer risk","PLOS Computational Biology","","","","","","2025","2026-06-21 20:16:14","2026-06-21 20:16:14","","e1012915","","9","21","","","","","","","","Public Library of Science San Francisco, CA USA","","","","","","","","","","","","","","","","","","","","","","","","","","","","","","","","","","","","","","","","","","","","","","","","","","","","","","","","","","","",""
"HPHVMJ29","journalArticle","2025","Peterson, Nick J; Marzluff, John M","Response of Great Blue Heron (Ardea herodias) habitat use to changing seasons and tidal levels across a grassland and estuarine ecosystem","Waterbirds","","","","","","2025","2026-06-21 20:16:14","2026-06-21 20:16:14","","1–10","","4","47","","","","","","","","BioOne","","","","","","","","","","","","","","","","","","","","","","","","","","","","","","","","","","","","","","","","","","","","","","","","","","","","","","","","","","","",""
"ZPPMKUJQ","journalArticle","2025","Peterson, Nick J; Marzluff, John M","Response of Great Blue Heron (Ardea herodias) habitat use to changing seasons and tidal levels across a grassland and estuarine ecosystem","Waterbirds","","","","","","2025","2026-06-21 20:16:14","2026-06-21 20:16:14","","1–10","","4","47","","","","","","","","BioOne","","","","","","","","","","","","","","","","","","","","","","","","","","","","","","","","","","","","","","","","","","","","","","","","","","","","","","","","","","","",""
"QJFDA5NZ","journalArticle","2025","Givelas, Mark; Martin, Adam R; Boonstra, Rudy","Predation risk and decision-making of grey squirrels in urban and rural forested parks","Urban Ecosystems","","","","","","2025","2026-06-21 20:16:14","2026-06-21 20:16:14","","105","","3","28","","","","","","","","Springer","","","","","","","","","","","","","","","","","","","","","","","","","","","","","","","","","","","","","","","","","","","","","","","","","","","","","","","","","","","",""
"HW3E6GTF","journalArticle","2025","Givelas, Mark; Martin, Adam R; Boonstra, Rudy","Predation risk and decision-making of grey squirrels in urban and rural forested parks","Urban Ecosystems","","","","","","2025","2026-06-21 20:16:14","2026-06-21 20:16:14","","105","","3","28","","","","","","","","Springer","","","","","","","","","","","","","","","","","","","","","","","","","","","","","","","","","","","","","","","","","","","","","","","","","","","","","","","","","","","",""
"4UW9QX9Q","journalArticle","2025","Martínez-Ruiz, Yessenia; Andrés Micán, Camilo; Fernando Manotas-Duque, Diego","LCOE at Risk in Different Locations in Colombia.","International Journal of Sustainable Energy Planning & Management","","","","","","2025","2026-06-21 20:16:14","2026-06-21 20:16:14","","","","","44","","","","","","","","","","","","","","","","","","","","","","","","","","","","","","","","","","","","","","","","","","","","","","","","","","","","","","","","","","","","","","","","","","","",""
"QK7JVZSA","journalArticle","2025","Martínez-Ruiz, Yessenia; Andrés Micán, Camilo; Fernando Manotas-Duque, Diego","LCOE at Risk in Different Locations in Colombia.","International Journal of Sustainable Energy Planning & Management","","","","","","2025","2026-06-21 20:16:14","2026-06-21 20:16:14","","","","","44","","","","","","","","","","","","","","","","","","","","","","","","","","","","","","","","","","","","","","","","","","","","","","","","","","","","","","","","","","","","","","","","","","","",""
"ZYP49JWV","journalArticle","2025","Granados, Ignacio; Toro, Manuel; Rubio, Ángel; Camacho, Antonio","Trophic status and sedimentation rate as effective indicators of condition in alpine lake restoration","Restoration Ecology","","","","","","2025","2026-06-21 20:16:14","2026-06-21 20:16:14","","e70182","","8","33","","","","","","","","Wiley Online Library","","","","","","","","","","","","","","","","","","","","","","","","","","","","","","","","","","","","","","","","","","","","","","","","","","","","","","","","","","","",""
"5EXUS8VS","journalArticle","2025","Granados, Ignacio; Toro, Manuel; Rubio, Ángel; Camacho, Antonio","Trophic status and sedimentation rate as effective indicators of condition in alpine lake restoration","Restoration Ecology","","","","","","2025","2026-06-21 20:16:14","2026-06-21 20:16:14","","e70182","","8","33","","","","","","","","Wiley Online Library","","","","","","","","","","","","","","","","","","","","","","","","","","","","","","","","","","","","","","","","","","","","","","","","","","","","","","","","","","","",""
"QWGD8CKB","journalArticle","2025","Saha, Mahendra; Kumar, Sumit; Pareek, Pratibha; Doodwal, Gaurav; Meena, Bhagchand","Parametric confidence intervals of generalized process capability index for finite mixture distributions","International Journal of System Assurance Engineering and Management","","","","","","2025","2026-06-21 20:16:14","2026-06-21 20:16:14","","1679–1688","","5","16","","","","","","","","Springer","","","","","","","","","","","","","","","","","","","","","","","","","","","","","","","","","","","","","","","","","","","","","","","","","","","","","","","","","","","",""
"8P352LH5","journalArticle","2025","Saha, Mahendra; Kumar, Sumit; Pareek, Pratibha; Doodwal, Gaurav; Meena, Bhagchand","Parametric confidence intervals of generalized process capability index for finite mixture distributions","International Journal of System Assurance Engineering and Management","","","","","","2025","2026-06-21 20:16:14","2026-06-21 20:16:14","","1679–1688","","5","16","","","","","","","","Springer","","","","","","","","","","","","","","","","","","","","","","","","","","","","","","","","","","","","","","","","","","","","","","","","","","","","","","","","","","","",""
"CKT9PQE7","journalArticle","2025","Sosa-Pivatto, María; Cosacov, Andrea; Sérsic, Alicia N","Relationship between the location of Pleistocene refugia and geographic and environmental centrality in a plant–pollinator mutualism from Patagonia","Proceedings B","","","","","","2025","2026-06-21 20:16:14","2026-06-21 20:16:14","","20252451","","2061","292","","","","","","","","The Royal Society","","","","","","","","","","","","","","","","","","","","","","","","","","","","","","","","","","","","","","","","","","","","","","","","","","","","","","","","","","","",""
"RI3CYGZC","journalArticle","2025","Sosa-Pivatto, María; Cosacov, Andrea; Sérsic, Alicia N","Relationship between the location of Pleistocene refugia and geographic and environmental centrality in a plant–pollinator mutualism from Patagonia","Proceedings B","","","","","","2025","2026-06-21 20:16:14","2026-06-21 20:16:14","","20252451","","2061","292","","","","","","","","The Royal Society","","","","","","","","","","","","","","","","","","","","","","","","","","","","","","","","","","","","","","","","","","","","","","","","","","","","","","","","","","","",""
"UMGX3UH6","journalArticle","2025","Mazik, Aleksandra; Stanek, Paulina; Malczewska, Beata; Lochyński, Paweł","Towards Circular Economy Solutions: Managing Wastewater from Paint Production","Sustainability","","","","","","2025","2026-06-21 20:16:14","2026-06-21 20:16:14","","10515","","23","17","","","","","","","","MDPI","","","","","","","","","","","","","","","","","","","","","","","","","","","","","","","","","","","","","","","","","","","","","","","","","","","","","","","","","","","",""
"FBWEVWW3","journalArticle","2025","Mazik, Aleksandra; Stanek, Paulina; Malczewska, Beata; Lochyński, Paweł","Towards Circular Economy Solutions: Managing Wastewater from Paint Production","Sustainability","","","","","","2025","2026-06-21 20:16:14","2026-06-21 20:16:14","","10515","","23","17","","","","","","","","MDPI","","","","","","","","","","","","","","","","","","","","","","","","","","","","","","","","","","","","","","","","","","","","","","","","","","","","","","","","","","","",""
"F6FADPQC","journalArticle","2025","Fernandes, Patrick Faria; de Avelar São-Pedro, Vinícius; de Lima Souza, Breno; Moreira-Silva, Camila; de Cássia Quitete Portela, Rita; Mendes, Eduardo Teles Barbosa; de Oliveira Scarascia, Pietro; da Silva Carvalho, Carolina","Effects of defaunation of large seed dispersers, habitat loss and fragmentation on the population expansion of a tropical palm","Landscape Ecology","","","","","","2025","2026-06-21 20:16:14","2026-06-21 20:16:14","","71","","4","40","","","","","","","","Springer","","","","","","","","","","","","","","","","","","","","","","","","","","","","","","","","","","","","","","","","","","","","","","","","","","","","","","","","","","","",""
"IH967WQL","journalArticle","2025","Fernandes, Patrick Faria; de Avelar São-Pedro, Vinícius; de Lima Souza, Breno; Moreira-Silva, Camila; de Cássia Quitete Portela, Rita; Mendes, Eduardo Teles Barbosa; de Oliveira Scarascia, Pietro; da Silva Carvalho, Carolina","Effects of defaunation of large seed dispersers, habitat loss and fragmentation on the population expansion of a tropical palm","Landscape Ecology","","","","","","2025","2026-06-21 20:16:14","2026-06-21 20:16:14","","71","","4","40","","","","","","","","Springer","","","","","","","","","","","","","","","","","","","","","","","","","","","","","","","","","","","","","","","","","","","","","","","","","","","","","","","","","","","",""
"BM62IUYS","journalArticle","2025","Gattis, Sabrina; Ben-Ami, Frida","The Role of Host Age at Exposure, Host–Parasite Genetics and Host Size-Parasite Length Mechanics in Shaping the Outcome of Parasitic Infections in Three Zooplankton Taxa","Freshwater Biology","","","","","","2025","2026-06-21 20:16:14","2026-06-21 20:16:14","","e70086","","8","70","","","","","","","","Wiley Online Library","","","","","","","","","","","","","","","","","","","","","","","","","","","","","","","","","","","","","","","","","","","","","","","","","","","","","","","","","","","",""
"LXXHDZJA","journalArticle","2025","Gattis, Sabrina; Ben-Ami, Frida","The Role of Host Age at Exposure, Host–Parasite Genetics and Host Size-Parasite Length Mechanics in Shaping the Outcome of Parasitic Infections in Three Zooplankton Taxa","Freshwater Biology","","","","","","2025","2026-06-21 20:16:14","2026-06-21 20:16:14","","e70086","","8","70","","","","","","","","Wiley Online Library","","","","","","","","","","","","","","","","","","","","","","","","","","","","","","","","","","","","","","","","","","","","","","","","","","","","","","","","","","","",""
"TPTCH72X","journalArticle","2025","Malik, Ireneusz; Chmura, Damian; Molenda, Tadeusz","Hydrological Fluctuations and Competition Drive Growth Dynamics of Invasive Robinia pseudoacacia L. in Post-Mining Novel Ecosystems","Land Degradation & Development","","","","","","2025","2026-06-21 20:16:14","2026-06-21 20:16:14","","6298–6309","","18","36","","","","","","","","Wiley Online Library","","","","","","","","","","","","","","","","","","","","","","","","","","","","","","","","","","","","","","","","","","","","","","","","","","","","","","","","","","","",""
"U9FK7B5P","journalArticle","2025","Malik, Ireneusz; Chmura, Damian; Molenda, Tadeusz","Hydrological Fluctuations and Competition Drive Growth Dynamics of Invasive Robinia pseudoacacia L. in Post-Mining Novel Ecosystems","Land Degradation & Development","","","","","","2025","2026-06-21 20:16:14","2026-06-21 20:16:14","","6298–6309","","18","36","","","","","","","","Wiley Online Library","","","","","","","","","","","","","","","","","","","","","","","","","","","","","","","","","","","","","","","","","","","","","","","","","","","","","","","","","","","",""
"7VJV6FLA","journalArticle","2025","LaSharr, Tayler N; Gilbertson, Marie LJ; LaSharr, Kelsie; Carstensen, Michelle","Dispersal dynamics of white-tailed deer in human-altered landscapes and implications for disease risk","Plos one","","","","","","2025","2026-06-21 20:16:14","2026-06-21 20:16:14","","e0325656","","6","20","","","","","","","","Public Library of Science San Francisco, CA USA","","","","","","","","","","","","","","","","","","","","","","","","","","","","","","","","","","","","","","","","","","","","","","","","","","","","","","","","","","","",""
"WC2GTY5X","journalArticle","2025","LaSharr, Tayler N; Gilbertson, Marie LJ; LaSharr, Kelsie; Carstensen, Michelle","Dispersal dynamics of white-tailed deer in human-altered landscapes and implications for disease risk","Plos one","","","","","","2025","2026-06-21 20:16:14","2026-06-21 20:16:14","","e0325656","","6","20","","","","","","","","Public Library of Science San Francisco, CA USA","","","","","","","","","","","","","","","","","","","","","","","","","","","","","","","","","","","","","","","","","","","","","","","","","","","","","","","","","","","",""
"PS753HQ3","journalArticle","2025","Grant, Evan H Campbell; Werba, Jo A; Mummah, Riley O; Brand, Adrianne B","The value of reducing uncertainties to support the management of a high-elevation endemic salamander","Ecosphere","","","","","","2025","2026-06-21 20:16:14","2026-06-21 20:16:14","","e70434","","12","16","","","","","","","","Wiley Online Library","","","","","","","","","","","","","","","","","","","","","","","","","","","","","","","","","","","","","","","","","","","","","","","","","","","","","","","","","","","",""
"3U7EKTVB","journalArticle","2025","Grant, Evan H Campbell; Werba, Jo A; Mummah, Riley O; Brand, Adrianne B","The value of reducing uncertainties to support the management of a high-elevation endemic salamander","Ecosphere","","","","","","2025","2026-06-21 20:16:14","2026-06-21 20:16:14","","e70434","","12","16","","","","","","","","Wiley Online Library","","","","","","","","","","","","","","","","","","","","","","","","","","","","","","","","","","","","","","","","","","","","","","","","","","","","","","","","","","","",""
"TV9A7BWB","journalArticle","2025","Hautefeuille, Sophie; Guillou, Sandrine; Bouju-Albert, Agnès; Misery, Boris; Laroche, Béatrice; Haddad, Nabila; Tareb, Raouf","FREE-RANGE VERSUS CONVENTIONAL: A COMPARISON OF MICROBIAL COMPOSITION AND CAMPYLOBACTER CONTAMINATION IN BROILER CARCASSES AFTER CHILING","Poultry Science","","","","","","2025","2026-06-21 20:16:14","2026-06-21 20:16:14","","106111","","","","","","","","","","","Elsevier","","","","","","","","","","","","","","","","","","","","","","","","","","","","","","","","","","","","","","","","","","","","","","","","","","","","","","","","","","","",""
"Q8GFNJMX","journalArticle","2025","Hautefeuille, Sophie; Guillou, Sandrine; Bouju-Albert, Agnès; Misery, Boris; Laroche, Béatrice; Haddad, Nabila; Tareb, Raouf","FREE-RANGE VERSUS CONVENTIONAL: A COMPARISON OF MICROBIAL COMPOSITION AND CAMPYLOBACTER CONTAMINATION IN BROILER CARCASSES AFTER CHILING","Poultry Science","","","","","","2025","2026-06-21 20:16:15","2026-06-21 20:16:15","","106111","","","","","","","","","","","Elsevier","","","","","","","","","","","","","","","","","","","","","","","","","","","","","","","","","","","","","","","","","","","","","","","","","","","","","","","","","","","",""
"6AGJGE3I","journalArticle","2025","Gómez-del Campo, Víctor; Arrontes, Julio; Cruz, Teresa; Vázquez, Elsa; Macho, Gonzalo; Thiébaut, Eric; Geiger, Katja; Fernandes, Joana N; Jacinto, David; Aguión, Alba; others","Recovery after exploitation of stalked barnacles is facilitated by the presence of conspecifics: a study of post-harvest gap recolonization dynamics in SW Europe","Reviews in Fish Biology and Fisheries","","","","","","2025","2026-06-21 20:16:15","2026-06-21 20:16:15","","279–296","","1","35","","","","","","","","Springer","","","","","","","","","","","","","","","","","","","","","","","","","","","","","","","","","","","","","","","","","","","","","","","","","","","","","","","","","","","",""
"IMQ699ZA","journalArticle","2025","Gómez-del Campo, Víctor; Arrontes, Julio; Cruz, Teresa; Vázquez, Elsa; Macho, Gonzalo; Thiébaut, Eric; Geiger, Katja; Fernandes, Joana N; Jacinto, David; Aguión, Alba; others","Recovery after exploitation of stalked barnacles is facilitated by the presence of conspecifics: a study of post-harvest gap recolonization dynamics in SW Europe","Reviews in Fish Biology and Fisheries","","","","","","2025","2026-06-21 20:16:15","2026-06-21 20:16:15","","279–296","","1","35","","","","","","","","Springer","","","","","","","","","","","","","","","","","","","","","","","","","","","","","","","","","","","","","","","","","","","","","","","","","","","","","","","","","","","",""
"J878MS49","journalArticle","2025","Zanoli, Anna; Tenneriello, Chiara; Morandi, Ilaria; Terranova, Francesca; Cadman, Melissa; Ludynia, Katrin; Mathevon, Nicolas; Reby, David; Favaro, Livio","Acoustic cues to development of African Penguins (Spheniscus demersus) begging calls","Ibis","","","","","","2025","2026-06-21 20:16:15","2026-06-21 20:16:15","","286–294","","1","167","","","","","","","","Wiley Online Library","","","","","","","","","","","","","","","","","","","","","","","","","","","","","","","","","","","","","","","","","","","","","","","","","","","","","","","","","","","",""
"DG3PJUBU","journalArticle","2025","Zanoli, Anna; Tenneriello, Chiara; Morandi, Ilaria; Terranova, Francesca; Cadman, Melissa; Ludynia, Katrin; Mathevon, Nicolas; Reby, David; Favaro, Livio","Acoustic cues to development of African Penguins (Spheniscus demersus) begging calls","Ibis","","","","","","2025","2026-06-21 20:16:15","2026-06-21 20:16:15","","286–294","","1","167","","","","","","","","Wiley Online Library","","","","","","","","","","","","","","","","","","","","","","","","","","","","","","","","","","","","","","","","","","","","","","","","","","","","","","","","","","","",""
"6CL4KIHR","journalArticle","2025","Asnicar, Davide; Jonah, Lauren; de Jourdan, Benjamin; Hamoutene, Dounia","Exploring cumulative effects of aquaculture chemicals in sediment on adult sea urchin behavioral, immunological, and metabolomic endpoints","Environmental Toxicology and Chemistry","","","","","","2025","2026-06-21 20:16:15","2026-06-21 20:16:15","","1686–1695","","6","44","","","","","","","","Oxford University Press","","","","","","","","","","","","","","","","","","","","","","","","","","","","","","","","","","","","","","","","","","","","","","","","","","","","","","","","","","","",""
"SWGX4688","journalArticle","2025","Asnicar, Davide; Jonah, Lauren; de Jourdan, Benjamin; Hamoutene, Dounia","Exploring cumulative effects of aquaculture chemicals in sediment on adult sea urchin behavioral, immunological, and metabolomic endpoints","Environmental Toxicology and Chemistry","","","","","","2025","2026-06-21 20:16:15","2026-06-21 20:16:15","","1686–1695","","6","44","","","","","","","","Oxford University Press","","","","","","","","","","","","","","","","","","","","","","","","","","","","","","","","","","","","","","","","","","","","","","","","","","","","","","","","","","","",""
"WJRSFKCV","journalArticle","2025","Reyné, Bastien; Djidjou-Demasse, Ramsès; Sofonea, Mircea T; Alizon, Samuel","Mutant emergence timing and population immunisation status impact epidemiological dynamics","Journal of Theoretical Biology","","","","","","2025","2026-06-21 20:16:15","2026-06-21 20:16:15","","112140","","","608","","","","","","","","Elsevier","","","","","","","","","","","","","","","","","","","","","","","","","","","","","","","","","","","","","","","","","","","","","","","","","","","","","","","","","","","",""
"YCHHJESY","journalArticle","2025","Reyné, Bastien; Djidjou-Demasse, Ramsès; Sofonea, Mircea T; Alizon, Samuel","Mutant emergence timing and population immunisation status impact epidemiological dynamics","Journal of Theoretical Biology","","","","","","2025","2026-06-21 20:16:15","2026-06-21 20:16:15","","112140","","","608","","","","","","","","Elsevier","","","","","","","","","","","","","","","","","","","","","","","","","","","","","","","","","","","","","","","","","","","","","","","","","","","","","","","","","","","",""
"VCA3GZLX","journalArticle","2025","Soukhov, Anastasia; Higgins, Christopher D; Paez, Antonio; Mohamed, Moataz","Ten Years of School Closures and Consolidations in Hamilton, Canada and the Impact on Multimodal Accessibility","Networks and Spatial Economics","","","","","","2025","2026-06-21 20:16:15","2026-06-21 20:16:15","","1–30","","","","","","","","","","","Springer","","","","","","","","","","","","","","","","","","","","","","","","","","","","","","","","","","","","","","","","","","","","","","","","","","","","","","","","","","","",""
"AS2HL8JE","journalArticle","2025","Soukhov, Anastasia; Higgins, Christopher D; Paez, Antonio; Mohamed, Moataz","Ten Years of School Closures and Consolidations in Hamilton, Canada and the Impact on Multimodal Accessibility","Networks and Spatial Economics","","","","","","2025","2026-06-21 20:16:15","2026-06-21 20:16:15","","1–30","","","","","","","","","","","Springer","","","","","","","","","","","","","","","","","","","","","","","","","","","","","","","","","","","","","","","","","","","","","","","","","","","","","","","","","","","",""
"UQZII447","journalArticle","2025","Soares de Lima, Maira; López-Mársico, Luis; Abrigo, Micaela; Guido, Anaclara","Does Water Stress Affect Community Invasibility in a SubHumid Temperate Grassland?","Journal of Vegetation Science","","","","","","2025","2026-06-21 20:16:15","2026-06-21 20:16:15","","e70067","","5","36","","","","","","","","Wiley Online Library","","","","","","","","","","","","","","","","","","","","","","","","","","","","","","","","","","","","","","","","","","","","","","","","","","","","","","","","","","","",""
"QKZ78C3K","journalArticle","2025","Soares de Lima, Maira; López-Mársico, Luis; Abrigo, Micaela; Guido, Anaclara","Does Water Stress Affect Community Invasibility in a SubHumid Temperate Grassland?","Journal of Vegetation Science","","","","","","2025","2026-06-21 20:16:15","2026-06-21 20:16:15","","e70067","","5","36","","","","","","","","Wiley Online Library","","","","","","","","","","","","","","","","","","","","","","","","","","","","","","","","","","","","","","","","","","","","","","","","","","","","","","","","","","","",""
"TCUCZ52A","journalArticle","2025","Riederer, Anne M; Sherris, Allison R; Szpiro, Adam A; Melough, Melissa M; Simpson, Christopher D; Loftus, Christine T; Day, Drew B; Wallace, Erin R; Trasande, Leonardo; Barrett, Emily S; others","Environmental and dietary factors associated with urinary OH-PAHs in mid-pregnancy in a large multi-site study","Environmental research","","","","","","2025","2026-06-21 20:16:15","2026-06-21 20:16:15","","120516","","","266","","","","","","","","Elsevier","","","","","","","","","","","","","","","","","","","","","","","","","","","","","","","","","","","","","","","","","","","","","","","","","","","","","","","","","","","",""
"8CPGWJ7E","journalArticle","2025","Riederer, Anne M; Sherris, Allison R; Szpiro, Adam A; Melough, Melissa M; Simpson, Christopher D; Loftus, Christine T; Day, Drew B; Wallace, Erin R; Trasande, Leonardo; Barrett, Emily S; others","Environmental and dietary factors associated with urinary OH-PAHs in mid-pregnancy in a large multi-site study","Environmental research","","","","","","2025","2026-06-21 20:16:15","2026-06-21 20:16:15","","120516","","","266","","","","","","","","Elsevier","","","","","","","","","","","","","","","","","","","","","","","","","","","","","","","","","","","","","","","","","","","","","","","","","","","","","","","","","","","",""
"R5ILGN52","journalArticle","2025","Kovács, Tímea; Reicher, Vivien; Csibra, Barbara; Csepregi, Melitta; Kristóf, Kíra; Gácsi, Márta","Repeated Task Exposure and Sufficient Sleep May Mitigate ADHD-Related Cognitive Flexibility Impairments in Family Dogs","Animals","","","","","","2025","2026-06-21 20:16:15","2026-06-21 20:16:15","","3074","","21","15","","","","","","","","MDPI","","","","","","","","","","","","","","","","","","","","","","","","","","","","","","","","","","","","","","","","","","","","","","","","","","","","","","","","","","","",""
"G47KTXIA","journalArticle","2025","Kovács, Tímea; Reicher, Vivien; Csibra, Barbara; Csepregi, Melitta; Kristóf, Kíra; Gácsi, Márta","Repeated Task Exposure and Sufficient Sleep May Mitigate ADHD-Related Cognitive Flexibility Impairments in Family Dogs","Animals","","","","","","2025","2026-06-21 20:16:15","2026-06-21 20:16:15","","3074","","21","15","","","","","","","","MDPI","","","","","","","","","","","","","","","","","","","","","","","","","","","","","","","","","","","","","","","","","","","","","","","","","","","","","","","","","","","",""
"QAE3Q7P6","journalArticle","2025","Grechi, Isabelle; Ba, Mame Diarra Bousso; Correa, Philippe; Diakhaté, Massamba; Nordey, Thibault; Sylla, Serigne; Brevault, Thierry; Chailleux, Anaïs","Predicting biological control performance under global change using model-based exploration of predator-prey dynamics: Application to the Nesidiocoris tenuis-Tuta absoluta system","Ecological Modelling","","","","","","2025","2026-06-21 20:16:15","2026-06-21 20:16:15","","111186","","","507","","","","","","","","Elsevier","","","","","","","","","","","","","","","","","","","","","","","","","","","","","","","","","","","","","","","","","","","","","","","","","","","","","","","","","","","",""
"37JECNIR","journalArticle","2025","Grechi, Isabelle; Ba, Mame Diarra Bousso; Correa, Philippe; Diakhaté, Massamba; Nordey, Thibault; Sylla, Serigne; Brevault, Thierry; Chailleux, Anaïs","Predicting biological control performance under global change using model-based exploration of predator-prey dynamics: Application to the Nesidiocoris tenuis-Tuta absoluta system","Ecological Modelling","","","","","","2025","2026-06-21 20:16:15","2026-06-21 20:16:15","","111186","","","507","","","","","","","","Elsevier","","","","","","","","","","","","","","","","","","","","","","","","","","","","","","","","","","","","","","","","","","","","","","","","","","","","","","","","","","","",""
"PAS2DFPZ","journalArticle","2025","Jacob, Suzanne Antoinette; De Boer, Willem Frederik; De Knegt, Henrik Johan; Engelen, Cassander Cassijn; Henley, Michelle","Environmental Determinants of Foraging Site Revisitation by African Elephants (Loxodonta africana)","Ecology and Evolution","","","","","","2025","2026-06-21 20:16:15","2026-06-21 20:16:15","","e71506","","6","15","","","","","","","","Wiley Online Library","","","","","","","","","","","","","","","","","","","","","","","","","","","","","","","","","","","","","","","","","","","","","","","","","","","","","","","","","","","",""
"Z7JLUHFS","journalArticle","2025","Jacob, Suzanne Antoinette; De Boer, Willem Frederik; De Knegt, Henrik Johan; Engelen, Cassander Cassijn; Henley, Michelle","Environmental Determinants of Foraging Site Revisitation by African Elephants (Loxodonta africana)","Ecology and Evolution","","","","","","2025","2026-06-21 20:16:15","2026-06-21 20:16:15","","e71506","","6","15","","","","","","","","Wiley Online Library","","","","","","","","","","","","","","","","","","","","","","","","","","","","","","","","","","","","","","","","","","","","","","","","","","","","","","","","","","","",""
"Z7YQQWDK","journalArticle","2025","Jones, OE; Beckett, H; Abraham, AJ; Makunga, NP; Midgley, GF","Endozoochory by Black Rhinoceroses Enhances Germination of a Key Arid Savanna Tree Species","Ecology and Evolution","","","","","","2025","2026-06-21 20:16:15","2026-06-21 20:16:15","","e71951","","9","15","","","","","","","","Wiley Online Library","","","","","","","","","","","","","","","","","","","","","","","","","","","","","","","","","","","","","","","","","","","","","","","","","","","","","","","","","","","",""
"PDUXSK8C","journalArticle","2025","Jones, OE; Beckett, H; Abraham, AJ; Makunga, NP; Midgley, GF","Endozoochory by Black Rhinoceroses Enhances Germination of a Key Arid Savanna Tree Species","Ecology and Evolution","","","","","","2025","2026-06-21 20:16:15","2026-06-21 20:16:15","","e71951","","9","15","","","","","","","","Wiley Online Library","","","","","","","","","","","","","","","","","","","","","","","","","","","","","","","","","","","","","","","","","","","","","","","","","","","","","","","","","","","",""
"6IH77PD2","journalArticle","2025","Griffiths, Walter K; Blumenshine, Steve","Introduced piscivore scope for predation can limit the success of native fish reintroduction efforts","Transactions of the American Fisheries Society","","","","","","2025","2026-06-21 20:16:15","2026-06-21 20:16:15","","719–730","","6","154","","","","","","","","Oxford University Press US","","","","","","","","","","","","","","","","","","","","","","","","","","","","","","","","","","","","","","","","","","","","","","","","","","","","","","","","","","","",""
"WWZQC9UY","journalArticle","2025","Griffiths, Walter K; Blumenshine, Steve","Introduced piscivore scope for predation can limit the success of native fish reintroduction efforts","Transactions of the American Fisheries Society","","","","","","2025","2026-06-21 20:16:15","2026-06-21 20:16:15","","719–730","","6","154","","","","","","","","Oxford University Press US","","","","","","","","","","","","","","","","","","","","","","","","","","","","","","","","","","","","","","","","","","","","","","","","","","","","","","","","","","","",""
"PRC89QMM","journalArticle","2025","Jin, Rui; Liao, Yong","Simulating Advanced Social Botnets: A Framework for Behavior Realism and Coordinated Stealth","Information","","","","","","2025","2026-06-21 20:16:15","2026-06-21 20:16:15","","27","","1","17","","","","","","","","MDPI","","","","","","","","","","","","","","","","","","","","","","","","","","","","","","","","","","","","","","","","","","","","","","","","","","","","","","","","","","","",""
"WH74R32I","journalArticle","2025","Jin, Rui; Liao, Yong","Simulating Advanced Social Botnets: A Framework for Behavior Realism and Coordinated Stealth","Information","","","","","","2025","2026-06-21 20:16:15","2026-06-21 20:16:15","","27","","1","17","","","","","","","","MDPI","","","","","","","","","","","","","","","","","","","","","","","","","","","","","","","","","","","","","","","","","","","","","","","","","","","","","","","","","","","",""
"847BYFPH","journalArticle","2025","Huang, Shuyue; Huang, Chen; Sun, Yanliang; Lu, Shena","Adaptation to invisible motion impairs the understanding of verb phrases.","Journal of Experimental Psychology: Human Perception and Performance","","","","","","2025","2026-06-21 20:16:15","2026-06-21 20:16:15","","303","","3","51","","","","","","","","American Psychological Association","","","","","","","","","","","","","","","","","","","","","","","","","","","","","","","","","","","","","","","","","","","","","","","","","","","","","","","","","","","",""
"JZXDGSFG","journalArticle","2025","Huang, Shuyue; Huang, Chen; Sun, Yanliang; Lu, Shena","Adaptation to invisible motion impairs the understanding of verb phrases.","Journal of Experimental Psychology: Human Perception and Performance","","","","","","2025","2026-06-21 20:16:15","2026-06-21 20:16:15","","303","","3","51","","","","","","","","American Psychological Association","","","","","","","","","","","","","","","","","","","","","","","","","","","","","","","","","","","","","","","","","","","","","","","","","","","","","","","","","","","",""
"37PDGPTK","journalArticle","2025","Frenzel, Tobias; Bigalk, Sonia; Gamba, Raffaele; Görn, Sebastian; Haas, Michael; Haas-Renninger, Maura; Haselböck, Andreas; Hörren, Thomas; Sorg, Martin; Sumser, Hubert; others","Higher bee species richness in conservation areas compared with non-conservation areas in south-west Germany","Insect Conservation and Diversity","","","","","","2025","2026-06-21 20:16:15","2026-06-21 20:16:15","","191–205","","2","18","","","","","","","","Wiley Online Library","","","","","","","","","","","","","","","","","","","","","","","","","","","","","","","","","","","","","","","","","","","","","","","","","","","","","","","","","","","",""
"6IG7TFJX","journalArticle","2025","Frenzel, Tobias; Bigalk, Sonia; Gamba, Raffaele; Görn, Sebastian; Haas, Michael; Haas-Renninger, Maura; Haselböck, Andreas; Hörren, Thomas; Sorg, Martin; Sumser, Hubert; others","Higher bee species richness in conservation areas compared with non-conservation areas in south-west Germany","Insect Conservation and Diversity","","","","","","2025","2026-06-21 20:16:15","2026-06-21 20:16:15","","191–205","","2","18","","","","","","","","Wiley Online Library","","","","","","","","","","","","","","","","","","","","","","","","","","","","","","","","","","","","","","","","","","","","","","","","","","","","","","","","","","","",""
"LAFJ7JXL","journalArticle","2025","Corbeil, Karalee A; Gitter, Anna; Ruvalcaba, Valeria; Powers, Nicole C; Hossain, Md Shakhawat; Bonaiti, Gabriele; Flores, Lucy; Pinchback, Jason; Jantrania, Anish; Gentry, Terry","Marker-and Microbiome-Based Microbial Source Tracking and Evaluation of Bather Health Risk from Fecal Contamination in Galveston, Texas","Water","","","","","","2025","2026-06-21 20:16:15","2026-06-21 20:16:15","","2310","","15","17","","","","","","","","MDPI","","","","","","","","","","","","","","","","","","","","","","","","","","","","","","","","","","","","","","","","","","","","","","","","","","","","","","","","","","","",""
"GJCATNPU","journalArticle","2025","Corbeil, Karalee A; Gitter, Anna; Ruvalcaba, Valeria; Powers, Nicole C; Hossain, Md Shakhawat; Bonaiti, Gabriele; Flores, Lucy; Pinchback, Jason; Jantrania, Anish; Gentry, Terry","Marker-and Microbiome-Based Microbial Source Tracking and Evaluation of Bather Health Risk from Fecal Contamination in Galveston, Texas","Water","","","","","","2025","2026-06-21 20:16:15","2026-06-21 20:16:15","","2310","","15","17","","","","","","","","MDPI","","","","","","","","","","","","","","","","","","","","","","","","","","","","","","","","","","","","","","","","","","","","","","","","","","","","","","","","","","","",""
"5TSXVT7D","journalArticle","2025","Dura, Valentin; Evin, Guillaume; Favre, Anne-Catherine; Penot, David","Improving Precipitation Interpolation Using Anisotropic Variograms Derived from Convection-Permitting Regional Climate Model Simulations","EGUsphere","","","","","","2025","2026-06-21 20:16:15","2026-06-21 20:16:15","","1–25","","","2025","","","","","","","","Copernicus Publications Göttingen, Germany","","","","","","","","","","","","","","","","","","","","","","","","","","","","","","","","","","","","","","","","","","","","","","","","","","","","","","","","","","","",""
"9W6275HL","journalArticle","2025","Dura, Valentin; Evin, Guillaume; Favre, Anne-Catherine; Penot, David","Improving Precipitation Interpolation Using Anisotropic Variograms Derived from Convection-Permitting Regional Climate Model Simulations","EGUsphere","","","","","","2025","2026-06-21 20:16:15","2026-06-21 20:16:15","","1–25","","","2025","","","","","","","","Copernicus Publications Göttingen, Germany","","","","","","","","","","","","","","","","","","","","","","","","","","","","","","","","","","","","","","","","","","","","","","","","","","","","","","","","","","","",""
"IJ4E2IQP","journalArticle","2025","Almeida, Rony PS; Baccaro, Fabrício B; Ellison, Aaron M; Camarota, Flávio; Silva, Rogério R","Induced drought in an Amazonian forest affects diversity but not foraging distance of generalist ants","Ecological Entomology","","","","","","2025","2026-06-21 20:16:15","2026-06-21 20:16:15","","630–641","","4","50","","","","","","","","Wiley Online Library","","","","","","","","","","","","","","","","","","","","","","","","","","","","","","","","","","","","","","","","","","","","","","","","","","","","","","","","","","","",""
"R2JNHQ95","journalArticle","2025","Almeida, Rony PS; Baccaro, Fabrício B; Ellison, Aaron M; Camarota, Flávio; Silva, Rogério R","Induced drought in an Amazonian forest affects diversity but not foraging distance of generalist ants","Ecological Entomology","","","","","","2025","2026-06-21 20:16:15","2026-06-21 20:16:15","","630–641","","4","50","","","","","","","","Wiley Online Library","","","","","","","","","","","","","","","","","","","","","","","","","","","","","","","","","","","","","","","","","","","","","","","","","","","","","","","","","","","",""
"687FW685","journalArticle","2025","Shuai, Mengying; Liu, Yihui; Wei, Yishan; Jiang, Peng; Liu, Mingyu; Wang, Kunyu; Li, Zhichao; Li, Xiaoming; Kong, Xiabing; Xu, Min; others","Occurrence and dietary intake risk assessment of heavy metals in Fuji apple","Journal of Food Composition and Analysis","","","","","","2025","2026-06-21 20:16:15","2026-06-21 20:16:15","","108482","","","","","","","","","","","Elsevier","","","","","","","","","","","","","","","","","","","","","","","","","","","","","","","","","","","","","","","","","","","","","","","","","","","","","","","","","","","",""
"AGQAPP5W","journalArticle","2025","Shuai, Mengying; Liu, Yihui; Wei, Yishan; Jiang, Peng; Liu, Mingyu; Wang, Kunyu; Li, Zhichao; Li, Xiaoming; Kong, Xiabing; Xu, Min; others","Occurrence and dietary intake risk assessment of heavy metals in Fuji apple","Journal of Food Composition and Analysis","","","","","","2025","2026-06-21 20:16:15","2026-06-21 20:16:15","","108482","","","","","","","","","","","Elsevier","","","","","","","","","","","","","","","","","","","","","","","","","","","","","","","","","","","","","","","","","","","","","","","","","","","","","","","","","","","",""
"IBC3HG6W","journalArticle","2025","Bradford, John C; Robinson, Jennifer L","Media matters: phenol red and fetal bovine serum estrogen in traditional cell culture media influence human mesenchymal stromal cell (hMSC) processes and differentiation in a sex-biased manner","bioRxiv","","","","","","2025","2026-06-21 20:16:15","2026-06-21 20:16:15","","","","","","","","","","","","","Springer","","","","","","","","","","","","","","","","","","","","","","","","","","","","","","","","","","","","","","","","","","","","","","","","","","","","","","","","","","","",""
"2BA5CWD7","journalArticle","2025","Bradford, John C; Robinson, Jennifer L","Media matters: phenol red and fetal bovine serum estrogen in traditional cell culture media influence human mesenchymal stromal cell (hMSC) processes and differentiation in a sex-biased manner","bioRxiv","","","","","","2025","2026-06-21 20:16:15","2026-06-21 20:16:15","","","","","","","","","","","","","Springer","","","","","","","","","","","","","","","","","","","","","","","","","","","","","","","","","","","","","","","","","","","","","","","","","","","","","","","","","","","",""
"SNEGCI3B","journalArticle","2025","Gastal, Silvia B; Barreto, Cindy T; Mascarenhas, Carolina S; Bugoni, Leandro","Nasal mites in seabirds and shorebirds: the role of host morphology and phylogeny on measures of parasitism","Biological Journal of the Linnean Society","","","","","","2025","2026-06-21 20:16:15","2026-06-21 20:16:15","","blaf066","","1","146","","","","","","","","Oxford University Press","","","","","","","","","","","","","","","","","","","","","","","","","","","","","","","","","","","","","","","","","","","","","","","","","","","","","","","","","","","",""
"LDA6GDKN","journalArticle","2025","Gastal, Silvia B; Barreto, Cindy T; Mascarenhas, Carolina S; Bugoni, Leandro","Nasal mites in seabirds and shorebirds: the role of host morphology and phylogeny on measures of parasitism","Biological Journal of the Linnean Society","","","","","","2025","2026-06-21 20:16:15","2026-06-21 20:16:15","","blaf066","","1","146","","","","","","","","Oxford University Press","","","","","","","","","","","","","","","","","","","","","","","","","","","","","","","","","","","","","","","","","","","","","","","","","","","","","","","","","","","",""
"RJ9IC8WW","journalArticle","2025","Tronstad, Lusha M; Mazur, Madison; Thelen-Wade, Lauren; Dority, Delina; Lester, Alexis; Weschler, Michelle; Dillon, Michael E","Infrasound-Altered Pollination in a Common Western North American Plant: Evidence from Wind Turbines and Railways","Environments","","","","","","2025","2026-06-21 20:16:15","2026-06-21 20:16:15","","266","","8","12","","","","","","","","MDPI","","","","","","","","","","","","","","","","","","","","","","","","","","","","","","","","","","","","","","","","","","","","","","","","","","","","","","","","","","","",""
"PRPGDIZ2","journalArticle","2025","Tronstad, Lusha M; Mazur, Madison; Thelen-Wade, Lauren; Dority, Delina; Lester, Alexis; Weschler, Michelle; Dillon, Michael E","Infrasound-Altered Pollination in a Common Western North American Plant: Evidence from Wind Turbines and Railways","Environments","","","","","","2025","2026-06-21 20:16:15","2026-06-21 20:16:15","","266","","8","12","","","","","","","","MDPI","","","","","","","","","","","","","","","","","","","","","","","","","","","","","","","","","","","","","","","","","","","","","","","","","","","","","","","","","","","",""
"3DBSTKSB","journalArticle","2025","Montardit-Tarda, Francesc; Casas, Ana M; Thomas, William TB; Schnaithmann, Florian; Sharma, Rajiv; Shaaf, Salar; Campoli, Chiara; Russell, Joanne; Ramsay, Luke; Bayer, Micha M; others","New loci and candidate genes in spring two-rowed barley detected through meta-analysis of a field trial European network","Theoretical and Applied Genetics","","","","","","2025","2026-06-21 20:16:15","2026-06-21 20:16:15","","158","","7","138","","","","","","","","Springer","","","","","","","","","","","","","","","","","","","","","","","","","","","","","","","","","","","","","","","","","","","","","","","","","","","","","","","","","","","",""
"XLU9E6HP","journalArticle","2025","Montardit-Tarda, Francesc; Casas, Ana M; Thomas, William TB; Schnaithmann, Florian; Sharma, Rajiv; Shaaf, Salar; Campoli, Chiara; Russell, Joanne; Ramsay, Luke; Bayer, Micha M; others","New loci and candidate genes in spring two-rowed barley detected through meta-analysis of a field trial European network","Theoretical and Applied Genetics","","","","","","2025","2026-06-21 20:16:15","2026-06-21 20:16:15","","158","","7","138","","","","","","","","Springer","","","","","","","","","","","","","","","","","","","","","","","","","","","","","","","","","","","","","","","","","","","","","","","","","","","","","","","","","","","",""
"DY9DNK2M","journalArticle","2025","Wilson, Amanda M; Mussio, Irene; Verhougstraete, Marc P; Jung, Yoonhee; Ashraf, Ahamed; Chilton, Susan; Hamilton, Kerry A","A risk-risk tradeoff approach for incorporating the public's risk perceptions into quantitative microbial risk assessment","Journal of occupational and environmental hygiene","","","","","","2025","2026-06-21 20:16:15","2026-06-21 20:16:15","","132–148","","2","22","","","","","","","","Taylor & Francis","","","","","","","","","","","","","","","","","","","","","","","","","","","","","","","","","","","","","","","","","","","","","","","","","","","","","","","","","","","",""
"K7WTY38P","journalArticle","2025","Wilson, Amanda M; Mussio, Irene; Verhougstraete, Marc P; Jung, Yoonhee; Ashraf, Ahamed; Chilton, Susan; Hamilton, Kerry A","A risk-risk tradeoff approach for incorporating the public's risk perceptions into quantitative microbial risk assessment","Journal of occupational and environmental hygiene","","","","","","2025","2026-06-21 20:16:15","2026-06-21 20:16:15","","132–148","","2","22","","","","","","","","Taylor & Francis","","","","","","","","","","","","","","","","","","","","","","","","","","","","","","","","","","","","","","","","","","","","","","","","","","","","","","","","","","","",""
"SY8MCTZK","journalArticle","2025","Takács, Attila; Molnár V, Attila; E-Vojtkó, Anna; Nagy, Jen\Ho","Estimating Rooting Depth From Herbarium Specimens Might Be More Accurate Than Using Large Trait Databases","Ecology and Evolution","","","","","","2025","2026-06-21 20:16:15","2026-06-21 20:16:15","","e71529","","6","15","","","","","","","","Wiley Online Library","","","","","","","","","","","","","","","","","","","","","","","","","","","","","","","","","","","","","","","","","","","","","","","","","","","","","","","","","","","",""
"Z6F3UBF4","journalArticle","2025","Takács, Attila; Molnár V, Attila; E-Vojtkó, Anna; Nagy, Jen\Ho","Estimating Rooting Depth From Herbarium Specimens Might Be More Accurate Than Using Large Trait Databases","Ecology and Evolution","","","","","","2025","2026-06-21 20:16:15","2026-06-21 20:16:15","","e71529","","6","15","","","","","","","","Wiley Online Library","","","","","","","","","","","","","","","","","","","","","","","","","","","","","","","","","","","","","","","","","","","","","","","","","","","","","","","","","","","",""
"A32RIXDX","journalArticle","2025","Meroi Arcerito, Facundo René; Mazzei, Mariana Paola; Corti, Camila; Lezcano, María Belén; Fernández de Landa, Gregorio; Fernández de Landa, Mateo; Iglesias, Azucena Elizabeth; Ramos, Facundo; Fernández, Natalia Jorgelina; Damiani, Natalia; others","Kiwifruit Cross-Pollination Analysis: Characterisation of the Pollinator-Assemblage and Practices to Enhance Fruit Quality","Plants","","","","","","2025","2026-06-21 20:16:15","2026-06-21 20:16:15","","2580","","16","14","","","","","","","","MDPI","","","","","","","","","","","","","","","","","","","","","","","","","","","","","","","","","","","","","","","","","","","","","","","","","","","","","","","","","","","",""
"QSHQCG89","journalArticle","2025","Meroi Arcerito, Facundo René; Mazzei, Mariana Paola; Corti, Camila; Lezcano, María Belén; Fernández de Landa, Gregorio; Fernández de Landa, Mateo; Iglesias, Azucena Elizabeth; Ramos, Facundo; Fernández, Natalia Jorgelina; Damiani, Natalia; others","Kiwifruit Cross-Pollination Analysis: Characterisation of the Pollinator-Assemblage and Practices to Enhance Fruit Quality","Plants","","","","","","2025","2026-06-21 20:16:15","2026-06-21 20:16:15","","2580","","16","14","","","","","","","","MDPI","","","","","","","","","","","","","","","","","","","","","","","","","","","","","","","","","","","","","","","","","","","","","","","","","","","","","","","","","","","",""
"R5CLG4LL","journalArticle","2025","Dietz, SL; DuVal, EH; Cox, JA","Examining the role of natal habitat preference induction in the settlement decisions of Brown-headed Nuthatches","Behavioral Ecology and Sociobiology","","","","","","2025","2026-06-21 20:16:15","2026-06-21 20:16:15","","74","","7","79","","","","","","","","Springer","","","","","","","","","","","","","","","","","","","","","","","","","","","","","","","","","","","","","","","","","","","","","","","","","","","","","","","","","","","",""
"XVPALZFK","journalArticle","2025","Dietz, SL; DuVal, EH; Cox, JA","Examining the role of natal habitat preference induction in the settlement decisions of Brown-headed Nuthatches","Behavioral Ecology and Sociobiology","","","","","","2025","2026-06-21 20:16:15","2026-06-21 20:16:15","","74","","7","79","","","","","","","","Springer","","","","","","","","","","","","","","","","","","","","","","","","","","","","","","","","","","","","","","","","","","","","","","","","","","","","","","","","","","","",""
"Y9U77NNT","journalArticle","2025","Weng, Yu; Zapiec, Bolek; Paredes, Renato; Mombaerts, Peter","Glomeruli of the Mouse Olfactory Bulb: Numbers, Sizes, Shapes","European Journal of Neuroscience","","","","","","2025","2026-06-21 20:16:15","2026-06-21 20:16:15","","e70327","","11","62","","","","","","","","Wiley Online Library","","","","","","","","","","","","","","","","","","","","","","","","","","","","","","","","","","","","","","","","","","","","","","","","","","","","","","","","","","","",""
"BCRFJNYM","journalArticle","2025","Weng, Yu; Zapiec, Bolek; Paredes, Renato; Mombaerts, Peter","Glomeruli of the Mouse Olfactory Bulb: Numbers, Sizes, Shapes","European Journal of Neuroscience","","","","","","2025","2026-06-21 20:16:15","2026-06-21 20:16:15","","e70327","","11","62","","","","","","","","Wiley Online Library","","","","","","","","","","","","","","","","","","","","","","","","","","","","","","","","","","","","","","","","","","","","","","","","","","","","","","","","","","","",""
"3RLX3B5T","journalArticle","2025","Lopes Martins, Letícia; Martins, Wander Araújo; De Moraes, Jener Fernando Leite; Blain, Gabriel Constantino","Truncated distributions for the Standardized Precipitation Index (SPI) and Standardized Streamflow Index (SSI) in a tropical basin","Hydrological Sciences Journal","","","","","","2025","2026-06-21 20:16:15","2026-06-21 20:16:15","","3099–3114","","16","70","","","","","","","","Taylor & Francis","","","","","","","","","","","","","","","","","","","","","","","","","","","","","","","","","","","","","","","","","","","","","","","","","","","","","","","","","","","",""
"SZ4SHBQJ","journalArticle","2025","Lopes Martins, Letícia; Martins, Wander Araújo; De Moraes, Jener Fernando Leite; Blain, Gabriel Constantino","Truncated distributions for the Standardized Precipitation Index (SPI) and Standardized Streamflow Index (SSI) in a tropical basin","Hydrological Sciences Journal","","","","","","2025","2026-06-21 20:16:15","2026-06-21 20:16:15","","3099–3114","","16","70","","","","","","","","Taylor & Francis","","","","","","","","","","","","","","","","","","","","","","","","","","","","","","","","","","","","","","","","","","","","","","","","","","","","","","","","","","","",""
"I7SN29FP","journalArticle","2025","Brunod, Giada; Dellepiane, Federica; Valente, Daria; Ferrario, Valeria; Carugati, Filippo; Torti, Valeria; Ratsimbazafy, Jonah; Giacoma, Cristina; Gamba, Marco; De Gregorio, Chiara","Ontogeny of Diet and Behavior of a Wild, Critically Endangered Lemur (Indri indri)","American Journal of Primatology","","","","","","2025","2026-06-21 20:16:15","2026-06-21 20:16:15","","e70107","","12","87","","","","","","","","Wiley Online Library","","","","","","","","","","","","","","","","","","","","","","","","","","","","","","","","","","","","","","","","","","","","","","","","","","","","","","","","","","","",""
"BI83GZG8","journalArticle","2025","Brunod, Giada; Dellepiane, Federica; Valente, Daria; Ferrario, Valeria; Carugati, Filippo; Torti, Valeria; Ratsimbazafy, Jonah; Giacoma, Cristina; Gamba, Marco; De Gregorio, Chiara","Ontogeny of Diet and Behavior of a Wild, Critically Endangered Lemur (Indri indri)","American Journal of Primatology","","","","","","2025","2026-06-21 20:16:15","2026-06-21 20:16:15","","e70107","","12","87","","","","","","","","Wiley Online Library","","","","","","","","","","","","","","","","","","","","","","","","","","","","","","","","","","","","","","","","","","","","","","","","","","","","","","","","","","","",""
"S3BKQU3B","journalArticle","2025","Li, Yiyi; Barnett-Neefs, Cecil; Stasiewicz, Matthew J","Salmonellosis risk assessment for comminuted turkey under different specificities of concentration-based and virulence-based final product standards","Microbial Risk Analysis","","","","","","2025","2026-06-21 20:16:15","2026-06-21 20:16:15","","100359","","","","","","","","","","","Elsevier","","","","","","","","","","","","","","","","","","","","","","","","","","","","","","","","","","","","","","","","","","","","","","","","","","","","","","","","","","","",""
"FFCMNMSV","journalArticle","2025","Li, Yiyi; Barnett-Neefs, Cecil; Stasiewicz, Matthew J","Salmonellosis risk assessment for comminuted turkey under different specificities of concentration-based and virulence-based final product standards","Microbial Risk Analysis","","","","","","2025","2026-06-21 20:16:15","2026-06-21 20:16:15","","100359","","","","","","","","","","","Elsevier","","","","","","","","","","","","","","","","","","","","","","","","","","","","","","","","","","","","","","","","","","","","","","","","","","","","","","","","","","","",""
"TIJKJ57N","journalArticle","2025","Gaciek, Paweł; Gaczek, Mariusz; Krause, Paweł","Bond Strength of Adhesive Mortars to Substrates in ETICS—Comparison of Testing Methods","Materials","","","","","","2025","2026-06-21 20:16:15","2026-06-21 20:16:15","","4977","","21","18","","","","","","","","MDPI","","","","","","","","","","","","","","","","","","","","","","","","","","","","","","","","","","","","","","","","","","","","","","","","","","","","","","","","","","","",""
"XNEABR67","journalArticle","2025","Gaciek, Paweł; Gaczek, Mariusz; Krause, Paweł","Bond Strength of Adhesive Mortars to Substrates in ETICS—Comparison of Testing Methods","Materials","","","","","","2025","2026-06-21 20:16:15","2026-06-21 20:16:15","","4977","","21","18","","","","","","","","MDPI","","","","","","","","","","","","","","","","","","","","","","","","","","","","","","","","","","","","","","","","","","","","","","","","","","","","","","","","","","","",""
"EI7NZC3Z","journalArticle","2025","Hu, Pengwei; Xing, Jixiang; Yang, Wuritu; Chi, Hongxia; Xing, Yongqiang; Zuo, Yongchun","ScASplicer: An interactive shiny/R application for alternative splicing analysis of single-cell sequencing","Genomics","","","","","","2025","2026-06-21 20:16:15","2026-06-21 20:16:15","","111116","","","","","","","","","","","Elsevier","","","","","","","","","","","","","","","","","","","","","","","","","","","","","","","","","","","","","","","","","","","","","","","","","","","","","","","","","","","",""
"7JGET3Q2","journalArticle","2025","Hu, Pengwei; Xing, Jixiang; Yang, Wuritu; Chi, Hongxia; Xing, Yongqiang; Zuo, Yongchun","ScASplicer: An interactive shiny/R application for alternative splicing analysis of single-cell sequencing","Genomics","","","","","","2025","2026-06-21 20:16:15","2026-06-21 20:16:15","","111116","","","","","","","","","","","Elsevier","","","","","","","","","","","","","","","","","","","","","","","","","","","","","","","","","","","","","","","","","","","","","","","","","","","","","","","","","","","",""
"25TAPDGU","journalArticle","2025","Angelakopoulos, Rafael; Tsipourlianos, Andreas; Fytsili, Alexia E; Moutou, Katerina A","Establishing the Physiological Values of Minimally Invasive Biomarkers in Gilthead Sea Bream (Sparus aurata)","Fishes","","","","","","2025","2026-06-21 20:16:15","2026-06-21 20:16:15","","52","","2","10","","","","","","","","MDPI","","","","","","","","","","","","","","","","","","","","","","","","","","","","","","","","","","","","","","","","","","","","","","","","","","","","","","","","","","","",""
"J2HM79XL","journalArticle","2025","Angelakopoulos, Rafael; Tsipourlianos, Andreas; Fytsili, Alexia E; Moutou, Katerina A","Establishing the Physiological Values of Minimally Invasive Biomarkers in Gilthead Sea Bream (Sparus aurata)","Fishes","","","","","","2025","2026-06-21 20:16:15","2026-06-21 20:16:15","","52","","2","10","","","","","","","","MDPI","","","","","","","","","","","","","","","","","","","","","","","","","","","","","","","","","","","","","","","","","","","","","","","","","","","","","","","","","","","",""
"JUPR6V92","journalArticle","2025","Godínez-Padilla, Carlos Javier","Insights Into the Relationship of Climate Events With the Distribution of Black Skipjack (Euthynnus lineatus) Catches in the Eastern Pacific","Fisheries Oceanography","","","","","","2025","2026-06-21 20:16:15","2026-06-21 20:16:15","","89–106","","6","34","","","","","","","","Wiley Online Library","","","","","","","","","","","","","","","","","","","","","","","","","","","","","","","","","","","","","","","","","","","","","","","","","","","","","","","","","","","",""
"WHSCY54A","journalArticle","2025","Godínez-Padilla, Carlos Javier","Insights Into the Relationship of Climate Events With the Distribution of Black Skipjack (Euthynnus lineatus) Catches in the Eastern Pacific","Fisheries Oceanography","","","","","","2025","2026-06-21 20:16:15","2026-06-21 20:16:15","","89–106","","6","34","","","","","","","","Wiley Online Library","","","","","","","","","","","","","","","","","","","","","","","","","","","","","","","","","","","","","","","","","","","","","","","","","","","","","","","","","","","",""
"84ZE6MTA","journalArticle","2025","Dye, Ashley M; Rubio, Andrew O; Bieri, Eli; Stuckert, Adam MM; Summers, Kyle","Evidence for an association between genetic and acoustic variation in the mimic poison frog Ranitomeya imitator","Behavioral Ecology and Sociobiology","","","","","","2025","2026-06-21 20:16:15","2026-06-21 20:16:15","","130","","12","79","","","","","","","","Springer","","","","","","","","","","","","","","","","","","","","","","","","","","","","","","","","","","","","","","","","","","","","","","","","","","","","","","","","","","","",""
"JS8U6IA6","journalArticle","2025","Dye, Ashley M; Rubio, Andrew O; Bieri, Eli; Stuckert, Adam MM; Summers, Kyle","Evidence for an association between genetic and acoustic variation in the mimic poison frog Ranitomeya imitator","Behavioral Ecology and Sociobiology","","","","","","2025","2026-06-21 20:16:15","2026-06-21 20:16:15","","130","","12","79","","","","","","","","Springer","","","","","","","","","","","","","","","","","","","","","","","","","","","","","","","","","","","","","","","","","","","","","","","","","","","","","","","","","","","",""
"MB7GDPJG","journalArticle","2025","Lozano, Saul; Raman, Vivek; Connelly, C Roxanne","The expansion of the yellow fever mosquito (Aedes aegypti) and evidence of its establishment in the Las Vegas metropolitan area, Nevada, United States of America","Journal of medical entomology","","","","","","2025","2026-06-21 20:16:15","2026-06-21 20:16:15","","1611–1615","","6","62","","","","","","","","Oxford University Press","","","","","","","","","","","","","","","","","","","","","","","","","","","","","","","","","","","","","","","","","","","","","","","","","","","","","","","","","","","",""
"FPQHILB6","journalArticle","2025","Lozano, Saul; Raman, Vivek; Connelly, C Roxanne","The expansion of the yellow fever mosquito (Aedes aegypti) and evidence of its establishment in the Las Vegas metropolitan area, Nevada, United States of America","Journal of medical entomology","","","","","","2025","2026-06-21 20:16:15","2026-06-21 20:16:15","","1611–1615","","6","62","","","","","","","","Oxford University Press","","","","","","","","","","","","","","","","","","","","","","","","","","","","","","","","","","","","","","","","","","","","","","","","","","","","","","","","","","","",""
"F2NGT7IR","journalArticle","2025","Denton, Elsie M; Sheley, Roger L","Herbivory can reduce perennial grass seedling survival, but temperature and cumulative precipitation are more important predictors in the first growing season","Restoration Ecology","","","","","","2025","2026-06-21 20:16:15","2026-06-21 20:16:15","","e14320","","2","33","","","","","","","","Wiley Online Library","","","","","","","","","","","","","","","","","","","","","","","","","","","","","","","","","","","","","","","","","","","","","","","","","","","","","","","","","","","",""
"2L6VFPJX","journalArticle","2025","Denton, Elsie M; Sheley, Roger L","Herbivory can reduce perennial grass seedling survival, but temperature and cumulative precipitation are more important predictors in the first growing season","Restoration Ecology","","","","","","2025","2026-06-21 20:16:15","2026-06-21 20:16:15","","e14320","","2","33","","","","","","","","Wiley Online Library","","","","","","","","","","","","","","","","","","","","","","","","","","","","","","","","","","","","","","","","","","","","","","","","","","","","","","","","","","","",""
"2QA9UY5F","journalArticle","2025","Deng, Zhangliang; Lloyd, Christopher T; Okotto, Lorna-Grace; Okotto-Okotto, Joseph; Wright, Jim","Graph and Community Detection Analysis of Pipeline Network Configuration and Urban Morphology in Kisumu and Kigali","Journal of Water Resources Planning and Management","","","","","","2025","2026-06-21 20:16:15","2026-06-21 20:16:15","","05025012","","9","151","","","","","","","","American Society of Civil Engineers","","","","","","","","","","","","","","","","","","","","","","","","","","","","","","","","","","","","","","","","","","","","","","","","","","","","","","","","","","","",""
"VY7FRKKP","journalArticle","2025","Deng, Zhangliang; Lloyd, Christopher T; Okotto, Lorna-Grace; Okotto-Okotto, Joseph; Wright, Jim","Graph and Community Detection Analysis of Pipeline Network Configuration and Urban Morphology in Kisumu and Kigali","Journal of Water Resources Planning and Management","","","","","","2025","2026-06-21 20:16:15","2026-06-21 20:16:15","","05025012","","9","151","","","","","","","","American Society of Civil Engineers","","","","","","","","","","","","","","","","","","","","","","","","","","","","","","","","","","","","","","","","","","","","","","","","","","","","","","","","","","","",""
"TCAMEL8D","journalArticle","2025","Silva, Ivana; Naya, Daniel E; Brugnoli, Ernesto; D'Anatro, Alejandro; de Mello, Franco Teixeira; Vidal, Nicolás; González-Bergonzoni, Iván","Golden mussel invasion alters basal resources promoting a trophic bottleneck in river food webs","Biological Invasions","","","","","","2025","2026-06-21 20:16:15","2026-06-21 20:16:15","","172","","8","27","","","","","","","","Springer","","","","","","","","","","","","","","","","","","","","","","","","","","","","","","","","","","","","","","","","","","","","","","","","","","","","","","","","","","","",""
"83RMNK82","journalArticle","2025","Silva, Ivana; Naya, Daniel E; Brugnoli, Ernesto; D'Anatro, Alejandro; de Mello, Franco Teixeira; Vidal, Nicolás; González-Bergonzoni, Iván","Golden mussel invasion alters basal resources promoting a trophic bottleneck in river food webs","Biological Invasions","","","","","","2025","2026-06-21 20:16:15","2026-06-21 20:16:15","","172","","8","27","","","","","","","","Springer","","","","","","","","","","","","","","","","","","","","","","","","","","","","","","","","","","","","","","","","","","","","","","","","","","","","","","","","","","","",""
"3S2D7MUN","journalArticle","2025","Gao, Huize; Zhao, Dong; Zeng, Hua; Jiang, Yanchen; Li, Jialing; Zhang, Wei","Distribution patterns and environmental factors influencing Nymphalidae and Salticidae diversity in the Wuzhishan area of Hainan","Iscience","","","","","","2025","2026-06-21 20:16:15","2026-06-21 20:16:15","","","","5","28","","","","","","","","Elsevier","","","","","","","","","","","","","","","","","","","","","","","","","","","","","","","","","","","","","","","","","","","","","","","","","","","","","","","","","","","",""
"X9QPSNVN","journalArticle","2025","Gao, Huize; Zhao, Dong; Zeng, Hua; Jiang, Yanchen; Li, Jialing; Zhang, Wei","Distribution patterns and environmental factors influencing Nymphalidae and Salticidae diversity in the Wuzhishan area of Hainan","Iscience","","","","","","2025","2026-06-21 20:16:15","2026-06-21 20:16:15","","","","5","28","","","","","","","","Elsevier","","","","","","","","","","","","","","","","","","","","","","","","","","","","","","","","","","","","","","","","","","","","","","","","","","","","","","","","","","","",""
"GR6BHWMY","journalArticle","2025","Bennet, Morgan J; Kingston, Daniel G; Cullen, Nicolas J","Detection of Compound and Seesaw Hydrometeorological Extremes in New Zealand: A Copula-Based Approach","EGUsphere","","","","","","2025","2026-06-21 20:16:15","2026-06-21 20:16:15","","1–30","","","2025","","","","","","","","Copernicus Publications Göttingen, Germany","","","","","","","","","","","","","","","","","","","","","","","","","","","","","","","","","","","","","","","","","","","","","","","","","","","","","","","","","","","",""
"PWJEIIU7","journalArticle","2025","Bennet, Morgan J; Kingston, Daniel G; Cullen, Nicolas J","Detection of Compound and Seesaw Hydrometeorological Extremes in New Zealand: A Copula-Based Approach","EGUsphere","","","","","","2025","2026-06-21 20:16:15","2026-06-21 20:16:15","","1–30","","","2025","","","","","","","","Copernicus Publications Göttingen, Germany","","","","","","","","","","","","","","","","","","","","","","","","","","","","","","","","","","","","","","","","","","","","","","","","","","","","","","","","","","","",""
"F2ZX85YK","journalArticle","2025","Silva, Ivana; Naya Monteverde, Daniel Ernesto; Brugnoli, Ernesto; D'Anatro, Alejandro; Teixeira de Mello, Franco; Vidal, Nicolás; Gonzalez-Bergonzoni, Ivan","Isotopic trophic discrimination factors (Δ13C, Δ15N) and their determinants in a subtropical macroinvertebrate food chain","Limnetica, 2025, 44 (2): 209-225.","","","","","","2025","2026-06-21 20:16:15","2026-06-21 20:16:15","","","","","","","","","","","","","Asociación Ibérica de Limnología","","","","","","","","","","","","","","","","","","","","","","","","","","","","","","","","","","","","","","","","","","","","","","","","","","","","","","","","","","","",""
"LDYNJI3H","journalArticle","2025","Silva, Ivana; Naya Monteverde, Daniel Ernesto; Brugnoli, Ernesto; D'Anatro, Alejandro; Teixeira de Mello, Franco; Vidal, Nicolás; Gonzalez-Bergonzoni, Ivan","Isotopic trophic discrimination factors (Δ13C, Δ15N) and their determinants in a subtropical macroinvertebrate food chain","Limnetica, 2025, 44 (2): 209-225.","","","","","","2025","2026-06-21 20:16:15","2026-06-21 20:16:15","","","","","","","","","","","","","Asociación Ibérica de Limnología","","","","","","","","","","","","","","","","","","","","","","","","","","","","","","","","","","","","","","","","","","","","","","","","","","","","","","","","","","","",""
"M5LTM22Z","journalArticle","2025","Petrou, Giorgos; Mavrogianni, Anna; Symonds, Phil; Chalabi, Zaid; Lomas, Kevin; Mylona, Anastasia; Davies, Michael","Development of a Bayesian calibration framework for archetype-based housing stock models of summer indoor temperature","Journal of Building Performance Simulation","","","","","","2025","2026-06-21 20:16:15","2026-06-21 20:16:15","","687–706","","5-6","18","","","","","","","","Taylor & Francis","","","","","","","","","","","","","","","","","","","","","","","","","","","","","","","","","","","","","","","","","","","","","","","","","","","","","","","","","","","",""
"PTYGH9C7","journalArticle","2025","Petrou, Giorgos; Mavrogianni, Anna; Symonds, Phil; Chalabi, Zaid; Lomas, Kevin; Mylona, Anastasia; Davies, Michael","Development of a Bayesian calibration framework for archetype-based housing stock models of summer indoor temperature","Journal of Building Performance Simulation","","","","","","2025","2026-06-21 20:16:15","2026-06-21 20:16:15","","687–706","","5-6","18","","","","","","","","Taylor & Francis","","","","","","","","","","","","","","","","","","","","","","","","","","","","","","","","","","","","","","","","","","","","","","","","","","","","","","","","","","","",""
"QKVTUQCS","journalArticle","2025","Ren, Yifan; Miao, Zepu; Lin, Che-Yi; Yang, Ludong; Li, Huihui; Holland, Linda Z; Cho, Sung-Jin; Yu, Jr-Kai; Yue, Jia-Xing","The genome of the early diverged amphioxus, Asymmetron lucayanum, illuminates the evolution of genome architecture and gene repertoires in cephalochordates","bioRxiv","","","","","","2025","2026-06-21 20:16:15","2026-06-21 20:16:15","","2025–07","","","","","","","","","","","Cold Spring Harbor Laboratory","","","","","","","","","","","","","","","","","","","","","","","","","","","","","","","","","","","","","","","","","","","","","","","","","","","","","","","","","","","",""
"6V2XVAVK","journalArticle","2025","Ren, Yifan; Miao, Zepu; Lin, Che-Yi; Yang, Ludong; Li, Huihui; Holland, Linda Z; Cho, Sung-Jin; Yu, Jr-Kai; Yue, Jia-Xing","The genome of the early diverged amphioxus, Asymmetron lucayanum, illuminates the evolution of genome architecture and gene repertoires in cephalochordates","bioRxiv","","","","","","2025","2026-06-21 20:16:15","2026-06-21 20:16:15","","2025–07","","","","","","","","","","","Cold Spring Harbor Laboratory","","","","","","","","","","","","","","","","","","","","","","","","","","","","","","","","","","","","","","","","","","","","","","","","","","","","","","","","","","","",""
"HAPM5XIF","journalArticle","2025","Yilmaz, Cemre; Pabel, Laura; Kerschenbauer, Elias; Ischebeck, Anja; Sipatchin, Alexandra; Bartels, Andreas; Zaretskaya, Natalia","The complexity of human subjective experience during binocular rivalry","Neuroscience of Consciousness","","","","","","2025","2026-06-21 20:16:15","2026-06-21 20:16:15","","niaf004","","1","2025","","","","","","","","Oxford University Press UK","","","","","","","","","","","","","","","","","","","","","","","","","","","","","","","","","","","","","","","","","","","","","","","","","","","","","","","","","","","",""
"KW6DXL5E","journalArticle","2025","Yilmaz, Cemre; Pabel, Laura; Kerschenbauer, Elias; Ischebeck, Anja; Sipatchin, Alexandra; Bartels, Andreas; Zaretskaya, Natalia","The complexity of human subjective experience during binocular rivalry","Neuroscience of Consciousness","","","","","","2025","2026-06-21 20:16:15","2026-06-21 20:16:15","","niaf004","","1","2025","","","","","","","","Oxford University Press UK","","","","","","","","","","","","","","","","","","","","","","","","","","","","","","","","","","","","","","","","","","","","","","","","","","","","","","","","","","","",""
"99WTLG34","journalArticle","2025","Zheng, Aner; Chong, Sang Chul","How location-based organization affects the extent of contextual cueing","Attention, Perception, & Psychophysics","","","","","","2025","2026-06-21 20:16:15","2026-06-21 20:16:15","","2370–2387","","8","87","","","","","","","","Springer","","","","","","","","","","","","","","","","","","","","","","","","","","","","","","","","","","","","","","","","","","","","","","","","","","","","","","","","","","","",""
"853SV3XV","journalArticle","2025","Zheng, Aner; Chong, Sang Chul","How location-based organization affects the extent of contextual cueing","Attention, Perception, & Psychophysics","","","","","","2025","2026-06-21 20:16:15","2026-06-21 20:16:15","","2370–2387","","8","87","","","","","","","","Springer","","","","","","","","","","","","","","","","","","","","","","","","","","","","","","","","","","","","","","","","","","","","","","","","","","","","","","","","","","","",""
"JKQKX7WS","journalArticle","2025","Malick-Wahls, Sarah Lou; Høydal, Silje Maria M; Devineau, Olivier; Tofastrud, Morten","Optimal sheep grazing intensity for bumblebee Bombus species richness and abundance on traditional Norwegian summer farms","Ecological Solutions and Evidence","","","","","","2025","2026-06-21 20:16:15","2026-06-21 20:16:15","","e70054","","2","6","","","","","","","","Wiley Online Library","","","","","","","","","","","","","","","","","","","","","","","","","","","","","","","","","","","","","","","","","","","","","","","","","","","","","","","","","","","",""
"FPDH7XYJ","journalArticle","2025","Malick-Wahls, Sarah Lou; Høydal, Silje Maria M; Devineau, Olivier; Tofastrud, Morten","Optimal sheep grazing intensity for bumblebee Bombus species richness and abundance on traditional Norwegian summer farms","Ecological Solutions and Evidence","","","","","","2025","2026-06-21 20:16:15","2026-06-21 20:16:15","","e70054","","2","6","","","","","","","","Wiley Online Library","","","","","","","","","","","","","","","","","","","","","","","","","","","","","","","","","","","","","","","","","","","","","","","","","","","","","","","","","","","",""
"KW9ID76Z","journalArticle","2025","Akmeemana, Anuradha; Sigman, Michael E","Machine Learning Subjective Opinions: An Application in Forensic Chemistry","Algorithms","","","","","","2025","2026-06-21 20:16:15","2026-06-21 20:16:15","","482","","8","18","","","","","","","","MDPI","","","","","","","","","","","","","","","","","","","","","","","","","","","","","","","","","","","","","","","","","","","","","","","","","","","","","","","","","","","",""
"RXIRC8UC","journalArticle","2025","Akmeemana, Anuradha; Sigman, Michael E","Machine Learning Subjective Opinions: An Application in Forensic Chemistry","Algorithms","","","","","","2025","2026-06-21 20:16:15","2026-06-21 20:16:15","","482","","8","18","","","","","","","","MDPI","","","","","","","","","","","","","","","","","","","","","","","","","","","","","","","","","","","","","","","","","","","","","","","","","","","","","","","","","","","",""
"QI84A7ZT","journalArticle","2025","da Silva, Melina Coelho; Canário, Adelino VM; Hubbard, Peter C; Cardoso, Sara D; Gonçalves, David","High variability in aggression and habituation to the mirror assay in ornamental Siamese fighting fish Betta splendens","acta ethologica","","","","","","2025","2026-06-21 20:16:15","2026-06-21 20:16:15","","139–150","","3","28","","","","","","","","Springer","","","","","","","","","","","","","","","","","","","","","","","","","","","","","","","","","","","","","","","","","","","","","","","","","","","","","","","","","","","",""
"MYHF6MMW","journalArticle","2025","da Silva, Melina Coelho; Canário, Adelino VM; Hubbard, Peter C; Cardoso, Sara D; Gonçalves, David","High variability in aggression and habituation to the mirror assay in ornamental Siamese fighting fish Betta splendens","acta ethologica","","","","","","2025","2026-06-21 20:16:15","2026-06-21 20:16:15","","139–150","","3","28","","","","","","","","Springer","","","","","","","","","","","","","","","","","","","","","","","","","","","","","","","","","","","","","","","","","","","","","","","","","","","","","","","","","","","",""
"RMNJ7UGS","journalArticle","2025","Zhang, Xinyu","Dynamic Time-to-Event Models for Future Call Attempts Required Until Interview or Refusal","Journal of Official Statistics","","","","","","2025","2026-06-21 20:16:15","2026-06-21 20:16:15","","433–467","","1","41","","","","","","","","SAGE Publications Sage UK: London, England","","","","","","","","","","","","","","","","","","","","","","","","","","","","","","","","","","","","","","","","","","","","","","","","","","","","","","","","","","","",""
"X748C4JE","journalArticle","2025","Zhang, Xinyu","Dynamic Time-to-Event Models for Future Call Attempts Required Until Interview or Refusal","Journal of Official Statistics","","","","","","2025","2026-06-21 20:16:15","2026-06-21 20:16:15","","433–467","","1","41","","","","","","","","SAGE Publications Sage UK: London, England","","","","","","","","","","","","","","","","","","","","","","","","","","","","","","","","","","","","","","","","","","","","","","","","","","","","","","","","","","","",""
"QX7NBQQK","journalArticle","2025","Warret Rodrigues, C; Wang, F; Halden, NM; Yang, P; Roth, JD","How reliably do keratinous tissues predict total mercury concentration in internal tissues of a highly mobile carnivore with a terrestrial diet?","Journal of Zoology","","","","","","2025","2026-06-21 20:16:15","2026-06-21 20:16:15","","102–114","","2","325","","","","","","","","Wiley Online Library","","","","","","","","","","","","","","","","","","","","","","","","","","","","","","","","","","","","","","","","","","","","","","","","","","","","","","","","","","","",""
"GQHPB2B4","journalArticle","2025","Warret Rodrigues, C; Wang, F; Halden, NM; Yang, P; Roth, JD","How reliably do keratinous tissues predict total mercury concentration in internal tissues of a highly mobile carnivore with a terrestrial diet?","Journal of Zoology","","","","","","2025","2026-06-21 20:16:15","2026-06-21 20:16:15","","102–114","","2","325","","","","","","","","Wiley Online Library","","","","","","","","","","","","","","","","","","","","","","","","","","","","","","","","","","","","","","","","","","","","","","","","","","","","","","","","","","","",""
"5845LRDQ","journalArticle","2025","Işık, Hilmi; Kılıç, Muhammet Burak","Evaluation of genetic algorithm alternatives for wind speed modeling using grey relational analysis","Journal of Engineering and Applied Science","","","","","","2025","2026-06-21 20:16:15","2026-06-21 20:16:15","","50","","1","72","","","","","","","","Springer","","","","","","","","","","","","","","","","","","","","","","","","","","","","","","","","","","","","","","","","","","","","","","","","","","","","","","","","","","","",""
"TRWBE6HI","journalArticle","2025","Işık, Hilmi; Kılıç, Muhammet Burak","Evaluation of genetic algorithm alternatives for wind speed modeling using grey relational analysis","Journal of Engineering and Applied Science","","","","","","2025","2026-06-21 20:16:15","2026-06-21 20:16:15","","50","","1","72","","","","","","","","Springer","","","","","","","","","","","","","","","","","","","","","","","","","","","","","","","","","","","","","","","","","","","","","","","","","","","","","","","","","","","",""
"93QZDHBR","journalArticle","2025","Grampp, Mathilde; Girard-Buttoz, Cédric; Samuni, Liran; León, Julián; Tkaczynski, Patrick; Wittig, Roman M; Crockford, Catherine","Reciprocal signaling during approaches relates to close relationships within and between two primate species","Animal Behavior and Cognition","","","","","","2025","2026-06-21 20:16:15","2026-06-21 20:16:15","","360–403","","3","12","","","","","","","","","","","","","","","","","","","","","","","","","","","","","","","","","","","","","","","","","","","","","","","","","","","","","","","","","","","","","","","","","","","",""
"VUWPVMB8","journalArticle","2025","Grampp, Mathilde; Girard-Buttoz, Cédric; Samuni, Liran; León, Julián; Tkaczynski, Patrick; Wittig, Roman M; Crockford, Catherine","Reciprocal signaling during approaches relates to close relationships within and between two primate species","Animal Behavior and Cognition","","","","","","2025","2026-06-21 20:16:15","2026-06-21 20:16:15","","360–403","","3","12","","","","","","","","","","","","","","","","","","","","","","","","","","","","","","","","","","","","","","","","","","","","","","","","","","","","","","","","","","","","","","","","","","","",""
"TCNP54RL","journalArticle","2025","Fiscalini, Lorenzo; Willi, Liana; Wiedemeier, Daniel; Özcan, Mutlu; Ioannidis, Alexis","Load-Bearing Capacity of Lithium Silicate Derivates Applied as Ultra-Thin Occlusal Veneers on Molars","Prosthesis","","","","","","2025","2026-06-21 20:16:15","2026-06-21 20:16:15","","43","","2","7","","","","","","","","MDPI","","","","","","","","","","","","","","","","","","","","","","","","","","","","","","","","","","","","","","","","","","","","","","","","","","","","","","","","","","","",""
"W6JQU4FF","journalArticle","2025","Fiscalini, Lorenzo; Willi, Liana; Wiedemeier, Daniel; Özcan, Mutlu; Ioannidis, Alexis","Load-Bearing Capacity of Lithium Silicate Derivates Applied as Ultra-Thin Occlusal Veneers on Molars","Prosthesis","","","","","","2025","2026-06-21 20:16:15","2026-06-21 20:16:15","","43","","2","7","","","","","","","","MDPI","","","","","","","","","","","","","","","","","","","","","","","","","","","","","","","","","","","","","","","","","","","","","","","","","","","","","","","","","","","",""
"WDNJ6HA3","journalArticle","2025","Dennis, Trent; Rubin-McGregor, Jordan; O'Connell, Michael J","Power analysis for zero-inflated Poisson and negative binomial generalized linear models using Monte Carlo simulation","Journal of Statistical Computation and Simulation","","","","","","2025","2026-06-21 20:16:15","2026-06-21 20:16:15","","868–885","","4","95","","","","","","","","Taylor & Francis","","","","","","","","","","","","","","","","","","","","","","","","","","","","","","","","","","","","","","","","","","","","","","","","","","","","","","","","","","","",""
"QGN5EQ4W","journalArticle","2025","Dennis, Trent; Rubin-McGregor, Jordan; O'Connell, Michael J","Power analysis for zero-inflated Poisson and negative binomial generalized linear models using Monte Carlo simulation","Journal of Statistical Computation and Simulation","","","","","","2025","2026-06-21 20:16:15","2026-06-21 20:16:15","","868–885","","4","95","","","","","","","","Taylor & Francis","","","","","","","","","","","","","","","","","","","","","","","","","","","","","","","","","","","","","","","","","","","","","","","","","","","","","","","","","","","",""
"6ZUIB9VC","journalArticle","2025","Carvalho, Daniel A; Barbosa, Gabriel G; Kappes, Bruna B; Dröse, William; Ibarra-Issassi, Javier; Sendoya, Sebastian F","Taxonomic and functional diversity of foliage-dwelling ants in conventional and organic agroecosystems in southern Brazil: A landscape perspective","Ecological Entomology","","","","","","2025","2026-06-21 20:16:15","2026-06-21 20:16:15","","101–114","","1","50","","","","","","","","Wiley Online Library","","","","","","","","","","","","","","","","","","","","","","","","","","","","","","","","","","","","","","","","","","","","","","","","","","","","","","","","","","","",""
"ASV9BA5X","journalArticle","2025","Carvalho, Daniel A; Barbosa, Gabriel G; Kappes, Bruna B; Dröse, William; Ibarra-Issassi, Javier; Sendoya, Sebastian F","Taxonomic and functional diversity of foliage-dwelling ants in conventional and organic agroecosystems in southern Brazil: A landscape perspective","Ecological Entomology","","","","","","2025","2026-06-21 20:16:15","2026-06-21 20:16:15","","101–114","","1","50","","","","","","","","Wiley Online Library","","","","","","","","","","","","","","","","","","","","","","","","","","","","","","","","","","","","","","","","","","","","","","","","","","","","","","","","","","","",""
"FUPRNEAS","journalArticle","2025","Chen, Yunjie; Chen, Yuying; Wang, Wenqiang","Assembly Processes and Co-occurrence Networks of Core and Random Bacterial Communities in Cryoconite-Related Habitats on the Tibetan Plateau","Geomicrobiology Journal","","","","","","2025","2026-06-21 20:16:15","2026-06-21 20:16:15","","805–817","","9","42","","","","","","","","Taylor & Francis","","","","","","","","","","","","","","","","","","","","","","","","","","","","","","","","","","","","","","","","","","","","","","","","","","","","","","","","","","","",""
"VVN9GZ4Y","journalArticle","2025","Chen, Yunjie; Chen, Yuying; Wang, Wenqiang","Assembly Processes and Co-occurrence Networks of Core and Random Bacterial Communities in Cryoconite-Related Habitats on the Tibetan Plateau","Geomicrobiology Journal","","","","","","2025","2026-06-21 20:16:15","2026-06-21 20:16:15","","805–817","","9","42","","","","","","","","Taylor & Francis","","","","","","","","","","","","","","","","","","","","","","","","","","","","","","","","","","","","","","","","","","","","","","","","","","","","","","","","","","","",""
"B4Y6F9GL","journalArticle","2025","Wani, Mohammad Kafeel; Ahmad, Peer Bilal","One-Inflated Zero-Truncated Poisson Distribution: Statistical Properties and Real Life Applications","Annals of Data Science","","","","","","2025","2026-06-21 20:16:15","2026-06-21 20:16:15","","639–666","","2","12","","","","","","","","Springer","","","","","","","","","","","","","","","","","","","","","","","","","","","","","","","","","","","","","","","","","","","","","","","","","","","","","","","","","","","",""
"YZZ9I9DZ","journalArticle","2025","Wani, Mohammad Kafeel; Ahmad, Peer Bilal","One-Inflated Zero-Truncated Poisson Distribution: Statistical Properties and Real Life Applications","Annals of Data Science","","","","","","2025","2026-06-21 20:16:15","2026-06-21 20:16:15","","639–666","","2","12","","","","","","","","Springer","","","","","","","","","","","","","","","","","","","","","","","","","","","","","","","","","","","","","","","","","","","","","","","","","","","","","","","","","","","",""
"KHCVGFUX","journalArticle","2025","HariKrishna, Mamidi; Vinod, Degavath; Desai, Sourab; Mahesha, Amai","A multivariate index-flood approach for flood frequency analysis of ungauged watersheds: a case study on state of Kerala in India","Acta Geophysica","","","","","","2025","2026-06-21 20:16:15","2026-06-21 20:16:15","","4691–4708","","5","73","","","","","","","","Springer","","","","","","","","","","","","","","","","","","","","","","","","","","","","","","","","","","","","","","","","","","","","","","","","","","","","","","","","","","","",""
"787H3WD7","journalArticle","2025","HariKrishna, Mamidi; Vinod, Degavath; Desai, Sourab; Mahesha, Amai","A multivariate index-flood approach for flood frequency analysis of ungauged watersheds: a case study on state of Kerala in India","Acta Geophysica","","","","","","2025","2026-06-21 20:16:15","2026-06-21 20:16:15","","4691–4708","","5","73","","","","","","","","Springer","","","","","","","","","","","","","","","","","","","","","","","","","","","","","","","","","","","","","","","","","","","","","","","","","","","","","","","","","","","",""
"VEQS2W53","journalArticle","2025","Kingston, Alexandra CN; Lucia, Rebecca L; Chappell, Daniel R; Mierow, Tanner T; Speiser, Daniel I","Shock wave-damping orbital hoods cover the eyes of snapping shrimp (Alpheus heterochaelis) without impairing spatial vision","Journal of Experimental Biology","","","","","","2025","2026-06-21 20:16:15","2026-06-21 20:16:15","","jeb250592","","12","228","","","","","","","","The Company of Biologists","","","","","","","","","","","","","","","","","","","","","","","","","","","","","","","","","","","","","","","","","","","","","","","","","","","","","","","","","","","",""
"WBHKI6E6","journalArticle","2025","Kingston, Alexandra CN; Lucia, Rebecca L; Chappell, Daniel R; Mierow, Tanner T; Speiser, Daniel I","Shock wave-damping orbital hoods cover the eyes of snapping shrimp (Alpheus heterochaelis) without impairing spatial vision","Journal of Experimental Biology","","","","","","2025","2026-06-21 20:16:15","2026-06-21 20:16:15","","jeb250592","","12","228","","","","","","","","The Company of Biologists","","","","","","","","","","","","","","","","","","","","","","","","","","","","","","","","","","","","","","","","","","","","","","","","","","","","","","","","","","","",""
"FSLBJE95","journalArticle","2025","Correia, Tamires P; Veloso, Gustavo V; Lyra, Gustavo B; Michel, Roberto F; Fernandes Filho, Elpídio Inácio; Schaefer, Carlos Ernesto; Justino, Flavio B; Francelino, Marcio R","Temporal trend and dynamics of the active layer at different monitoring points in Maritime Antarctica and Peninsula","Anais da Academia Brasileira de Ciências","","","","","","2025","2026-06-21 20:16:15","2026-06-21 20:16:15","","e20240586","","4","97","","","","","","","","SciELO Brasil","","","","","","","","","","","","","","","","","","","","","","","","","","","","","","","","","","","","","","","","","","","","","","","","","","","","","","","","","","","",""
"8W63N7GR","journalArticle","2025","Correia, Tamires P; Veloso, Gustavo V; Lyra, Gustavo B; Michel, Roberto F; Fernandes Filho, Elpídio Inácio; Schaefer, Carlos Ernesto; Justino, Flavio B; Francelino, Marcio R","Temporal trend and dynamics of the active layer at different monitoring points in Maritime Antarctica and Peninsula","Anais da Academia Brasileira de Ciências","","","","","","2025","2026-06-21 20:16:15","2026-06-21 20:16:15","","e20240586","","4","97","","","","","","","","SciELO Brasil","","","","","","","","","","","","","","","","","","","","","","","","","","","","","","","","","","","","","","","","","","","","","","","","","","","","","","","","","","","",""
"Y2YLDCSC","journalArticle","2025","Pamornchainavakul, Nakarin; Paploski, Igor AD; Makau, Dennis N; Baker, Julia P; Huang, Jing; Ferreira, Clarissa P; Corzo, Cesar A; Rovira, Albert; Cheeran, Maxim CJ; Lycett, Samantha; others","Experimental evidence of vaccine-driven evolution of porcine reproductive and respiratory syndrome virus type 2","Virus Evolution","","","","","","2025","2026-06-21 20:16:15","2026-06-21 20:16:15","","veaf056","","1","11","","","","","","","","Oxford University Press","","","","","","","","","","","","","","","","","","","","","","","","","","","","","","","","","","","","","","","","","","","","","","","","","","","","","","","","","","","",""
"IIVZNCVD","journalArticle","2025","Pamornchainavakul, Nakarin; Paploski, Igor AD; Makau, Dennis N; Baker, Julia P; Huang, Jing; Ferreira, Clarissa P; Corzo, Cesar A; Rovira, Albert; Cheeran, Maxim CJ; Lycett, Samantha; others","Experimental evidence of vaccine-driven evolution of porcine reproductive and respiratory syndrome virus type 2","Virus Evolution","","","","","","2025","2026-06-21 20:16:15","2026-06-21 20:16:15","","veaf056","","1","11","","","","","","","","Oxford University Press","","","","","","","","","","","","","","","","","","","","","","","","","","","","","","","","","","","","","","","","","","","","","","","","","","","","","","","","","","","",""
"FFXRRJL4","journalArticle","2025","Wu, Xing Zheng","PileBetaGR: An R-based integrative tool for predicting the geometric reliability index of piles using load-displacement curves","SoftwareX","","","","","","2025","2026-06-21 20:16:15","2026-06-21 20:16:15","","102123","","","30","","","","","","","","Elsevier","","","","","","","","","","","","","","","","","","","","","","","","","","","","","","","","","","","","","","","","","","","","","","","","","","","","","","","","","","","",""
"589KKIFL","journalArticle","2025","Wu, Xing Zheng","PileBetaGR: An R-based integrative tool for predicting the geometric reliability index of piles using load-displacement curves","SoftwareX","","","","","","2025","2026-06-21 20:16:15","2026-06-21 20:16:15","","102123","","","30","","","","","","","","Elsevier","","","","","","","","","","","","","","","","","","","","","","","","","","","","","","","","","","","","","","","","","","","","","","","","","","","","","","","","","","","",""
"UHWBPTIS","journalArticle","2025","Qasim, SM; Farooquie, Parveen; Jamali, MD Ashraf","Analysis of railways secondary queue waitlisted passengers: a data-driven queueing science comparison using M/M/C/K and G/G/C/K models","OPSEARCH","","","","","","2025","2026-06-21 20:16:15","2026-06-21 20:16:15","","1–31","","","","","","","","","","","Springer","","","","","","","","","","","","","","","","","","","","","","","","","","","","","","","","","","","","","","","","","","","","","","","","","","","","","","","","","","","",""
"SB3IK84Q","journalArticle","2025","Qasim, SM; Farooquie, Parveen; Jamali, MD Ashraf","Analysis of railways secondary queue waitlisted passengers: a data-driven queueing science comparison using M/M/C/K and G/G/C/K models","OPSEARCH","","","","","","2025","2026-06-21 20:16:15","2026-06-21 20:16:15","","1–31","","","","","","","","","","","Springer","","","","","","","","","","","","","","","","","","","","","","","","","","","","","","","","","","","","","","","","","","","","","","","","","","","","","","","","","","","",""
"2HLSHT2T","journalArticle","2025","Véle, Adam; Fulín, Martin; Rokaya, Maan Bahadur; Bílá, Karolína; others","Effects of tree characteristics and climatic conditions on gall midge abundance on European beech (Fagus sylvatica L.)","Journal of Forest Science","","","","","","2025","2026-06-21 20:16:15","2026-06-21 20:16:15","","565–573","","11","71","","","","","","","","Journal of Forest Science","","","","","","","","","","","","","","","","","","","","","","","","","","","","","","","","","","","","","","","","","","","","","","","","","","","","","","","","","","","",""
"H7DM62NK","journalArticle","2025","Véle, Adam; Fulín, Martin; Rokaya, Maan Bahadur; Bílá, Karolína; others","Effects of tree characteristics and climatic conditions on gall midge abundance on European beech (Fagus sylvatica L.)","Journal of Forest Science","","","","","","2025","2026-06-21 20:16:15","2026-06-21 20:16:15","","565–573","","11","71","","","","","","","","Journal of Forest Science","","","","","","","","","","","","","","","","","","","","","","","","","","","","","","","","","","","","","","","","","","","","","","","","","","","","","","","","","","","",""
"SE4YS5G2","journalArticle","2025","Thorley, Joe; Fisher, Rebecca; Fox, David; Schwarz, Carl","ssdtools v2: An R package to fit Species Sensitivity Distributions","Journal of Open Source Software","","","","","","2025","2026-06-21 20:16:15","2026-06-21 20:16:15","","7492","","105","10","","","","","","","","","","","","","","","","","","","","","","","","","","","","","","","","","","","","","","","","","","","","","","","","","","","","","","","","","","","","","","","","","","","",""
"F7RAN5TL","journalArticle","2025","Thorley, Joe; Fisher, Rebecca; Fox, David; Schwarz, Carl","ssdtools v2: An R package to fit Species Sensitivity Distributions","Journal of Open Source Software","","","","","","2025","2026-06-21 20:16:15","2026-06-21 20:16:15","","7492","","105","10","","","","","","","","","","","","","","","","","","","","","","","","","","","","","","","","","","","","","","","","","","","","","","","","","","","","","","","","","","","","","","","","","","","",""
"XFKLXF8W","journalArticle","2025","Zhang, Menghua; Peng, Mengjiao; Zhou, Yong","Semi-supervised learning for various comparison functions across two populations","Statistical Papers","","","","","","2025","2026-06-21 20:16:15","2026-06-21 20:16:15","","18","","1","66","","","","","","","","Springer","","","","","","","","","","","","","","","","","","","","","","","","","","","","","","","","","","","","","","","","","","","","","","","","","","","","","","","","","","","",""
"E9GURDI9","journalArticle","2025","Zhang, Menghua; Peng, Mengjiao; Zhou, Yong","Semi-supervised learning for various comparison functions across two populations","Statistical Papers","","","","","","2025","2026-06-21 20:16:15","2026-06-21 20:16:15","","18","","1","66","","","","","","","","Springer","","","","","","","","","","","","","","","","","","","","","","","","","","","","","","","","","","","","","","","","","","","","","","","","","","","","","","","","","","","",""
"XIIHZN7F","journalArticle","2025","Papadopoulou, Dimitra; Raptis, Dimitrios; Kazana, Vassiliki; Tsitsoni, Thekla","Structure and dynamics of deadwood in the mixed beech-conifers Frakto virgin forest of Greece","Annals of Forest Research","","","","","","2025","2026-06-21 20:16:15","2026-06-21 20:16:15","","3–16","","2","68","","","","","","","","","","","","","","","","","","","","","","","","","","","","","","","","","","","","","","","","","","","","","","","","","","","","","","","","","","","","","","","","","","","",""
"Q8Y8JL3D","journalArticle","2025","Papadopoulou, Dimitra; Raptis, Dimitrios; Kazana, Vassiliki; Tsitsoni, Thekla","Structure and dynamics of deadwood in the mixed beech-conifers Frakto virgin forest of Greece","Annals of Forest Research","","","","","","2025","2026-06-21 20:16:16","2026-06-21 20:16:16","","3–16","","2","68","","","","","","","","","","","","","","","","","","","","","","","","","","","","","","","","","","","","","","","","","","","","","","","","","","","","","","","","","","","","","","","","","","","",""
"C7V8YC4N","journalArticle","2025","Mican, Camilo; Martínez-Ruiz, Yessenia; Manotas-Duque, Diego Fernando","LCOE at risk in different locations in Colombia","International Journal of Sustainable Energy Planning and Management","","","","","","2025","2026-06-21 20:16:16","2026-06-21 20:16:16","","73–90","","","44","","","","","","","","","","","","","","","","","","","","","","","","","","","","","","","","","","","","","","","","","","","","","","","","","","","","","","","","","","","","","","","","","","","",""
"6J3GCWMB","journalArticle","2025","Mican, Camilo; Martínez-Ruiz, Yessenia; Manotas-Duque, Diego Fernando","LCOE at risk in different locations in Colombia","International Journal of Sustainable Energy Planning and Management","","","","","","2025","2026-06-21 20:16:16","2026-06-21 20:16:16","","73–90","","","44","","","","","","","","","","","","","","","","","","","","","","","","","","","","","","","","","","","","","","","","","","","","","","","","","","","","","","","","","","","","","","","","","","","",""
"8HAPQ87F","journalArticle","2025","Gallo-Cardozo, Flavio; Carvajal-Vallejos, Fernando M; Careaga, Matías; Herbas, Laura; Goitia, Edgar; Maldonado, Mabel","Population dynamics of two Andean Trichomycterus (Siluriformes: Trichomycteridae) species from Bolivia","Neotropical Ichthyology","","","","","","2025","2026-06-21 20:16:16","2026-06-21 20:16:16","","e240070","","","23","","","","","","","","SciELO Brasil","","","","","","","","","","","","","","","","","","","","","","","","","","","","","","","","","","","","","","","","","","","","","","","","","","","","","","","","","","","",""
"UUADQCMF","journalArticle","2025","Gallo-Cardozo, Flavio; Carvajal-Vallejos, Fernando M; Careaga, Matías; Herbas, Laura; Goitia, Edgar; Maldonado, Mabel","Population dynamics of two Andean Trichomycterus (Siluriformes: Trichomycteridae) species from Bolivia","Neotropical Ichthyology","","","","","","2025","2026-06-21 20:16:16","2026-06-21 20:16:16","","e240070","","","23","","","","","","","","SciELO Brasil","","","","","","","","","","","","","","","","","","","","","","","","","","","","","","","","","","","","","","","","","","","","","","","","","","","","","","","","","","","",""
"K74Z2E84","journalArticle","2025","Pearse, Alan R; Bondell, Howard","Power-divergence copulas: A new class of Archimedean copulas, with an insurance application","arXiv preprint arXiv:2510.06177","","","","","","2025","2026-06-21 20:16:16","2026-06-21 20:16:16","","","","","","","","","","","","","","","","","","","","","","","","","","","","","","","","","","","","","","","","","","","","","","","","","","","","","","","","","","","","","","","","","","","","","","","","",""
"YGCX2Q8L","journalArticle","2025","Pearse, Alan R; Bondell, Howard","Power-divergence copulas: A new class of Archimedean copulas, with an insurance application","arXiv preprint arXiv:2510.06177","","","","","","2025","2026-06-21 20:16:16","2026-06-21 20:16:16","","","","","","","","","","","","","","","","","","","","","","","","","","","","","","","","","","","","","","","","","","","","","","","","","","","","","","","","","","","","","","","","","","","","","","","","",""
"9259ZGFZ","journalArticle","2025","Vila, Roberto; Saulo, Helton","An unbiased estimator of a novel extended mth Gini index for gamma distributed populations","Journal of Computational and Applied Mathematics","","","","","","2025","2026-06-21 20:16:16","2026-06-21 20:16:16","","117320","","","","","","","","","","","Elsevier","","","","","","","","","","","","","","","","","","","","","","","","","","","","","","","","","","","","","","","","","","","","","","","","","","","","","","","","","","","",""
"D9MUKWJH","journalArticle","2025","Vila, Roberto; Saulo, Helton","An unbiased estimator of a novel extended mth Gini index for gamma distributed populations","Journal of Computational and Applied Mathematics","","","","","","2025","2026-06-21 20:16:16","2026-06-21 20:16:16","","117320","","","","","","","","","","","Elsevier","","","","","","","","","","","","","","","","","","","","","","","","","","","","","","","","","","","","","","","","","","","","","","","","","","","","","","","","","","","",""
"4JF699HM","journalArticle","2025","Wu, Panlong; Zhao, Yi; Yang, Jinyi; Wu, Keyuan; Bai, Jinrui","Managed honeybees and soil nitrogen availability interactively modulate sunflower production in intensive agricultural landscapes of China","Journal of Economic Entomology","","","","","","2025","2026-06-21 20:16:16","2026-06-21 20:16:16","","19–27","","1","118","","","","","","","","Oxford University Press US","","","","","","","","","","","","","","","","","","","","","","","","","","","","","","","","","","","","","","","","","","","","","","","","","","","","","","","","","","","",""
"AEM9SKFG","journalArticle","2025","Wu, Panlong; Zhao, Yi; Yang, Jinyi; Wu, Keyuan; Bai, Jinrui","Managed honeybees and soil nitrogen availability interactively modulate sunflower production in intensive agricultural landscapes of China","Journal of Economic Entomology","","","","","","2025","2026-06-21 20:16:16","2026-06-21 20:16:16","","19–27","","1","118","","","","","","","","Oxford University Press US","","","","","","","","","","","","","","","","","","","","","","","","","","","","","","","","","","","","","","","","","","","","","","","","","","","","","","","","","","","",""
"TKVCNREQ","thesis","2025","Campo Jr, Frank Mario","Developing a Long-Term Wetland Monitoring Framework Through the Integration of Remote Sensing Techniques and Ground-Based Data Collection","","","","","","","2025","2026-06-21 20:16:16","2026-06-21 20:16:16","","","","","","","","","","","","","Southeastern Louisiana University","","","","Master's Thesis","","","","","","","","","","","","","","","","","","","","","","","","","","","","","","","","","","","","","","","","","","","","","","","","","","","","","","","",""
"9C4XUYCA","thesis","2025","Campo Jr, Frank Mario","Developing a Long-Term Wetland Monitoring Framework Through the Integration of Remote Sensing Techniques and Ground-Based Data Collection","","","","","","","2025","2026-06-21 20:16:16","2026-06-21 20:16:16","","","","","","","","","","","","","Southeastern Louisiana University","","","","Master's Thesis","","","","","","","","","","","","","","","","","","","","","","","","","","","","","","","","","","","","","","","","","","","","","","","","","","","","","","","",""
"2E2Y35XY","journalArticle","2025","Lucas, Anastasia; Reale, McKenna; Wolf, Yuri I; Duong, Bryant; Zhang, Yichi; Wickramasinghe, Jayamanna; Behlman, Lindsey; Jones, Steven M; Higgins, Stephanie; Moustafa, Ahmed M; others","Taxonomy-free fecal microbiome profiles enable robust prediction of immunotherapy response and toxicity in melanoma","bioRxiv","","","","","","2025","2026-06-21 20:16:16","2026-06-21 20:16:16","","2025–11","","","","","","","","","","","Cold Spring Harbor Laboratory","","","","","","","","","","","","","","","","","","","","","","","","","","","","","","","","","","","","","","","","","","","","","","","","","","","","","","","","","","","",""
"AW6QEX4C","journalArticle","2025","Lucas, Anastasia; Reale, McKenna; Wolf, Yuri I; Duong, Bryant; Zhang, Yichi; Wickramasinghe, Jayamanna; Behlman, Lindsey; Jones, Steven M; Higgins, Stephanie; Moustafa, Ahmed M; others","Taxonomy-free fecal microbiome profiles enable robust prediction of immunotherapy response and toxicity in melanoma","bioRxiv","","","","","","2025","2026-06-21 20:16:16","2026-06-21 20:16:16","","2025–11","","","","","","","","","","","Cold Spring Harbor Laboratory","","","","","","","","","","","","","","","","","","","","","","","","","","","","","","","","","","","","","","","","","","","","","","","","","","","","","","","","","","","",""
"MP2BXM2I","journalArticle","2025","Chugh, Sagrika; Shim, Heejung; McCarthy, Davis J","simPIC: flexible simulation of paired-insertion counts for single-cell ATAC sequencing data","bioRxiv","","","","","","2025","2026-06-21 20:16:16","2026-06-21 20:16:16","","","","","","","","","","","","","","","","","","","","","","","","","","","","","","","","","","","","","","","","","","","","","","","","","","","","","","","","","","","","","","","","","","","","","","","","",""
"4MXKU54J","journalArticle","2025","Chugh, Sagrika; Shim, Heejung; McCarthy, Davis J","simPIC: flexible simulation of paired-insertion counts for single-cell ATAC sequencing data","bioRxiv","","","","","","2025","2026-06-21 20:16:16","2026-06-21 20:16:16","","","","","","","","","","","","","","","","","","","","","","","","","","","","","","","","","","","","","","","","","","","","","","","","","","","","","","","","","","","","","","","","","","","","","","","","",""
"BTPHSQKP","journalArticle","2025","Pozzi, Adrien CM; Shaw, Ruth G; May, Georgiana","The geographic scale of population-level variation in growth and nodulation differs for two species of prairie clover","American journal of botany","","","","","","2025","2026-06-21 20:16:16","2026-06-21 20:16:16","","e16450","","1","112","","","","","","","","Wiley Online Library","","","","","","","","","","","","","","","","","","","","","","","","","","","","","","","","","","","","","","","","","","","","","","","","","","","","","","","","","","","",""
"VU4HGINE","journalArticle","2025","Pozzi, Adrien CM; Shaw, Ruth G; May, Georgiana","The geographic scale of population-level variation in growth and nodulation differs for two species of prairie clover","American journal of botany","","","","","","2025","2026-06-21 20:16:16","2026-06-21 20:16:16","","e16450","","1","112","","","","","","","","Wiley Online Library","","","","","","","","","","","","","","","","","","","","","","","","","","","","","","","","","","","","","","","","","","","","","","","","","","","","","","","","","","","",""
"J7VFDTII","thesis","2025","Lewis, Madeline","Mechanistic model development for the evaluation of infection risks following environmentally mediated transmission of Clostridioides difficile and Candida auris through the patient environment","","","","","","","2025","2026-06-21 20:16:16","2026-06-21 20:16:16","","","","","","","","","","","","","The Ohio State University","","","","PhD Thesis","","","","","","","","","","","","","","","","","","","","","","","","","","","","","","","","","","","","","","","","","","","","","","","","","","","","","","","",""
"B3Y75MNU","thesis","2025","Lewis, Madeline","Mechanistic model development for the evaluation of infection risks following environmentally mediated transmission of Clostridioides difficile and Candida auris through the patient environment","","","","","","","2025","2026-06-21 20:16:16","2026-06-21 20:16:16","","","","","","","","","","","","","The Ohio State University","","","","PhD Thesis","","","","","","","","","","","","","","","","","","","","","","","","","","","","","","","","","","","","","","","","","","","","","","","","","","","","","","","",""
"EASY7XZN","journalArticle","2025","Rossetti, Manuel D; Hashemian, Farid; Aghamohammadghasem, Maryam","Automated input distribution fitting based on multiple criteria for the Kotlin Simulation Library","Simulation Modelling Practice and Theory","","","","","","2025","2026-06-21 20:16:16","2026-06-21 20:16:16","","103251","","","","","","","","","","","Elsevier","","","","","","","","","","","","","","","","","","","","","","","","","","","","","","","","","","","","","","","","","","","","","","","","","","","","","","","","","","","",""
"FCN4VIK7","journalArticle","2025","Rossetti, Manuel D; Hashemian, Farid; Aghamohammadghasem, Maryam","Automated input distribution fitting based on multiple criteria for the Kotlin Simulation Library","Simulation Modelling Practice and Theory","","","","","","2025","2026-06-21 20:16:16","2026-06-21 20:16:16","","103251","","","","","","","","","","","Elsevier","","","","","","","","","","","","","","","","","","","","","","","","","","","","","","","","","","","","","","","","","","","","","","","","","","","","","","","","","","","",""
"5W35S5LZ","journalArticle","2025","King'ori, Edward M; Chiyo, Patrick I; Behangana, Mathias","Unveiling the Hidden Threat: Diversity of Ticks Infesting the Critically Endangered Mountain Bongo in Kenya","African Journal of Ecology","","","","","","2025","2026-06-21 20:16:16","2026-06-21 20:16:16","","e70129","","8","63","","","","","","","","Wiley Online Library","","","","","","","","","","","","","","","","","","","","","","","","","","","","","","","","","","","","","","","","","","","","","","","","","","","","","","","","","","","",""
"BU8UHJ3A","journalArticle","2025","King'ori, Edward M; Chiyo, Patrick I; Behangana, Mathias","Unveiling the Hidden Threat: Diversity of Ticks Infesting the Critically Endangered Mountain Bongo in Kenya","African Journal of Ecology","","","","","","2025","2026-06-21 20:16:16","2026-06-21 20:16:16","","e70129","","8","63","","","","","","","","Wiley Online Library","","","","","","","","","","","","","","","","","","","","","","","","","","","","","","","","","","","","","","","","","","","","","","","","","","","","","","","","","","","",""
"7QQ7DS3T","journalArticle","2025","Estreich, Harry; Bullock, Nicola; Osborne, Mark; Santos-Fernandez, Edgar; Wu, Paul Pao-Yen","An analysis of pacing profiles in sprint kayak racing using functional principal components and hidden Markov models","PLoS One","","","","","","2025","2026-06-21 20:16:16","2026-06-21 20:16:16","","e0326375","","7","20","","","","","","","","Public Library of Science San Francisco, CA USA","","","","","","","","","","","","","","","","","","","","","","","","","","","","","","","","","","","","","","","","","","","","","","","","","","","","","","","","","","","",""
"6ISF28R2","journalArticle","2025","Estreich, Harry; Bullock, Nicola; Osborne, Mark; Santos-Fernandez, Edgar; Wu, Paul Pao-Yen","An analysis of pacing profiles in sprint kayak racing using functional principal components and hidden Markov models","PLoS One","","","","","","2025","2026-06-21 20:16:16","2026-06-21 20:16:16","","e0326375","","7","20","","","","","","","","Public Library of Science San Francisco, CA USA","","","","","","","","","","","","","","","","","","","","","","","","","","","","","","","","","","","","","","","","","","","","","","","","","","","","","","","","","","","",""
"YAMUDZ3P","journalArticle","2025","Huang, Chin-Gi; Tseng, Yi-Cheng; Yu, Tsung-Han; Cheng, Hui-Ching; Tsai, Tsung-Ju; Ting, Jou-Hsin; Ho, Hsin-Yi; Lee, Ya-Zhe; Chiu, Yen-Chieh; Huang, Yu-Ting; others","The Impact of Administrative Districts and Urban Landscape on the Dispersal of Aedes aegypti via Genetic Differentiation","Molecular Ecology","","","","","","2025","2026-06-21 20:16:16","2026-06-21 20:16:16","","e17644","","3","34","","","","","","","","Wiley Online Library","","","","","","","","","","","","","","","","","","","","","","","","","","","","","","","","","","","","","","","","","","","","","","","","","","","","","","","","","","","",""
"SAGECSBS","journalArticle","2025","Huang, Chin-Gi; Tseng, Yi-Cheng; Yu, Tsung-Han; Cheng, Hui-Ching; Tsai, Tsung-Ju; Ting, Jou-Hsin; Ho, Hsin-Yi; Lee, Ya-Zhe; Chiu, Yen-Chieh; Huang, Yu-Ting; others","The Impact of Administrative Districts and Urban Landscape on the Dispersal of Aedes aegypti via Genetic Differentiation","Molecular Ecology","","","","","","2025","2026-06-21 20:16:16","2026-06-21 20:16:16","","e17644","","3","34","","","","","","","","Wiley Online Library","","","","","","","","","","","","","","","","","","","","","","","","","","","","","","","","","","","","","","","","","","","","","","","","","","","","","","","","","","","",""
"UHDHZ322","book","2025","Harbicht, Andrew; Asselin, Natalie C; Aubry, Éliane; Akaishi, Fabiola","Revue du stock de crabe commun (Cancer irroratus) du sud du golfe du Saint-Laurent jusqu'en 2023","","","","","","","2025","2026-06-21 20:16:16","2026-06-21 20:16:16","","","","","","","","","","","","","Secrétariat canadien de consultation scientifique (SCCS) Ottawa (Ontario)","","","","","","","","","","","","","","","","","","","","","","","","","","","","","","","","","","","","","","","","","","","","","","","","","","","","","","","","","","","",""
"NGS2GRDA","book","2025","Harbicht, Andrew; Asselin, Natalie C; Aubry, Éliane; Akaishi, Fabiola","Revue du stock de crabe commun (Cancer irroratus) du sud du golfe du Saint-Laurent jusqu'en 2023","","","","","","","2025","2026-06-21 20:16:16","2026-06-21 20:16:16","","","","","","","","","","","","","Secrétariat canadien de consultation scientifique (SCCS) Ottawa (Ontario)","","","","","","","","","","","","","","","","","","","","","","","","","","","","","","","","","","","","","","","","","","","","","","","","","","","","","","","","","","","",""
"4H2EY6C9","thesis","2025","Bartolucci, Nia Nilanjana","Anthropogenic Impacts on Carbon and Nitrogen Cycling in Vegetated Coastal Ecosystems: Implications for Ecosystem Function and Resilience","","","","","","","2025","2026-06-21 20:16:16","2026-06-21 20:16:16","","","","","","","","","","","","","Boston University","","","","PhD Thesis","","","","","","","","","","","","","","","","","","","","","","","","","","","","","","","","","","","","","","","","","","","","","","","","","","","","","","","",""
"VNJJEDPS","thesis","2025","Bartolucci, Nia Nilanjana","Anthropogenic Impacts on Carbon and Nitrogen Cycling in Vegetated Coastal Ecosystems: Implications for Ecosystem Function and Resilience","","","","","","","2025","2026-06-21 20:16:16","2026-06-21 20:16:16","","","","","","","","","","","","","Boston University","","","","PhD Thesis","","","","","","","","","","","","","","","","","","","","","","","","","","","","","","","","","","","","","","","","","","","","","","","","","","","","","","","",""
"ZWGT826P","journalArticle","2025","Sieder, Mike; Schänzlin, Jörg; Kaluza, Christian; Krug, Sebastian","Durchlaufwirkung von HBV-Decken: Durchlaufwirkung von Holz-Beton-Verbunddecken für die Anwendung im Mehrgeschoss-und Bürobau","BBSR-Online-Publikation","","","","","","2025","2026-06-21 20:16:16","2026-06-21 20:16:16","","1–221","","04/2025","","","","","","","","","","","","","","","","","","","","","","","","","","","","","","","","","","","","","","","","","","","","","","","","","","","","","","","","","","","","","","","","","","","","",""
"G6EQEE6R","journalArticle","2025","Sieder, Mike; Schänzlin, Jörg; Kaluza, Christian; Krug, Sebastian","Durchlaufwirkung von HBV-Decken: Durchlaufwirkung von Holz-Beton-Verbunddecken für die Anwendung im Mehrgeschoss-und Bürobau","BBSR-Online-Publikation","","","","","","2025","2026-06-21 20:16:16","2026-06-21 20:16:16","","1–221","","04/2025","","","","","","","","","","","","","","","","","","","","","","","","","","","","","","","","","","","","","","","","","","","","","","","","","","","","","","","","","","","","","","","","","","","","",""
"P2IKDRGJ","journalArticle","2025","Ono, Yuri; Ishida, Atsushi","Competition and Investment Model of Wealth Distribution","arXiv preprint arXiv:2505.10818","","","","","","2025","2026-06-21 20:16:16","2026-06-21 20:16:16","","","","","","","","","","","","","","","","","","","","","","","","","","","","","","","","","","","","","","","","","","","","","","","","","","","","","","","","","","","","","","","","","","","","","","","","",""
"ZCJPBWIF","journalArticle","2025","Ono, Yuri; Ishida, Atsushi","Competition and Investment Model of Wealth Distribution","arXiv preprint arXiv:2505.10818","","","","","","2025","2026-06-21 20:16:16","2026-06-21 20:16:16","","","","","","","","","","","","","","","","","","","","","","","","","","","","","","","","","","","","","","","","","","","","","","","","","","","","","","","","","","","","","","","","","","","","","","","","",""
"J67R5T6T","journalArticle","2025","Levy, Joseph S; Subak, Thomas F; Armstrong, Ian; King, Izzy; Kuang, Lingfeng; Kuentz, Lily; Gearon, James H; Naylor, Sophie; Rapoza, MC; Wang, Haobo","Martian Chaos terrain fracture geometry indicates drainage and compaction of laterally heterogeneous confined aquifers","Icarus","","","","","","2025","2026-06-21 20:16:16","2026-06-21 20:16:16","","116377","","","426","","","","","","","","Elsevier","","","","","","","","","","","","","","","","","","","","","","","","","","","","","","","","","","","","","","","","","","","","","","","","","","","","","","","","","","","",""
"CFEXPK48","journalArticle","2025","Levy, Joseph S; Subak, Thomas F; Armstrong, Ian; King, Izzy; Kuang, Lingfeng; Kuentz, Lily; Gearon, James H; Naylor, Sophie; Rapoza, MC; Wang, Haobo","Martian Chaos terrain fracture geometry indicates drainage and compaction of laterally heterogeneous confined aquifers","Icarus","","","","","","2025","2026-06-21 20:16:16","2026-06-21 20:16:16","","116377","","","426","","","","","","","","Elsevier","","","","","","","","","","","","","","","","","","","","","","","","","","","","","","","","","","","","","","","","","","","","","","","","","","","","","","","","","","","",""
"TUR98IUP","journalArticle","2025","Palavecino, Cintia C; Cuervo, Pablo F; Fantozzi, María C; Bontempi, Ivan A; Ruiz, Marcelo F; Marengo, Rafael E; Beldomenico, Pablo M; Racca, Andrea L","Environmental Challenges and Co-Infection Modulate Resistance and Tolerance Against Trypanosoma Cruzi and Trichinella Spiralis in Rats","Journal of Experimental Zoology Part A: Ecological and Integrative Physiology","","","","","","2025","2026-06-21 20:16:16","2026-06-21 20:16:16","","438–451","","3","343","","","","","","","","Wiley Online Library","","","","","","","","","","","","","","","","","","","","","","","","","","","","","","","","","","","","","","","","","","","","","","","","","","","","","","","","","","","",""
"PJ6DZM2B","journalArticle","2025","Palavecino, Cintia C; Cuervo, Pablo F; Fantozzi, María C; Bontempi, Ivan A; Ruiz, Marcelo F; Marengo, Rafael E; Beldomenico, Pablo M; Racca, Andrea L","Environmental Challenges and Co-Infection Modulate Resistance and Tolerance Against Trypanosoma Cruzi and Trichinella Spiralis in Rats","Journal of Experimental Zoology Part A: Ecological and Integrative Physiology","","","","","","2025","2026-06-21 20:16:16","2026-06-21 20:16:16","","438–451","","3","343","","","","","","","","Wiley Online Library","","","","","","","","","","","","","","","","","","","","","","","","","","","","","","","","","","","","","","","","","","","","","","","","","","","","","","","","","","","",""
"5WB7V39H","journalArticle","2025","Vojinović, Una; Schoenmakers, Tom; Deneer, Ruben; Leers, Mathie PG; Van Rosmalen, Frank; Gorissen, Stefan HM; Verboeket-van de Venne, Wilhelmine PHG; Van Mook, Walther NKA; Van Bussel, Bas CT; Savelkoul, Paul; others","Earlier de-isolation of SARS-CoV-2-infected ICU patients using a novel viability PCR: a prospective cohort study","Microbiology spectrum","","","","","","2025","2026-06-21 20:16:16","2026-06-21 20:16:16","","e01140–25","","1","14","","","","","","","","American Society for Microbiology 1752 N St., NW, Washington, DC","","","","","","","","","","","","","","","","","","","","","","","","","","","","","","","","","","","","","","","","","","","","","","","","","","","","","","","","","","","",""
"4QHGSH9D","journalArticle","2025","Vojinović, Una; Schoenmakers, Tom; Deneer, Ruben; Leers, Mathie PG; Van Rosmalen, Frank; Gorissen, Stefan HM; Verboeket-van de Venne, Wilhelmine PHG; Van Mook, Walther NKA; Van Bussel, Bas CT; Savelkoul, Paul; others","Earlier de-isolation of SARS-CoV-2-infected ICU patients using a novel viability PCR: a prospective cohort study","Microbiology spectrum","","","","","","2025","2026-06-21 20:16:16","2026-06-21 20:16:16","","e01140–25","","1","14","","","","","","","","American Society for Microbiology 1752 N St., NW, Washington, DC","","","","","","","","","","","","","","","","","","","","","","","","","","","","","","","","","","","","","","","","","","","","","","","","","","","","","","","","","","","",""
"HP36552V","journalArticle","2025","Vaca-Genuit, Raul A; Reyes-Hernández, Humberto","Análisis del peligro de sequía meteorológica y percepción social del fenómeno en las regiones Media y Huasteca Potosina, México","Investigaciones geográficas","","","","","","2025","2026-06-21 20:16:16","2026-06-21 20:16:16","","","","116","","","","","","","","","Instituto de Geografía, UNAM","","","","","","","","","","","","","","","","","","","","","","","","","","","","","","","","","","","","","","","","","","","","","","","","","","","","","","","","","","","",""
"2BRCCXRR","journalArticle","2025","Vaca-Genuit, Raul A; Reyes-Hernández, Humberto","Análisis del peligro de sequía meteorológica y percepción social del fenómeno en las regiones Media y Huasteca Potosina, México","Investigaciones geográficas","","","","","","2025","2026-06-21 20:16:16","2026-06-21 20:16:16","","","","116","","","","","","","","","Instituto de Geografía, UNAM","","","","","","","","","","","","","","","","","","","","","","","","","","","","","","","","","","","","","","","","","","","","","","","","","","","","","","","","","","","",""
"FS96PE5U","journalArticle","2025","Wolff, Jette; Fandos, Guillermo; Albert, Cécile H; Bocedi, Greta; Travis, Justin MJ; Zurell, Damaris","Landscape context drives within-species variation in dispersal kernels and limits transferability","bioRxiv","","","","","","2025","2026-06-21 20:16:16","2026-06-21 20:16:16","","2025–11","","","","","","","","","","","Cold Spring Harbor Laboratory","","","","","","","","","","","","","","","","","","","","","","","","","","","","","","","","","","","","","","","","","","","","","","","","","","","","","","","","","","","",""
"SQYEIBGP","journalArticle","2025","Wolff, Jette; Fandos, Guillermo; Albert, Cécile H; Bocedi, Greta; Travis, Justin MJ; Zurell, Damaris","Landscape context drives within-species variation in dispersal kernels and limits transferability","bioRxiv","","","","","","2025","2026-06-21 20:16:16","2026-06-21 20:16:16","","2025–11","","","","","","","","","","","Cold Spring Harbor Laboratory","","","","","","","","","","","","","","","","","","","","","","","","","","","","","","","","","","","","","","","","","","","","","","","","","","","","","","","","","","","",""
"767HZMDD","journalArticle","2025","Bester, Laura Catherine; Wege, Mia; Weldon, Christopher W; Pirk, Christian Walter Werner","The influence of sub-lethal neonicotinoid doses and ambient temperature on individual Apis mellifera scutellata flight efficiency","Journal of Apicultural Research","","","","","","2025","2026-06-21 20:16:16","2026-06-21 20:16:16","","242–253","","1","64","","","","","","","","Taylor & Francis","","","","","","","","","","","","","","","","","","","","","","","","","","","","","","","","","","","","","","","","","","","","","","","","","","","","","","","","","","","",""
"THVYWL42","journalArticle","2025","Bester, Laura Catherine; Wege, Mia; Weldon, Christopher W; Pirk, Christian Walter Werner","The influence of sub-lethal neonicotinoid doses and ambient temperature on individual Apis mellifera scutellata flight efficiency","Journal of Apicultural Research","","","","","","2025","2026-06-21 20:16:16","2026-06-21 20:16:16","","242–253","","1","64","","","","","","","","Taylor & Francis","","","","","","","","","","","","","","","","","","","","","","","","","","","","","","","","","","","","","","","","","","","","","","","","","","","","","","","","","","","",""
"RTVPAT9V","journalArticle","2025","De-Sousa, Karolini Tenffen; Miranda, Catiucia Oliveira; Negrao, Joao Alberto; Vercesi Filho, Aníbal Eugênio; Salles, Marcia Saladini Vieira; Simili, Flavia Fernanda; El Faro, Lenira","Effects of brushing dairy calves on behaviour, physiology and genes expression","Applied Animal Behaviour Science","","","","","","2025","2026-06-21 20:16:16","2026-06-21 20:16:16","","106456","","","282","","","","","","","","Elsevier","","","","","","","","","","","","","","","","","","","","","","","","","","","","","","","","","","","","","","","","","","","","","","","","","","","","","","","","","","","",""
"W4ED2NMJ","journalArticle","2025","De-Sousa, Karolini Tenffen; Miranda, Catiucia Oliveira; Negrao, Joao Alberto; Vercesi Filho, Aníbal Eugênio; Salles, Marcia Saladini Vieira; Simili, Flavia Fernanda; El Faro, Lenira","Effects of brushing dairy calves on behaviour, physiology and genes expression","Applied Animal Behaviour Science","","","","","","2025","2026-06-21 20:16:16","2026-06-21 20:16:16","","106456","","","282","","","","","","","","Elsevier","","","","","","","","","","","","","","","","","","","","","","","","","","","","","","","","","","","","","","","","","","","","","","","","","","","","","","","","","","","",""
"5RWYH97E","journalArticle","2025","Cobarrubia-Russo, Sergio; Briceno, Yurasi; Sanchez, Leonardo; Velasquez, Grisel; Thielen, Dirk; Quintero-Torres, Enrique; Molero-Lizarraga, Alimar; Rodriguez, Jon Paul","Overlap of predator foraging and fishing over a cyclical annual biomass source in the South Caribbean","Regional Studies in Marine Science","","","","","","2025","2026-06-21 20:16:16","2026-06-21 20:16:16","","103936","","","81","","","","","","","","Elsevier","","","","","","","","","","","","","","","","","","","","","","","","","","","","","","","","","","","","","","","","","","","","","","","","","","","","","","","","","","","",""
"N7776NKY","journalArticle","2025","Cobarrubia-Russo, Sergio; Briceno, Yurasi; Sanchez, Leonardo; Velasquez, Grisel; Thielen, Dirk; Quintero-Torres, Enrique; Molero-Lizarraga, Alimar; Rodriguez, Jon Paul","Overlap of predator foraging and fishing over a cyclical annual biomass source in the South Caribbean","Regional Studies in Marine Science","","","","","","2025","2026-06-21 20:16:16","2026-06-21 20:16:16","","103936","","","81","","","","","","","","Elsevier","","","","","","","","","","","","","","","","","","","","","","","","","","","","","","","","","","","","","","","","","","","","","","","","","","","","","","","","","","","",""
"VCQRZTZR","journalArticle","2025","Tramontana, Daniel; Franchini, Marcello; Giannerini, Sauro; Labate, Antonella; Cortesi, Claudio; Sorrenti, Michele","Common snipe (Gallinago gallinago) population trend using 12 years of data across different Italian regions","The Journal of Wildlife Management","","","","","","2025","2026-06-21 20:16:16","2026-06-21 20:16:16","","e22711","","3","89","","","","","","","","Wiley Online Library","","","","","","","","","","","","","","","","","","","","","","","","","","","","","","","","","","","","","","","","","","","","","","","","","","","","","","","","","","","",""
"CU4Q7AA5","journalArticle","2025","Tramontana, Daniel; Franchini, Marcello; Giannerini, Sauro; Labate, Antonella; Cortesi, Claudio; Sorrenti, Michele","Common snipe (Gallinago gallinago) population trend using 12 years of data across different Italian regions","The Journal of Wildlife Management","","","","","","2025","2026-06-21 20:16:16","2026-06-21 20:16:16","","e22711","","3","89","","","","","","","","Wiley Online Library","","","","","","","","","","","","","","","","","","","","","","","","","","","","","","","","","","","","","","","","","","","","","","","","","","","","","","","","","","","",""
"NSPHWPXM","thesis","2025","Leroy, Valentine","Analyse de l'impact des trackers biaxes sur la biodiversité en grandes cultures et en prairies","","","","","","","2025","2026-06-21 20:16:16","2026-06-21 20:16:16","","","","","","","","","","","","","Université de Picardie-Jules Verne","","","","PhD Thesis","","","","","","","","","","","","","","","","","","","","","","","","","","","","","","","","","","","","","","","","","","","","","","","","","","","","","","","",""
"WUJ63VS2","thesis","2025","Leroy, Valentine","Analyse de l'impact des trackers biaxes sur la biodiversité en grandes cultures et en prairies","","","","","","","2025","2026-06-21 20:16:16","2026-06-21 20:16:16","","","","","","","","","","","","","Université de Picardie-Jules Verne","","","","PhD Thesis","","","","","","","","","","","","","","","","","","","","","","","","","","","","","","","","","","","","","","","","","","","","","","","","","","","","","","","",""
"7EDUMS8A","journalArticle","2025","Besalú Mayol, Mireia; Langohr, Klaus; Francisco, Matilde; Garcia Fernández, Arnau; Gómez Melis, Guadalupe","R package GofCens: goodness-of-fit methods for right-censored data","R Journal","","","","","","2025","2026-06-21 20:16:16","2026-06-21 20:16:16","","100–124","","3","17","","","","","","","","","","","","","","","","","","","","","","","","","","","","","","","","","","","","","","","","","","","","","","","","","","","","","","","","","","","","","","","","","","","",""
"766QDBW7","journalArticle","2025","Besalú Mayol, Mireia; Langohr, Klaus; Francisco, Matilde; Garcia Fernández, Arnau; Gómez Melis, Guadalupe","R package GofCens: goodness-of-fit methods for right-censored data","R Journal","","","","","","2025","2026-06-21 20:16:16","2026-06-21 20:16:16","","100–124","","3","17","","","","","","","","","","","","","","","","","","","","","","","","","","","","","","","","","","","","","","","","","","","","","","","","","","","","","","","","","","","","","","","","","","","",""
"5E6MFC2D","conferencePaper","2025","Caeiro, Frederico; Cardoso, Rui MR; Mateus, Ayana","Lifetime distributions: A review","AIP Conference Proceedings","","","","","","2025","2026-06-21 20:16:16","2026-06-21 20:16:16","","","","1","3315","","","","","","","","AIP Publishing","","","","","","","","","","","","","","","","","","","","","","","","","","","","","","","","","","","","","","","","","","","","","","","","","","","","","","","","","","","",""
"GIPVRNJU","conferencePaper","2025","Caeiro, Frederico; Cardoso, Rui MR; Mateus, Ayana","Lifetime distributions: A review","AIP Conference Proceedings","","","","","","2025","2026-06-21 20:16:16","2026-06-21 20:16:16","","","","1","3315","","","","","","","","AIP Publishing","","","","","","","","","","","","","","","","","","","","","","","","","","","","","","","","","","","","","","","","","","","","","","","","","","","","","","","","","","","",""
"NQH8KE56","journalArticle","2025","Rivera-Ruiz, David Alfonso; Flores-Martínez, José Juan; Rosales, Carlos; Falcón, Luisa I; Solano de la Cruz, Marco Tulio; Herrera M, L Gerardo","Total immunoglobulin G variation through the phenological cycle of migrant and resident Long-nosed bats (Leptonycteris yerbabuenae) in the drylands of Mexico and its relationship with bacterial-killing ability of plasma","bioRxiv","","","","","","2025","2026-06-21 20:16:16","2026-06-21 20:16:16","","2025–06","","","","","","","","","","","Cold Spring Harbor Laboratory","","","","","","","","","","","","","","","","","","","","","","","","","","","","","","","","","","","","","","","","","","","","","","","","","","","","","","","","","","","",""
"9IAZEV66","journalArticle","2025","Rivera-Ruiz, David Alfonso; Flores-Martínez, José Juan; Rosales, Carlos; Falcón, Luisa I; Solano de la Cruz, Marco Tulio; Herrera M, L Gerardo","Total immunoglobulin G variation through the phenological cycle of migrant and resident Long-nosed bats (Leptonycteris yerbabuenae) in the drylands of Mexico and its relationship with bacterial-killing ability of plasma","bioRxiv","","","","","","2025","2026-06-21 20:16:16","2026-06-21 20:16:16","","2025–06","","","","","","","","","","","Cold Spring Harbor Laboratory","","","","","","","","","","","","","","","","","","","","","","","","","","","","","","","","","","","","","","","","","","","","","","","","","","","","","","","","","","","",""
"YZMD66GD","conferencePaper","2025","Leech, Sonya; Malone, David; Dunne, Jonathan","Lost In Rounding: How Small Data Adjustments Create Statistical Problems For MLE And MME","2025 35th Irish Signals and Systems Conference (ISSC)","","","","","","2025","2026-06-21 20:16:16","2026-06-21 20:16:16","","1–6","","","","","","","","","","","IEEE","","","","","","","","","","","","","","","","","","","","","","","","","","","","","","","","","","","","","","","","","","","","","","","","","","","","","","","","","","","",""
"GJUFG9TL","conferencePaper","2025","Leech, Sonya; Malone, David; Dunne, Jonathan","Lost In Rounding: How Small Data Adjustments Create Statistical Problems For MLE And MME","2025 35th Irish Signals and Systems Conference (ISSC)","","","","","","2025","2026-06-21 20:16:16","2026-06-21 20:16:16","","1–6","","","","","","","","","","","IEEE","","","","","","","","","","","","","","","","","","","","","","","","","","","","","","","","","","","","","","","","","","","","","","","","","","","","","","","","","","","",""
"9F752PX2","journalArticle","2025","Kiani, Nariman; Abubakar, Kabeer; Petanjek, Tin Luka; Esclapez, Monique; Ivanov, Anton; Bernard, Christophe","Dorso-Ventral and Night-Day Regulation of Extracellular K+ Dynamics in Mouse Hippocampal Astrocytes","bioRxiv","","","","","","2025","2026-06-21 20:16:16","2026-06-21 20:16:16","","2025–10","","","","","","","","","","","Cold Spring Harbor Laboratory","","","","","","","","","","","","","","","","","","","","","","","","","","","","","","","","","","","","","","","","","","","","","","","","","","","","","","","","","","","",""
"5KZ7PR59","journalArticle","2025","Kiani, Nariman; Abubakar, Kabeer; Petanjek, Tin Luka; Esclapez, Monique; Ivanov, Anton; Bernard, Christophe","Dorso-Ventral and Night-Day Regulation of Extracellular K+ Dynamics in Mouse Hippocampal Astrocytes","bioRxiv","","","","","","2025","2026-06-21 20:16:16","2026-06-21 20:16:16","","2025–10","","","","","","","","","","","Cold Spring Harbor Laboratory","","","","","","","","","","","","","","","","","","","","","","","","","","","","","","","","","","","","","","","","","","","","","","","","","","","","","","","","","","","",""
"QP7GAK7Z","journalArticle","2025","Pavón-Peláez, Camila; Martínez Villar, Mauro; Franco-Trecu, Valentina; Albo, Maria J","When all males cheat post-copulatory competition limits worthless gift-giving frequency in spiders","Evolutionary Ecology","","","","","","2025","2026-06-21 20:16:16","2026-06-21 20:16:16","","1–21","","1","39","","","","","","","","Springer","","","","","","","","","","","","","","","","","","","","","","","","","","","","","","","","","","","","","","","","","","","","","","","","","","","","","","","","","","","",""
"HL8A6QWX","journalArticle","2025","Pavón-Peláez, Camila; Martínez Villar, Mauro; Franco-Trecu, Valentina; Albo, Maria J","When all males cheat post-copulatory competition limits worthless gift-giving frequency in spiders","Evolutionary Ecology","","","","","","2025","2026-06-21 20:16:16","2026-06-21 20:16:16","","1–21","","1","39","","","","","","","","Springer","","","","","","","","","","","","","","","","","","","","","","","","","","","","","","","","","","","","","","","","","","","","","","","","","","","","","","","","","","","",""
"FKZYUL29","journalArticle","2025","Lee, Chun-Han; Tseng, Chih-Chen; Liu, Li-yu Daisy; Chen, Tsu-Wei","The Fallacy and Bias of Averages on Vegetation Indices based Plant Phenotyping","bioRxiv","","","","","","2025","2026-06-21 20:16:16","2026-06-21 20:16:16","","2025–10","","","","","","","","","","","Cold Spring Harbor Laboratory","","","","","","","","","","","","","","","","","","","","","","","","","","","","","","","","","","","","","","","","","","","","","","","","","","","","","","","","","","","",""
"HRY5NYUM","journalArticle","2025","Lee, Chun-Han; Tseng, Chih-Chen; Liu, Li-yu Daisy; Chen, Tsu-Wei","The Fallacy and Bias of Averages on Vegetation Indices based Plant Phenotyping","bioRxiv","","","","","","2025","2026-06-21 20:16:16","2026-06-21 20:16:16","","2025–10","","","","","","","","","","","Cold Spring Harbor Laboratory","","","","","","","","","","","","","","","","","","","","","","","","","","","","","","","","","","","","","","","","","","","","","","","","","","","","","","","","","","","",""
"WNX3M97X","thesis","2025","Blondiaux, Paul","Evaluation et incorporation de l'incertitude dans des modèles prédictifs des émissions de méthane entérique des ruminants","","","","","","","2025","2026-06-21 20:16:16","2026-06-21 20:16:16","","","","","","","","","","","","","Université Paris-Saclay","","","","PhD Thesis","","","","","","","","","","","","","","","","","","","","","","","","","","","","","","","","","","","","","","","","","","","","","","","","","","","","","","","",""
"S7MVHNU6","thesis","2025","Blondiaux, Paul","Evaluation et incorporation de l'incertitude dans des modèles prédictifs des émissions de méthane entérique des ruminants","","","","","","","2025","2026-06-21 20:16:16","2026-06-21 20:16:16","","","","","","","","","","","","","Université Paris-Saclay","","","","PhD Thesis","","","","","","","","","","","","","","","","","","","","","","","","","","","","","","","","","","","","","","","","","","","","","","","","","","","","","","","",""
"ACVY5QAY","journalArticle","2025","Borchers, Conrad","Toward Sufficient Statistical Power in Algorithmic Bias Assessment: A Test for ABROCA","arXiv preprint arXiv:2501.04683","","","","","","2025","2026-06-21 20:16:16","2026-06-21 20:16:16","","","","","","","","","","","","","","","","","","","","","","","","","","","","","","","","","","","","","","","","","","","","","","","","","","","","","","","","","","","","","","","","","","","","","","","","",""
"F2SSWGFS","journalArticle","2025","Borchers, Conrad","Toward Sufficient Statistical Power in Algorithmic Bias Assessment: A Test for ABROCA","arXiv preprint arXiv:2501.04683","","","","","","2025","2026-06-21 20:16:16","2026-06-21 20:16:16","","","","","","","","","","","","","","","","","","","","","","","","","","","","","","","","","","","","","","","","","","","","","","","","","","","","","","","","","","","","","","","","","","","","","","","","",""
"XF3IL785","book","2025","Rüther, Tom","Elektrochemische Charakterisierung und systemtechnische Diagnose von Lithium-Ionen-Batterien","","","","","","","2025","2026-06-21 20:16:16","2026-06-21 20:16:16","","","","","","","","","","","","","Universitaet Bayreuth (Germany)","","","","","","","","","","","","","","","","","","","","","","","","","","","","","","","","","","","","","","","","","","","","","","","","","","","","","","","","","","","",""
"Q4UGS7CQ","book","2025","Rüther, Tom","Elektrochemische Charakterisierung und systemtechnische Diagnose von Lithium-Ionen-Batterien","","","","","","","2025","2026-06-21 20:16:16","2026-06-21 20:16:16","","","","","","","","","","","","","Universitaet Bayreuth (Germany)","","","","","","","","","","","","","","","","","","","","","","","","","","","","","","","","","","","","","","","","","","","","","","","","","","","","","","","","","","","",""
"FEZY8Z6G","journalArticle","2025","Loughrey, Ciara; Carnielli, Juliana BT; Dey, Shoumit; Ashwin, Helen; James, Sally; Gilbert, Lesley; Donninger, Samantha; Droop, Alastair; Calder, Grant; Hogg, Karen; others","Bi-directional highways and super-seeder tissues underpin parasite dissemination in experimental visceral leishmaniasis.","bioRxiv","","","","","","2025","2026-06-21 20:16:16","2026-06-21 20:16:16","","2025–12","","","","","","","","","","","Cold Spring Harbor Laboratory","","","","","","","","","","","","","","","","","","","","","","","","","","","","","","","","","","","","","","","","","","","","","","","","","","","","","","","","","","","",""
"DCV83TEL","journalArticle","2025","Loughrey, Ciara; Carnielli, Juliana BT; Dey, Shoumit; Ashwin, Helen; James, Sally; Gilbert, Lesley; Donninger, Samantha; Droop, Alastair; Calder, Grant; Hogg, Karen; others","Bi-directional highways and super-seeder tissues underpin parasite dissemination in experimental visceral leishmaniasis.","bioRxiv","","","","","","2025","2026-06-21 20:16:16","2026-06-21 20:16:16","","2025–12","","","","","","","","","","","Cold Spring Harbor Laboratory","","","","","","","","","","","","","","","","","","","","","","","","","","","","","","","","","","","","","","","","","","","","","","","","","","","","","","","","","","","",""
"9YJMZVJG","journalArticle","2025","Ferreira, Tiago de Souza; Tetto, Alexandre França; Kovalsyki, Bruna; Santos, João Francisco Labres dos; Marcon, Amanda Köche; Batista, Antônio Carlos","Diversidade, estrutura e ecologia de uma comunidade arbóreo-arbustiva estabelecida em um ecótono campo-floresta excluído do fogo no sul do Brasil","Ciência Florestal","","","","","","2025","2026-06-21 20:16:16","2026-06-21 20:16:16","","e68951","","","35","","","","","","","","SciELO Brasil","","","","","","","","","","","","","","","","","","","","","","","","","","","","","","","","","","","","","","","","","","","","","","","","","","","","","","","","","","","",""
"UZ67HC5W","journalArticle","2025","Ferreira, Tiago de Souza; Tetto, Alexandre França; Kovalsyki, Bruna; Santos, João Francisco Labres dos; Marcon, Amanda Köche; Batista, Antônio Carlos","Diversidade, estrutura e ecologia de uma comunidade arbóreo-arbustiva estabelecida em um ecótono campo-floresta excluído do fogo no sul do Brasil","Ciência Florestal","","","","","","2025","2026-06-21 20:16:16","2026-06-21 20:16:16","","e68951","","","35","","","","","","","","SciELO Brasil","","","","","","","","","","","","","","","","","","","","","","","","","","","","","","","","","","","","","","","","","","","","","","","","","","","","","","","","","","","",""
"R4WGP2NL","journalArticle","2025","van Laar, Thirza W; Licón-Saláiz, José; Bechtold, Michel; Gutsch, Martin; Hattermann, Fred; Hoffman, Peter; Nieberg, Mats; Sakschewski, Boris; Treu, Simon; Volkholz, Jan; others","Attributing extreme forest drought stress to climate change and effects of converting forests in Germany","","","","","","","2025","2026-06-21 20:16:16","2026-06-21 20:16:16","","","","","","","","","","","","","","","","","","","","","","","","","","","","","","","","","","","","","","","","","","","","","","","","","","","","","","","","","","","","","","","","","","","","","","","","",""
"5RRFAMVA","journalArticle","2025","van Laar, Thirza W; Licón-Saláiz, José; Bechtold, Michel; Gutsch, Martin; Hattermann, Fred; Hoffman, Peter; Nieberg, Mats; Sakschewski, Boris; Treu, Simon; Volkholz, Jan; others","Attributing extreme forest drought stress to climate change and effects of converting forests in Germany","","","","","","","2025","2026-06-21 20:16:16","2026-06-21 20:16:16","","","","","","","","","","","","","","","","","","","","","","","","","","","","","","","","","","","","","","","","","","","","","","","","","","","","","","","","","","","","","","","","","","","","","","","","",""
"L8N37NPB","journalArticle","2025","Castellano Bueno, Janire; Paraskevopoulou, Alexandra; Miller, Christopher W; Petkov, Christopher I; Schmid, Michael C; Thiele, Alexander; Bateson, Melissa; Poirier, Colline","Effect of fluid control on the affective state of laboratory macaques","bioRxiv","","","","","","2025","2026-06-21 20:16:16","2026-06-21 20:16:16","","2025–10","","","","","","","","","","","Cold Spring Harbor Laboratory","","","","","","","","","","","","","","","","","","","","","","","","","","","","","","","","","","","","","","","","","","","","","","","","","","","","","","","","","","","",""
"BTML4H7M","journalArticle","2025","Castellano Bueno, Janire; Paraskevopoulou, Alexandra; Miller, Christopher W; Petkov, Christopher I; Schmid, Michael C; Thiele, Alexander; Bateson, Melissa; Poirier, Colline","Effect of fluid control on the affective state of laboratory macaques","bioRxiv","","","","","","2025","2026-06-21 20:16:16","2026-06-21 20:16:16","","2025–10","","","","","","","","","","","Cold Spring Harbor Laboratory","","","","","","","","","","","","","","","","","","","","","","","","","","","","","","","","","","","","","","","","","","","","","","","","","","","","","","","","","","","",""
"7QE2ZW93","journalArticle","2025","Bradford, John C; Robinson, Jennifer L","Endogenous Estrogen-Mimetic Compounds in Cell Culture Media Influence Human Mesenchymal Stromal Cell (hMSC) Processes and Differentiation in a Sex-Biased Manner","bioRxiv","","","","","","2025","2026-06-21 20:16:16","2026-06-21 20:16:16","","2025–05","","","","","","","","","","","Cold Spring Harbor Laboratory","","","","","","","","","","","","","","","","","","","","","","","","","","","","","","","","","","","","","","","","","","","","","","","","","","","","","","","","","","","",""
"6TT5UCGX","journalArticle","2025","Bradford, John C; Robinson, Jennifer L","Endogenous Estrogen-Mimetic Compounds in Cell Culture Media Influence Human Mesenchymal Stromal Cell (hMSC) Processes and Differentiation in a Sex-Biased Manner","bioRxiv","","","","","","2025","2026-06-21 20:16:16","2026-06-21 20:16:16","","2025–05","","","","","","","","","","","Cold Spring Harbor Laboratory","","","","","","","","","","","","","","","","","","","","","","","","","","","","","","","","","","","","","","","","","","","","","","","","","","","","","","","","","","","",""
"EJX6ACGG","journalArticle","2025","Chappa, Merbelita Yalta; Angeles, Wildor Gosgot; Quispe-Sanchez, Luz; Servan, Diana Carina Mori; Gomez, Homar Santillan; Oliva-Cruz, Manuel; Gurbillón, Miguel Ángel Barrena","Journal of Agriculture and Food Research","Journal of Agriculture and Food Research","","","","","","2025","2026-06-21 20:16:16","2026-06-21 20:16:16","","101696","","","19","","","","","","","","","","","","","","","","","","","","","","","","","","","","","","","","","","","","","","","","","","","","","","","","","","","","","","","","","","","","","","","","","","","",""
"YY7Y2VX2","journalArticle","2025","Chappa, Merbelita Yalta; Angeles, Wildor Gosgot; Quispe-Sanchez, Luz; Servan, Diana Carina Mori; Gomez, Homar Santillan; Oliva-Cruz, Manuel; Gurbillón, Miguel Ángel Barrena","Journal of Agriculture and Food Research","Journal of Agriculture and Food Research","","","","","","2025","2026-06-21 20:16:16","2026-06-21 20:16:16","","101696","","","19","","","","","","","","","","","","","","","","","","","","","","","","","","","","","","","","","","","","","","","","","","","","","","","","","","","","","","","","","","","","","","","","","","","",""
"TRCI7V7H","document","2025","Kérébel, Adrien; Sackur, Jérôme","Dynamics of the Stream of Thought: Insights from an Accumulation-to-Threshold Model","","","","","","","2025","2026-06-21 20:16:16","2026-06-21 20:16:16","","","","","","","","","","","","","OSF","","","","","","","","","","","","","","","","","","","","","","","","","","","","","","","","","","","","","","","","","","","","","","","","","","","","","","","","","","","",""
"3H7X22VN","document","2025","Kérébel, Adrien; Sackur, Jérôme","Dynamics of the Stream of Thought: Insights from an Accumulation-to-Threshold Model","","","","","","","2025","2026-06-21 20:16:16","2026-06-21 20:16:16","","","","","","","","","","","","","OSF","","","","","","","","","","","","","","","","","","","","","","","","","","","","","","","","","","","","","","","","","","","","","","","","","","","","","","","","","","","",""
"TLBEW8QN","journalArticle","2025","Bénard, Annaëlle; Lengagne, Thierry","Experimental and Simulated Approaches to Roadkill Persistence: Implications for Road Mortality Assessment","bioRxiv","","","","","","2025","2026-06-21 20:16:16","2026-06-21 20:16:16","","2025–07","","","","","","","","","","","Cold Spring Harbor Laboratory","","","","","","","","","","","","","","","","","","","","","","","","","","","","","","","","","","","","","","","","","","","","","","","","","","","","","","","","","","","",""
"6H9NC7LY","journalArticle","2025","Bénard, Annaëlle; Lengagne, Thierry","Experimental and Simulated Approaches to Roadkill Persistence: Implications for Road Mortality Assessment","bioRxiv","","","","","","2025","2026-06-21 20:16:16","2026-06-21 20:16:16","","2025–07","","","","","","","","","","","Cold Spring Harbor Laboratory","","","","","","","","","","","","","","","","","","","","","","","","","","","","","","","","","","","","","","","","","","","","","","","","","","","","","","","","","","","",""
"JLKZELY5","journalArticle","2025","Camilleri, Stephen","`Happy Children'A project that has the aim of developing emotional literacy and conflict resolution skills. A Maltese Case Study","Pastoral Care in Education","","","","","","2025","2026-06-21 20:16:16","2026-06-21 20:16:16","","","","","","","","","","","","","","","","","","","","","","","","","","","","","","","","","","","","","","","","","","","","","","","","","","","","","","","","","","","","","","","","","","","","","","","","",""
"QDMPNBTG","journalArticle","2025","Camilleri, Stephen","`Happy Children'A project that has the aim of developing emotional literacy and conflict resolution skills. A Maltese Case Study","Pastoral Care in Education","","","","","","2025","2026-06-21 20:16:16","2026-06-21 20:16:16","","","","","","","","","","","","","","","","","","","","","","","","","","","","","","","","","","","","","","","","","","","","","","","","","","","","","","","","","","","","","","","","","","","","","","","","",""
"XEUJLGIB","journalArticle","2025","Ferreira, Tiago de Souza; Tetto, Alexandre França; Kovalsyki, Bruna; Santos, João Francisco Labres dos; Marcon, Amanda Köche; Batista, Antônio Carlos","Diversity, structure and ecology of a tree-shrub community established in a fire-excluded forest-grassland ecotone in southern Brazil","Ciência Florestal","","","","","","2025","2026-06-21 20:16:16","2026-06-21 20:16:16","","e68951","","","35","","","","","","","","SciELO Brasil","","","","","","","","","","","","","","","","","","","","","","","","","","","","","","","","","","","","","","","","","","","","","","","","","","","","","","","","","","","",""
"CJL3EWII","journalArticle","2025","Ferreira, Tiago de Souza; Tetto, Alexandre França; Kovalsyki, Bruna; Santos, João Francisco Labres dos; Marcon, Amanda Köche; Batista, Antônio Carlos","Diversity, structure and ecology of a tree-shrub community established in a fire-excluded forest-grassland ecotone in southern Brazil","Ciência Florestal","","","","","","2025","2026-06-21 20:16:16","2026-06-21 20:16:16","","e68951","","","35","","","","","","","","SciELO Brasil","","","","","","","","","","","","","","","","","","","","","","","","","","","","","","","","","","","","","","","","","","","","","","","","","","","","","","","","","","","",""
"VS2FQJ2J","thesis","2025","Fordyce, Alexander John","Toward a framework for predicting structural decay on coral reefs following extreme marine heatwaves","","","","","","","2025","2026-06-21 20:16:16","2026-06-21 20:16:16","","","","","","","","","","","","","Open Research Newcastle","","","","PhD Thesis","","","","","","","","","","","","","","","","","","","","","","","","","","","","","","","","","","","","","","","","","","","","","","","","","","","","","","","",""
"ZCQX8JPI","thesis","2025","Fordyce, Alexander John","Toward a framework for predicting structural decay on coral reefs following extreme marine heatwaves","","","","","","","2025","2026-06-21 20:16:16","2026-06-21 20:16:16","","","","","","","","","","","","","Open Research Newcastle","","","","PhD Thesis","","","","","","","","","","","","","","","","","","","","","","","","","","","","","","","","","","","","","","","","","","","","","","","","","","","","","","","",""
"QSW4ZYSG","journalArticle","2025","Worley, Jeremy; Noh, Heeju; You, Daoqi; Turunen, Mikko M; Ding, Hongxu; Paull, Evan; Griffin, Aaron T; Grunn, Adina; Zhang, Mingxuan; Guillan, Kristina; others","Identification and pharmacological targeting of treatment-resistant, stem-like breast cancer cells for combination therapy","bioRxiv","","","","","","2025","2026-06-21 20:16:16","2026-06-21 20:16:16","","2023–11","","","","","","","","","","","","","","","","","","","","","","","","","","","","","","","","","","","","","","","","","","","","","","","","","","","","","","","","","","","","","","","","","","","","","","",""
"JMZQ76E4","journalArticle","2025","Worley, Jeremy; Noh, Heeju; You, Daoqi; Turunen, Mikko M; Ding, Hongxu; Paull, Evan; Griffin, Aaron T; Grunn, Adina; Zhang, Mingxuan; Guillan, Kristina; others","Identification and pharmacological targeting of treatment-resistant, stem-like breast cancer cells for combination therapy","bioRxiv","","","","","","2025","2026-06-21 20:16:16","2026-06-21 20:16:16","","2023–11","","","","","","","","","","","","","","","","","","","","","","","","","","","","","","","","","","","","","","","","","","","","","","","","","","","","","","","","","","","","","","","","","","","","","","",""
"HDYH3LAS","journalArticle","2025","Alrefae, Mr Tarek","Predicting the spatio-temporal reproductive potential of Aedes aegypti","International Journal of Infectious Diseases","","","","","","2025","2026-06-21 20:16:16","2026-06-21 20:16:16","","107695","","","152","","","","","","","","Elsevier","","","","","","","","","","","","","","","","","","","","","","","","","","","","","","","","","","","","","","","","","","","","","","","","","","","","","","","","","","","",""
"R7PMKAFD","journalArticle","2025","Alrefae, Mr Tarek","Predicting the spatio-temporal reproductive potential of Aedes aegypti","International Journal of Infectious Diseases","","","","","","2025","2026-06-21 20:16:16","2026-06-21 20:16:16","","107695","","","152","","","","","","","","Elsevier","","","","","","","","","","","","","","","","","","","","","","","","","","","","","","","","","","","","","","","","","","","","","","","","","","","","","","","","","","","",""
"27ZCRGG8","journalArticle","2025","Rakitzis, Athanasios C","On The Performance of a Two-Sided Shewhart Chart for Continuous Proportions with Estimated Parameters","arXiv preprint arXiv:2502.02296","","","","","","2025","2026-06-21 20:16:16","2026-06-21 20:16:16","","","","","","","","","","","","","","","","","","","","","","","","","","","","","","","","","","","","","","","","","","","","","","","","","","","","","","","","","","","","","","","","","","","","","","","","",""
"6283DH5D","journalArticle","2025","Rakitzis, Athanasios C","On The Performance of a Two-Sided Shewhart Chart for Continuous Proportions with Estimated Parameters","arXiv preprint arXiv:2502.02296","","","","","","2025","2026-06-21 20:16:16","2026-06-21 20:16:16","","","","","","","","","","","","","","","","","","","","","","","","","","","","","","","","","","","","","","","","","","","","","","","","","","","","","","","","","","","","","","","","","","","","","","","","",""
"CNBBYZJT","journalArticle","2025","Vaca-Genuit, Raul A; Reyes-Hernández, Humberto","Analysis of the meteorological risk of drought and the social perception of the phenomenon in the Media and Huasteca Potosina regions of Mexico","Investigaciones geográficas","","","","","","2025","2026-06-21 20:16:16","2026-06-21 20:16:16","","","","116","","","","","","","","","","","","","","","","","","","","","","","","","","","","","","","","","","","","","","","","","","","","","","","","","","","","","","","","","","","","","","","","","","","","",""
"BURHXJPY","journalArticle","2025","Vaca-Genuit, Raul A; Reyes-Hernández, Humberto","Analysis of the meteorological risk of drought and the social perception of the phenomenon in the Media and Huasteca Potosina regions of Mexico","Investigaciones geográficas","","","","","","2025","2026-06-21 20:16:16","2026-06-21 20:16:16","","","","116","","","","","","","","","","","","","","","","","","","","","","","","","","","","","","","","","","","","","","","","","","","","","","","","","","","","","","","","","","","","","","","","","","","","",""
"BANN6LV6","journalArticle","2025","Umbra, Robin; Fasbender, Ulrike","The daily relations between","","","","","","","2025","2026-06-21 20:16:16","2026-06-21 20:16:16","","","","","","","","","","","","","","","","","","","","","","","","","","","","","","","","","","","","","","","","","","","","","","","","","","","","","","","","","","","","","","","","","","","","","","","","",""
"Z5EJXHS4","journalArticle","2025","Umbra, Robin; Fasbender, Ulrike","The daily relations between","","","","","","","2025","2026-06-21 20:16:16","2026-06-21 20:16:16","","","","","","","","","","","","","","","","","","","","","","","","","","","","","","","","","","","","","","","","","","","","","","","","","","","","","","","","","","","","","","","","","","","","","","","","",""
"2KZUCP9M","journalArticle","2025","Chalkowski, Kayleigh; Sack, Alexandra; Wittemyer, George; Miller, Ryan S; Boughton, Raoul K; Raymond, William S; Snow, Nathan P; Beasley, Jim C; Ditchkoff, Stephen S; Evans, Tyler S; others","Predicting animal movement across the species range for landscape-scale applications","bioRxiv","","","","","","2025","2026-06-21 20:16:16","2026-06-21 20:16:16","","2025–06","","","","","","","","","","","Cold Spring Harbor Laboratory","","","","","","","","","","","","","","","","","","","","","","","","","","","","","","","","","","","","","","","","","","","","","","","","","","","","","","","","","","","",""
"4FXXJY9V","journalArticle","2025","Chalkowski, Kayleigh; Sack, Alexandra; Wittemyer, George; Miller, Ryan S; Boughton, Raoul K; Raymond, William S; Snow, Nathan P; Beasley, Jim C; Ditchkoff, Stephen S; Evans, Tyler S; others","Predicting animal movement across the species range for landscape-scale applications","bioRxiv","","","","","","2025","2026-06-21 20:16:16","2026-06-21 20:16:16","","2025–06","","","","","","","","","","","Cold Spring Harbor Laboratory","","","","","","","","","","","","","","","","","","","","","","","","","","","","","","","","","","","","","","","","","","","","","","","","","","","","","","","","","","","",""
"LFP4YP5R","book","2025","Harbicht, Andrew; Asselin, Natalie C; Aubry, Éliane; Akaishi, Fabiola","Southern Gulf of St. Lawrence Atlantic Rock Crab (Cancer Irroratus) Stock Review to 2023","","","","","","","2025","2026-06-21 20:16:16","2026-06-21 20:16:16","","","","","","","","","","","","","Canadian Science Advisory Secretariat (CSAS)","","","","","","","","","","","","","","","","","","","","","","","","","","","","","","","","","","","","","","","","","","","","","","","","","","","","","","","","","","","",""
"H3V2Y7F2","book","2025","Harbicht, Andrew; Asselin, Natalie C; Aubry, Éliane; Akaishi, Fabiola","Southern Gulf of St. Lawrence Atlantic Rock Crab (Cancer Irroratus) Stock Review to 2023","","","","","","","2025","2026-06-21 20:16:16","2026-06-21 20:16:16","","","","","","","","","","","","","Canadian Science Advisory Secretariat (CSAS)","","","","","","","","","","","","","","","","","","","","","","","","","","","","","","","","","","","","","","","","","","","","","","","","","","","","","","","","","","","",""
"N5IAKRLM","journalArticle","2025","Vila, Roberto; Saulo, Helton","Unbiased estimation in new Gini index extensions under gamma distributions","arXiv preprint arXiv:2506.00666","","","","","","2025","2026-06-21 20:16:16","2026-06-21 20:16:16","","","","","","","","","","","","","","","","","","","","","","","","","","","","","","","","","","","","","","","","","","","","","","","","","","","","","","","","","","","","","","","","","","","","","","","","",""
"JCJ78R48","journalArticle","2025","Vila, Roberto; Saulo, Helton","Unbiased estimation in new Gini index extensions under gamma distributions","arXiv preprint arXiv:2506.00666","","","","","","2025","2026-06-21 20:16:16","2026-06-21 20:16:16","","","","","","","","","","","","","","","","","","","","","","","","","","","","","","","","","","","","","","","","","","","","","","","","","","","","","","","","","","","","","","","","","","","","","","","","",""
"6JSY5QFF","journalArticle","2025","Daeschel, Devin; Chen, Long; Zoellner, Claire; Snyder, Abigail B","A simulation model to quantify the efficacy of dry cleaning interventions on a contaminated milk powder line","Applied and Environmental Microbiology","","","","","","2025","2026-06-21 20:16:16","2026-06-21 20:16:16","","e02086–24","","5","91","","","","","","","","American Society for Microbiology 1752 N St., NW, Washington, DC","","","","","","","","","","","","","","","","","","","","","","","","","","","","","","","","","","","","","","","","","","","","","","","","","","","","","","","","","","","",""
"Q5FL3NCR","journalArticle","2025","Daeschel, Devin; Chen, Long; Zoellner, Claire; Snyder, Abigail B","A simulation model to quantify the efficacy of dry cleaning interventions on a contaminated milk powder line","Applied and Environmental Microbiology","","","","","","2025","2026-06-21 20:16:16","2026-06-21 20:16:16","","e02086–24","","5","91","","","","","","","","American Society for Microbiology 1752 N St., NW, Washington, DC","","","","","","","","","","","","","","","","","","","","","","","","","","","","","","","","","","","","","","","","","","","","","","","","","","","","","","","","","","","",""
"HT4NT84B","journalArticle","2025","Hurtado-Beltran, Antonio; Pérez-Cruz, José R; Madrigal-Arteaga, Víctor M","Impact of stochastic vehicle generation on traffic microsimulation model output","SIMULATION","","","","","","2025","2026-06-21 20:16:16","2026-06-21 20:16:16","","87–100","","1","101","","","","","","","","Sage Publications Sage UK: London, England","","","","","","","","","","","","","","","","","","","","","","","","","","","","","","","","","","","","","","","","","","","","","","","","","","","","","","","","","","","",""
"6JA6T6BR","journalArticle","2025","Hurtado-Beltran, Antonio; Pérez-Cruz, José R; Madrigal-Arteaga, Víctor M","Impact of stochastic vehicle generation on traffic microsimulation model output","SIMULATION","","","","","","2025","2026-06-21 20:16:16","2026-06-21 20:16:16","","87–100","","1","101","","","","","","","","Sage Publications Sage UK: London, England","","","","","","","","","","","","","","","","","","","","","","","","","","","","","","","","","","","","","","","","","","","","","","","","","","","","","","","","","","","",""
"EKLLYSQ6","journalArticle","2025","Ferguson, Elaine A; Lugelo, Ahmed; Czupryna, Anna; Anderson, Danni; Lankester, Felix; Sikana, Lwitiko; Dushoff, Jonathan; Hampson, Katie","Reducing spatial heterogeneity in coverage improves the effectiveness of dog vaccination campaigns against rabies","bioRxiv","","","","","","2025","2026-06-21 20:16:16","2026-06-21 20:16:16","","2024–10","","","","","","","","","","","","","","","","","","","","","","","","","","","","","","","","","","","","","","","","","","","","","","","","","","","","","","","","","","","","","","","","","","","","","","",""
"LWAUT6JM","journalArticle","2025","Ferguson, Elaine A; Lugelo, Ahmed; Czupryna, Anna; Anderson, Danni; Lankester, Felix; Sikana, Lwitiko; Dushoff, Jonathan; Hampson, Katie","Reducing spatial heterogeneity in coverage improves the effectiveness of dog vaccination campaigns against rabies","bioRxiv","","","","","","2025","2026-06-21 20:16:16","2026-06-21 20:16:16","","2024–10","","","","","","","","","","","","","","","","","","","","","","","","","","","","","","","","","","","","","","","","","","","","","","","","","","","","","","","","","","","","","","","","","","","","","","",""
"E8PUT74H","journalArticle","2025","Litovchenko, Daria; Matveev, Sergey; Mironenko, Alexey; Popova, Anna; Krutovsky, Konstantin","Species Composition of Phytocenoses, Structure, Viability, and Carbon Content of the Modal 120–140-Year-Old Pine Forest Stands in the East European Forest-Steppe","","","","","","","2025","2026-06-21 20:16:16","2026-06-21 20:16:16","","","","","","","","","","","","","Preprints","","","","","","","","","","","","","","","","","","","","","","","","","","","","","","","","","","","","","","","","","","","","","","","","","","","","","","","","","","","",""
"9C47VLW4","journalArticle","2025","Litovchenko, Daria; Matveev, Sergey; Mironenko, Alexey; Popova, Anna; Krutovsky, Konstantin","Species Composition of Phytocenoses, Structure, Viability, and Carbon Content of the Modal 120–140-Year-Old Pine Forest Stands in the East European Forest-Steppe","","","","","","","2025","2026-06-21 20:16:16","2026-06-21 20:16:16","","","","","","","","","","","","","Preprints","","","","","","","","","","","","","","","","","","","","","","","","","","","","","","","","","","","","","","","","","","","","","","","","","","","","","","","","","","","",""
"4GW22E44","journalArticle","2025","Donhauser, Jonathan; Han, Xingguo; Doménech-Pascual, Anna; Jordaan, Karen; Casas-Ruiz, Joan; Ramond, Jean-Baptiste; Romaní, Anna; Frossard, Aline; Priemé, Anders","Cross-continental soil prokaryotic phenotypic traits driven by precipitation regime and land cover","","","","","","","2025","2026-06-21 20:16:16","2026-06-21 20:16:16","","","","","","","","","","","","","","","","","","","","","","","","","","","","","","","","","","","","","","","","","","","","","","","","","","","","","","","","","","","","","","","","","","","","","","","","",""
"YU584SL4","journalArticle","2025","Donhauser, Jonathan; Han, Xingguo; Doménech-Pascual, Anna; Jordaan, Karen; Casas-Ruiz, Joan; Ramond, Jean-Baptiste; Romaní, Anna; Frossard, Aline; Priemé, Anders","Cross-continental soil prokaryotic phenotypic traits driven by precipitation regime and land cover","","","","","","","2025","2026-06-21 20:16:17","2026-06-21 20:16:17","","","","","","","","","","","","","","","","","","","","","","","","","","","","","","","","","","","","","","","","","","","","","","","","","","","","","","","","","","","","","","","","","","","","","","","","",""
"K2NKKRHM","thesis","2025","Doraisami, Mahendra","Variation in wood carbon concentrations as a driver of forest carbon storage across spatial and biological scales.","","","","","","","2025","2026-06-21 20:16:17","2026-06-21 20:16:17","","","","","","","","","","","","","","","","","PhD Thesis","","","","","","","","","","","","","","","","","","","","","","","","","","","","","","","","","","","","","","","","","","","","","","","","","","","","","","","",""
"EC694C4A","thesis","2025","Doraisami, Mahendra","Variation in wood carbon concentrations as a driver of forest carbon storage across spatial and biological scales.","","","","","","","2025","2026-06-21 20:16:17","2026-06-21 20:16:17","","","","","","","","","","","","","","","","","PhD Thesis","","","","","","","","","","","","","","","","","","","","","","","","","","","","","","","","","","","","","","","","","","","","","","","","","","","","","","","",""
"DEJ56QJP","journalArticle","2025","Saha, Mahendra; Pareek, Pratibha; Devi, Anju; Yadav, Abhimanyu S","PARAMETRIC ESTIMATION OF THE PROCESS CAPABILITY INDEX S”pk AND ITS APPLICATION TO ELECTRONIC INDUSTRIES","Reliability: Theory & Applications","","","","","","2025","2026-06-21 20:16:17","2026-06-21 20:16:17","","931–947","","4 (89)","20","","","","","","","","Интернет-сообщество Gnedenko Forum","","","","","","","","","","","","","","","","","","","","","","","","","","","","","","","","","","","","","","","","","","","","","","","","","","","","","","","","","","","",""
"LJJDRR4P","journalArticle","2025","Saha, Mahendra; Pareek, Pratibha; Devi, Anju; Yadav, Abhimanyu S","PARAMETRIC ESTIMATION OF THE PROCESS CAPABILITY INDEX S”pk AND ITS APPLICATION TO ELECTRONIC INDUSTRIES","Reliability: Theory & Applications","","","","","","2025","2026-06-21 20:16:17","2026-06-21 20:16:17","","931–947","","4 (89)","20","","","","","","","","Интернет-сообщество Gnedenko Forum","","","","","","","","","","","","","","","","","","","","","","","","","","","","","","","","","","","","","","","","","","","","","","","","","","","","","","","","","","","",""
"22T9B5R7","journalArticle","2025","Ramadhanti, Byan Aristia; Putro, Utomo Sarjono","Analytic Hierarchy Process-Based Decision Making for Selecting Yearly Vaccine Production Capacity Under Demand Uncertainty","European Journal of Business and Management Research","","","","","","2025","2026-06-21 20:16:17","2026-06-21 20:16:17","","103–111","","4","10","","","","","","","","","","","","","","","","","","","","","","","","","","","","","","","","","","","","","","","","","","","","","","","","","","","","","","","","","","","","","","","","","","","",""
"WD8P926Y","journalArticle","2025","Ramadhanti, Byan Aristia; Putro, Utomo Sarjono","Analytic Hierarchy Process-Based Decision Making for Selecting Yearly Vaccine Production Capacity Under Demand Uncertainty","European Journal of Business and Management Research","","","","","","2025","2026-06-21 20:16:17","2026-06-21 20:16:17","","103–111","","4","10","","","","","","","","","","","","","","","","","","","","","","","","","","","","","","","","","","","","","","","","","","","","","","","","","","","","","","","","","","","","","","","","","","","",""
"79AXLUB9","journalArticle","2025","Elamir, Elsayed AH","Data Analytics and Distribution Function Estimation via Mean Absolute Deviation: Nonparametric Approach","REVSTAT-Statistical Journal","","","","","","2025","2026-06-21 20:16:17","2026-06-21 20:16:17","","79–100","","1","23","","","","","","","","","","","","","","","","","","","","","","","","","","","","","","","","","","","","","","","","","","","","","","","","","","","","","","","","","","","","","","","","","","","",""
"2ALJJQL7","journalArticle","2025","Elamir, Elsayed AH","Data Analytics and Distribution Function Estimation via Mean Absolute Deviation: Nonparametric Approach","REVSTAT-Statistical Journal","","","","","","2025","2026-06-21 20:16:17","2026-06-21 20:16:17","","79–100","","1","23","","","","","","","","","","","","","","","","","","","","","","","","","","","","","","","","","","","","","","","","","","","","","","","","","","","","","","","","","","","","","","","","","","","",""
"KCQ8SQLL","journalArticle","2025","Yang, Jing; Cuenca-Cambronero, Maria; Lemmens, Pieter; Beklioğlu, Meryem; Biggs, Jeremy; Boissezon, Aurélie; Boix, Dani; Colina, Maite; Davidson, Thomas A; De Meester, Luc; others","Why ponds concentrate nutrients: the roles of internal features, land use, and climate","","","","","","","2025","2026-06-21 20:16:17","2026-06-21 20:16:17","","","","","","","","","","","","","","","","","","","","","","","","","","","","","","","","","","","","","","","","","","","","","","","","","","","","","","","","","","","","","","","","","","","","","","","","",""
"Y9ZP7F43","journalArticle","2025","Yang, Jing; Cuenca-Cambronero, Maria; Lemmens, Pieter; Beklioğlu, Meryem; Biggs, Jeremy; Boissezon, Aurélie; Boix, Dani; Colina, Maite; Davidson, Thomas A; De Meester, Luc; others","Why ponds concentrate nutrients: the roles of internal features, land use, and climate","","","","","","","2025","2026-06-21 20:16:17","2026-06-21 20:16:17","","","","","","","","","","","","","","","","","","","","","","","","","","","","","","","","","","","","","","","","","","","","","","","","","","","","","","","","","","","","","","","","","","","","","","","","",""
"I57GB6M8","report","2025","Camarena, José Andrée; Medina, Juan Pablo; Riera-Crichton, Daniel; Vegh, Carlos A; Vuletin, Guillermo","We Are Not in a Gaussian World Anymore: Implications for the Composition of Official Foreign Assets","","","","","","","2025","2026-06-21 20:16:17","2026-06-21 20:16:17","","","","","","","","","","","","","National Bureau of Economic Research","","","","","","","","","","","","","","","","","","","","","","","","","","","","","","","","","","","","","","","","","","","","","","","","","","","","","","","","","","","",""
"R7FISBUI","report","2025","Camarena, José Andrée; Medina, Juan Pablo; Riera-Crichton, Daniel; Vegh, Carlos A; Vuletin, Guillermo","We Are Not in a Gaussian World Anymore: Implications for the Composition of Official Foreign Assets","","","","","","","2025","2026-06-21 20:16:17","2026-06-21 20:16:17","","","","","","","","","","","","","National Bureau of Economic Research","","","","","","","","","","","","","","","","","","","","","","","","","","","","","","","","","","","","","","","","","","","","","","","","","","","","","","","","","","","",""
"VWI8V246","journalArticle","2025","Grampp, Mathilde Léa","Social complexity shapes signal production and complexity in wild chimpanzees and sooty mangabeys","","","","","","","2025","2026-06-21 20:16:17","2026-06-21 20:16:17","","","","","","","","","","","","","","","","","","","","","","","","","","","","","","","","","","","","","","","","","","","","","","","","","","","","","","","","","","","","","","","","","","","","","","","","",""
"ZSYYM8JT","journalArticle","2025","Grampp, Mathilde Léa","Social complexity shapes signal production and complexity in wild chimpanzees and sooty mangabeys","","","","","","","2025","2026-06-21 20:16:17","2026-06-21 20:16:17","","","","","","","","","","","","","","","","","","","","","","","","","","","","","","","","","","","","","","","","","","","","","","","","","","","","","","","","","","","","","","","","","","","","","","","","",""
"DPGMG2N5","bookSection","2025","Ivanov, Dmitry; Millhiser, William P; Nguyen, Phu","Computer Simulation: General Methodologies","Introduction to Operations and Supply Chain Simulation with AnyLogic","","","","","","2025","2026-06-21 20:16:17","2026-06-21 20:16:17","","1–25","","","","","","","","","","","Springer","","","","","","","","","","","","","","","","","","","","","","","","","","","","","","","","","","","","","","","","","","","","","","","","","","","","","","","","","","","",""
"Y27GQGFR","bookSection","2025","Ivanov, Dmitry; Millhiser, William P; Nguyen, Phu","Computer Simulation: General Methodologies","Introduction to Operations and Supply Chain Simulation with AnyLogic","","","","","","2025","2026-06-21 20:16:17","2026-06-21 20:16:17","","1–25","","","","","","","","","","","Springer","","","","","","","","","","","","","","","","","","","","","","","","","","","","","","","","","","","","","","","","","","","","","","","","","","","","","","","","","","","",""
"SC462Q32","journalArticle","2025","Okazaki, Michio","A Generalizable Distribution Structure Analysis Algorithm with Audit-Ready Framework for Medical Research","medRxiv","","","","","","2025","2026-06-21 20:16:17","2026-06-21 20:16:17","","2025–11","","","","","","","","","","","Cold Spring Harbor Laboratory Press","","","","","","","","","","","","","","","","","","","","","","","","","","","","","","","","","","","","","","","","","","","","","","","","","","","","","","","","","","","",""
"EBNL8CIC","journalArticle","2025","Okazaki, Michio","A Generalizable Distribution Structure Analysis Algorithm with Audit-Ready Framework for Medical Research","medRxiv","","","","","","2025","2026-06-21 20:16:17","2026-06-21 20:16:17","","2025–11","","","","","","","","","","","Cold Spring Harbor Laboratory Press","","","","","","","","","","","","","","","","","","","","","","","","","","","","","","","","","","","","","","","","","","","","","","","","","","","","","","","","","","","",""
"9JBUY72M","bookSection","2025","Fletcher Jr, Robert J; Fortin, Marie-Josée","Connectivity","Spatial Ecology and Conservation Modeling: Applications with R","","","","","","2025","2026-06-21 20:16:17","2026-06-21 20:16:17","","427–483","","","","","","","","","","","Springer","","","","","","","","","","","","","","","","","","","","","","","","","","","","","","","","","","","","","","","","","","","","","","","","","","","","","","","","","","","",""
"U8LPSB3S","bookSection","2025","Fletcher Jr, Robert J; Fortin, Marie-Josée","Connectivity","Spatial Ecology and Conservation Modeling: Applications with R","","","","","","2025","2026-06-21 20:16:17","2026-06-21 20:16:17","","427–483","","","","","","","","","","","Springer","","","","","","","","","","","","","","","","","","","","","","","","","","","","","","","","","","","","","","","","","","","","","","","","","","","","","","","","","","","",""
"FC8L2YCS","journalArticle","2025","Martínez-Ruíz, Omar; Corral-Rivas, Sacramento; Abel Nájera-Luna, Juan; Nwabueze Ogana, Friday; Javier Corral-Rivas, José","Modeling diameter structures with the Log-Logistic function in natural forests of Durango, Mexico.","Revista Cubana de Ciencias Forestales","","","","","","2025","2026-06-21 20:16:17","2026-06-21 20:16:17","","","","2","13","","","","","","","","","","","","","","","","","","","","","","","","","","","","","","","","","","","","","","","","","","","","","","","","","","","","","","","","","","","","","","","","","","","",""
"TSMHRF5M","journalArticle","2025","Martínez-Ruíz, Omar; Corral-Rivas, Sacramento; Abel Nájera-Luna, Juan; Nwabueze Ogana, Friday; Javier Corral-Rivas, José","Modeling diameter structures with the Log-Logistic function in natural forests of Durango, Mexico.","Revista Cubana de Ciencias Forestales","","","","","","2025","2026-06-21 20:16:17","2026-06-21 20:16:17","","","","2","13","","","","","","","","","","","","","","","","","","","","","","","","","","","","","","","","","","","","","","","","","","","","","","","","","","","","","","","","","","","","","","","","","","","",""
"EYTNBFVJ","journalArticle","2025","Wigle, Augustine","Statistical developments for network meta-analysis and methane emissions quantification","","","","","","","2025","2026-06-21 20:16:17","2026-06-21 20:16:17","","","","","","","","","","","","","University of Waterloo","","","","","","","","","","","","","","","","","","","","","","","","","","","","","","","","","","","","","","","","","","","","","","","","","","","","","","","","","","","",""
"VS8VBH4L","journalArticle","2025","Wigle, Augustine","Statistical developments for network meta-analysis and methane emissions quantification","","","","","","","2025","2026-06-21 20:16:17","2026-06-21 20:16:17","","","","","","","","","","","","","University of Waterloo","","","","","","","","","","","","","","","","","","","","","","","","","","","","","","","","","","","","","","","","","","","","","","","","","","","","","","","","","","","",""
"WT6VMGT8","bookSection","2025","Auer, Alicia; Heß, Philipp; Bracke, Stefan","Methods for Analyzing Reliability Engineering: Probabilistics and Accelerated Testing in Early Phases of Product Emergence Process","Safety Engineering: Fundamentals, Methods, Research topics","","","","","","2025","2026-06-21 20:16:17","2026-06-21 20:16:17","","29–49","","","","","","","","","","","Springer","","","","","","","","","","","","","","","","","","","","","","","","","","","","","","","","","","","","","","","","","","","","","","","","","","","","","","","","","","","",""
"EKJYKD9A","bookSection","2025","Auer, Alicia; Heß, Philipp; Bracke, Stefan","Methods for Analyzing Reliability Engineering: Probabilistics and Accelerated Testing in Early Phases of Product Emergence Process","Safety Engineering: Fundamentals, Methods, Research topics","","","","","","2025","2026-06-21 20:16:17","2026-06-21 20:16:17","","29–49","","","","","","","","","","","Springer","","","","","","","","","","","","","","","","","","","","","","","","","","","","","","","","","","","","","","","","","","","","","","","","","","","","","","","","","","","",""
"GCSY53ZI","journalArticle","2025","Crosby, Estella","Rapid Understorey Restoration of a Red Pine Plantation in Algonquin Provincial Park","","","","","","","2025","2026-06-21 20:16:17","2026-06-21 20:16:17","","","","","","","","","","","","","University of Waterloo","","","","","","","","","","","","","","","","","","","","","","","","","","","","","","","","","","","","","","","","","","","","","","","","","","","","","","","","","","","",""
"5Y6ZDRS9","journalArticle","2025","Crosby, Estella","Rapid Understorey Restoration of a Red Pine Plantation in Algonquin Provincial Park","","","","","","","2025","2026-06-21 20:16:17","2026-06-21 20:16:17","","","","","","","","","","","","","University of Waterloo","","","","","","","","","","","","","","","","","","","","","","","","","","","","","","","","","","","","","","","","","","","","","","","","","","","","","","","","","","","",""
"V2654WMT","thesis","2025","Evans, Carson B","Bridging Climatology and Energy: Understanding Michigan's Wind Speeds for a Sustainable Future","","","","","","","2025","2026-06-21 20:16:17","2026-06-21 20:16:17","","","","","","","","","","","","","Western Michigan University","","","","Master's Thesis","","","","","","","","","","","","","","","","","","","","","","","","","","","","","","","","","","","","","","","","","","","","","","","","","","","","","","","",""
"2KFGMYTW","thesis","2025","Evans, Carson B","Bridging Climatology and Energy: Understanding Michigan's Wind Speeds for a Sustainable Future","","","","","","","2025","2026-06-21 20:16:17","2026-06-21 20:16:17","","","","","","","","","","","","","Western Michigan University","","","","Master's Thesis","","","","","","","","","","","","","","","","","","","","","","","","","","","","","","","","","","","","","","","","","","","","","","","","","","","","","","","",""
"AEI366ZC","thesis","2025","Alena, Hayley","Examining the contribution of lizards to seed dispersal in New Zealand","","","","","","","2025","2026-06-21 20:16:17","2026-06-21 20:16:17","","","","","","","","","","","","","ResearchSpace@ Auckland","","","","PhD Thesis","","","","","","","","","","","","","","","","","","","","","","","","","","","","","","","","","","","","","","","","","","","","","","","","","","","","","","","",""
"IW3PE6A8","thesis","2025","Alena, Hayley","Examining the contribution of lizards to seed dispersal in New Zealand","","","","","","","2025","2026-06-21 20:16:17","2026-06-21 20:16:17","","","","","","","","","","","","","ResearchSpace@ Auckland","","","","PhD Thesis","","","","","","","","","","","","","","","","","","","","","","","","","","","","","","","","","","","","","","","","","","","","","","","","","","","","","","","",""
"T7P2D62F","journalArticle","2025","Dorado Suárez, Juan Camilo","Behavioral and volatile profiles of orchid bees (Sub-genus Euglossa): Unveiling diversity and chemical ecology in an andean forests","","","","","","","2025","2026-06-21 20:16:17","2026-06-21 20:16:17","","","","","","","","","","","","","Universidad de los Andes","","","","","","","","","","","","","","","","","","","","","","","","","","","","","","","","","","","","","","","","","","","","","","","","","","","","","","","","","","","",""
"DDNAV2NW","journalArticle","2025","Dorado Suárez, Juan Camilo","Behavioral and volatile profiles of orchid bees (Sub-genus Euglossa): Unveiling diversity and chemical ecology in an andean forests","","","","","","","2025","2026-06-21 20:16:17","2026-06-21 20:16:17","","","","","","","","","","","","","Universidad de los Andes","","","","","","","","","","","","","","","","","","","","","","","","","","","","","","","","","","","","","","","","","","","","","","","","","","","","","","","","","","","",""
"HWKFGLJG","thesis","2025","Smiley, Rachel","Tradeoffs in Financing Reproduction: The Role of Energy, Behavior, and Disease in Ungulate Life Histories","","","","","","","2025","2026-06-21 20:16:17","2026-06-21 20:16:17","","","","","","","","","","","","","University of Wyoming","","","","PhD Thesis","","","","","","","","","","","","","","","","","","","","","","","","","","","","","","","","","","","","","","","","","","","","","","","","","","","","","","","",""
"3MZUXAUF","thesis","2025","Smiley, Rachel","Tradeoffs in Financing Reproduction: The Role of Energy, Behavior, and Disease in Ungulate Life Histories","","","","","","","2025","2026-06-21 20:16:17","2026-06-21 20:16:17","","","","","","","","","","","","","University of Wyoming","","","","PhD Thesis","","","","","","","","","","","","","","","","","","","","","","","","","","","","","","","","","","","","","","","","","","","","","","","","","","","","","","","",""
"93T4TMAB","journalArticle","2025","Parsons, Sheena","Spatiotemporal dynamics of habitat productivity across a watershed habitat mosaic: implications for juvenile Pacific salmon","","","","","","","2025","2026-06-21 20:16:17","2026-06-21 20:16:17","","","","","","","","","","","","","Simon Fraser University","","","","","","","","","","","","","","","","","","","","","","","","","","","","","","","","","","","","","","","","","","","","","","","","","","","","","","","","","","","",""
"NL8FVWUG","journalArticle","2025","Parsons, Sheena","Spatiotemporal dynamics of habitat productivity across a watershed habitat mosaic: implications for juvenile Pacific salmon","","","","","","","2025","2026-06-21 20:16:17","2026-06-21 20:16:17","","","","","","","","","","","","","Simon Fraser University","","","","","","","","","","","","","","","","","","","","","","","","","","","","","","","","","","","","","","","","","","","","","","","","","","","","","","","","","","","",""
"5ZZF48D8","thesis","2025","Johnson, Anthony Ryan","Landscape Physiology and Drivers of Stress Proxies in the American Alligator (Alligator mississippiensis)","","","","","","","2025","2026-06-21 20:16:17","2026-06-21 20:16:17","","","","","","","","","","","","","Southeastern Louisiana University","","","","Master's Thesis","","","","","","","","","","","","","","","","","","","","","","","","","","","","","","","","","","","","","","","","","","","","","","","","","","","","","","","",""
"SBX4J8B7","thesis","2025","Johnson, Anthony Ryan","Landscape Physiology and Drivers of Stress Proxies in the American Alligator (Alligator mississippiensis)","","","","","","","2025","2026-06-21 20:16:17","2026-06-21 20:16:17","","","","","","","","","","","","","Southeastern Louisiana University","","","","Master's Thesis","","","","","","","","","","","","","","","","","","","","","","","","","","","","","","","","","","","","","","","","","","","","","","","","","","","","","","","",""
"DCNXWFZB","journalArticle","2025","Raghavan, Srivatsan; Winter, Peter S; Amini, Ava P; Crawford, Lorin","Artificial variables help to avoid over-clustering in single-cell RNA sequencing","","","","","","","2025","2026-06-21 20:16:17","2026-06-21 20:16:17","","","","","","","","","","","","","","","","","","","","","","","","","","","","","","","","","","","","","","","","","","","","","","","","","","","","","","","","","","","","","","","","","","","","","","","","",""
"ICXS4DNP","journalArticle","2025","Raghavan, Srivatsan; Winter, Peter S; Amini, Ava P; Crawford, Lorin","Artificial variables help to avoid over-clustering in single-cell RNA sequencing","","","","","","","2025","2026-06-21 20:16:17","2026-06-21 20:16:17","","","","","","","","","","","","","","","","","","","","","","","","","","","","","","","","","","","","","","","","","","","","","","","","","","","","","","","","","","","","","","","","","","","","","","","","",""
"XNTQLEFN","thesis","2025","Kérébel, Adrien","Studying inter-individual differences in the dynamics of spontaneous thought: spontaneous word generation as a proxy for the stream of thought","","","","","","","2025","2026-06-21 20:16:17","2026-06-21 20:16:17","","","","","","","","","","","","","Université Paris sciences et lettres","","","","PhD Thesis","","","","","","","","","","","","","","","","","","","","","","","","","","","","","","","","","","","","","","","","","","","","","","","","","","","","","","","",""
"QCYLYUFX","thesis","2025","Kérébel, Adrien","Studying inter-individual differences in the dynamics of spontaneous thought: spontaneous word generation as a proxy for the stream of thought","","","","","","","2025","2026-06-21 20:16:17","2026-06-21 20:16:17","","","","","","","","","","","","","Université Paris sciences et lettres","","","","PhD Thesis","","","","","","","","","","","","","","","","","","","","","","","","","","","","","","","","","","","","","","","","","","","","","","","","","","","","","","","",""
"JEXZ6C9I","thesis","2025","Deng, Zhangliang","Understanding urban water utility performance, water network topology and geographic water access: case studies in Sub-Sahara Africa","","","","","","","2025","2026-06-21 20:16:17","2026-06-21 20:16:17","","","","","","","","","","","","","University of Southampton","","","","PhD Thesis","","","","","","","","","","","","","","","","","","","","","","","","","","","","","","","","","","","","","","","","","","","","","","","","","","","","","","","",""
"L8R87WIV","thesis","2025","Deng, Zhangliang","Understanding urban water utility performance, water network topology and geographic water access: case studies in Sub-Sahara Africa","","","","","","","2025","2026-06-21 20:16:17","2026-06-21 20:16:17","","","","","","","","","","","","","University of Southampton","","","","PhD Thesis","","","","","","","","","","","","","","","","","","","","","","","","","","","","","","","","","","","","","","","","","","","","","","","","","","","","","","","",""
"H5H2CREI","journalArticle","2025","Alam, Farouq Mohammad A; others","Assessing Method-Strategy Pairs in the R nleqslv Package: A Comparative Study","Journal of Statistical Models and Methods","","","","","","2025","2026-06-21 20:16:17","2026-06-21 20:16:17","","45–73","","1","1","","","","","","","","","","","","","","","","","","","","","","","","","","","","","","","","","","","","","","","","","","","","","","","","","","","","","","","","","","","","","","","","","","","",""
"QZN2VXN8","journalArticle","2025","Alam, Farouq Mohammad A; others","Assessing Method-Strategy Pairs in the R nleqslv Package: A Comparative Study","Journal of Statistical Models and Methods","","","","","","2025","2026-06-21 20:16:17","2026-06-21 20:16:17","","45–73","","1","1","","","","","","","","","","","","","","","","","","","","","","","","","","","","","","","","","","","","","","","","","","","","","","","","","","","","","","","","","","","","","","","","","","","",""
"LM7XU6EF","journalArticle","2025","Vidmar, Gaj; Vratanar, Bor","Severe problems with kurtosis","Advances in Methodology and Statistics","","","","","","2025","2026-06-21 20:16:17","2026-06-21 20:16:17","","51–59","","2","22","","","","","","","","","","","","","","","","","","","","","","","","","","","","","","","","","","","","","","","","","","","","","","","","","","","","","","","","","","","","","","","","","","","",""
"RGFJ2PH4","journalArticle","2025","Vidmar, Gaj; Vratanar, Bor","Severe problems with kurtosis","Advances in Methodology and Statistics","","","","","","2025","2026-06-21 20:16:17","2026-06-21 20:16:17","","51–59","","2","22","","","","","","","","","","","","","","","","","","","","","","","","","","","","","","","","","","","","","","","","","","","","","","","","","","","","","","","","","","","","","","","","","","","",""
"5RA4LE8R","journalArticle","2025","Martínez-Ruíz, Omar; Corral-Rivas, Sacramento; Nájera-Luna, Juan Abel; Ogana, Friday Nwabueze; Corral-Rivas, José Javier","Modelación de estructuras diamétricas con la función Log-Logistic en bosques naturales de Durango, México","Revista Cubana de Ciencias Forestales","","","","","","2025","2026-06-21 20:16:17","2026-06-21 20:16:17","","","","2","13","","","","","","","","","","","","","","","","","","","","","","","","","","","","","","","","","","","","","","","","","","","","","","","","","","","","","","","","","","","","","","","","","","","",""
"4EL5B37R","journalArticle","2025","Martínez-Ruíz, Omar; Corral-Rivas, Sacramento; Nájera-Luna, Juan Abel; Ogana, Friday Nwabueze; Corral-Rivas, José Javier","Modelación de estructuras diamétricas con la función Log-Logistic en bosques naturales de Durango, México","Revista Cubana de Ciencias Forestales","","","","","","2025","2026-06-21 20:16:17","2026-06-21 20:16:17","","","","2","13","","","","","","","","","","","","","","","","","","","","","","","","","","","","","","","","","","","","","","","","","","","","","","","","","","","","","","","","","","","","","","","","","","","",""
"HHAXIV7K","journalArticle","2025","Käärik, Meelis; Selart, Anne","Lambert W normal distribution: a viable extension for skew-normal?","Acta et Commentationes Universitatis Tartuensis de Mathematica","","","","","","2025","2026-06-21 20:16:17","2026-06-21 20:16:17","","53–78","","1","29","","","","","","","","","","","","","","","","","","","","","","","","","","","","","","","","","","","","","","","","","","","","","","","","","","","","","","","","","","","","","","","","","","","",""
"CIPW4YQ3","journalArticle","2025","Käärik, Meelis; Selart, Anne","Lambert W normal distribution: a viable extension for skew-normal?","Acta et Commentationes Universitatis Tartuensis de Mathematica","","","","","","2025","2026-06-21 20:16:17","2026-06-21 20:16:17","","53–78","","1","29","","","","","","","","","","","","","","","","","","","","","","","","","","","","","","","","","","","","","","","","","","","","","","","","","","","","","","","","","","","","","","","","","","","",""
"LJH69RAF","journalArticle","2025","Čabla, Adam","The Impact of Interval Choice in Grouped Frequency Tables on Statistical Modelling.","Statistika: Statistics & Economy Journal","","","","","","2025","2026-06-21 20:16:17","2026-06-21 20:16:17","","","","2","105","","","","","","","","","","","","","","","","","","","","","","","","","","","","","","","","","","","","","","","","","","","","","","","","","","","","","","","","","","","","","","","","","","","",""
"W5JP5J6J","journalArticle","2025","Čabla, Adam","The Impact of Interval Choice in Grouped Frequency Tables on Statistical Modelling.","Statistika: Statistics & Economy Journal","","","","","","2025","2026-06-21 20:16:17","2026-06-21 20:16:17","","","","2","105","","","","","","","","","","","","","","","","","","","","","","","","","","","","","","","","","","","","","","","","","","","","","","","","","","","","","","","","","","","","","","","","","","","",""
"UND84BE6","journalArticle","2025","LIAO, Yan; YU, Zhenxing; ZENG, Jialin; PENG, Wei; SU, Weiwei; PAN, Huajin; WANG, Bing; WANG, Shuhong; XIE, Shiting; SU, Chang; others","Synephrine quantification and health risk assessment of Xinhui Qinggan peel.","Acta Scientiarum Naturalium Universitatis Sunyatseni/Zhongshan Daxue Xuebao","","","","","","2025","2026-06-21 20:16:17","2026-06-21 20:16:17","","","","6","64","","","","","","","","","","","","","","","","","","","","","","","","","","","","","","","","","","","","","","","","","","","","","","","","","","","","","","","","","","","","","","","","","","","",""
"26TQMLP2","journalArticle","2025","LIAO, Yan; YU, Zhenxing; ZENG, Jialin; PENG, Wei; SU, Weiwei; PAN, Huajin; WANG, Bing; WANG, Shuhong; XIE, Shiting; SU, Chang; others","Synephrine quantification and health risk assessment of Xinhui Qinggan peel.","Acta Scientiarum Naturalium Universitatis Sunyatseni/Zhongshan Daxue Xuebao","","","","","","2025","2026-06-21 20:16:17","2026-06-21 20:16:17","","","","6","64","","","","","","","","","","","","","","","","","","","","","","","","","","","","","","","","","","","","","","","","","","","","","","","","","","","","","","","","","","","","","","","","","","","",""
"TFYU6D99","journalArticle","2025","Silva, Ivana; Brugnoli, Ernesto; Mary-Lauyé, Ana Lucía; Cortondo, Facundo; Feris, Anna Lucía; González-Bergonzoni, Iván","REPRODUCTIVE SEASONALITY DIFFER BETWEEN CONTRASTING MORPHOTYPES OF Megaleporinus obtusidens IN LOWER URUGUAY RIVER","Boletín de la Sociedad Zoológica del Uruguay","","","","","","2025","2026-06-21 20:16:17","2026-06-21 20:16:17","","34–1","","1","34","","","","","","","","","","","","","","","","","","","","","","","","","","","","","","","","","","","","","","","","","","","","","","","","","","","","","","","","","","","","","","","","","","","",""
"WBYYUKAG","journalArticle","2025","Silva, Ivana; Brugnoli, Ernesto; Mary-Lauyé, Ana Lucía; Cortondo, Facundo; Feris, Anna Lucía; González-Bergonzoni, Iván","REPRODUCTIVE SEASONALITY DIFFER BETWEEN CONTRASTING MORPHOTYPES OF Megaleporinus obtusidens IN LOWER URUGUAY RIVER","Boletín de la Sociedad Zoológica del Uruguay","","","","","","2025","2026-06-21 20:16:17","2026-06-21 20:16:17","","34–1","","1","34","","","","","","","","","","","","","","","","","","","","","","","","","","","","","","","","","","","","","","","","","","","","","","","","","","","","","","","","","","","","","","","","","","","",""
"UTMEF3M7","thesis","2025","Kalpagé, Rushil Michael","Simulation of energy flexible systems for the decarbonisation of process heat in the food industry","","","","","","","2025","2026-06-21 20:16:17","2026-06-21 20:16:17","","","","","","","","","","","","","ResearchSpace@ Auckland","","","","PhD Thesis","","","","","","","","","","","","","","","","","","","","","","","","","","","","","","","","","","","","","","","","","","","","","","","","","","","","","","","",""
"R36VJIHE","thesis","2025","Kalpagé, Rushil Michael","Simulation of energy flexible systems for the decarbonisation of process heat in the food industry","","","","","","","2025","2026-06-21 20:16:17","2026-06-21 20:16:17","","","","","","","","","","","","","ResearchSpace@ Auckland","","","","PhD Thesis","","","","","","","","","","","","","","","","","","","","","","","","","","","","","","","","","","","","","","","","","","","","","","","","","","","","","","","",""
"PTV6HLE3","journalArticle","2025","Fonseca, Ana Catarina Alonso da","Is the use of r-FSH and r-LH advantageous in comparison with r-FSH treatment in ovarian stimulation cycles?","","","","","","","2025","2026-06-21 20:16:17","2026-06-21 20:16:17","","","","","","","","","","","","","","","","","","","","","","","","","","","","","","","","","","","","","","","","","","","","","","","","","","","","","","","","","","","","","","","","","","","","","","","","",""
"IJNASHI3","journalArticle","2025","Fonseca, Ana Catarina Alonso da","Is the use of r-FSH and r-LH advantageous in comparison with r-FSH treatment in ovarian stimulation cycles?","","","","","","","2025","2026-06-21 20:16:17","2026-06-21 20:16:17","","","","","","","","","","","","","","","","","","","","","","","","","","","","","","","","","","","","","","","","","","","","","","","","","","","","","","","","","","","","","","","","","","","","","","","","",""
"6GTBI6YF","journalArticle","2025","Costa, Helena","Whale exhale: Innovating pathogen surveillance in free-swimming cetaceans through novel field and in vitro experimental techniques","","","","","","","2025","2026-06-21 20:16:17","2026-06-21 20:16:17","","","","","","","","","","","","","Nord University","","","","","","","","","","","","","","","","","","","","","","","","","","","","","","","","","","","","","","","","","","","","","","","","","","","","","","","","","","","",""
"7IL9W73D","journalArticle","2025","Costa, Helena","Whale exhale: Innovating pathogen surveillance in free-swimming cetaceans through novel field and in vitro experimental techniques","","","","","","","2025","2026-06-21 20:16:17","2026-06-21 20:16:17","","","","","","","","","","","","","Nord University","","","","","","","","","","","","","","","","","","","","","","","","","","","","","","","","","","","","","","","","","","","","","","","","","","","","","","","","","","","",""
"U2KB2T25","journalArticle","2025","Samuh, Monjed H; Salhab, Anas M","Analytical distributions for functions of independent rician random variables: Application to wireless communications","Journal of Statistical Research","","","","","","2025","2026-06-21 20:16:17","2026-06-21 20:16:17","","203–219","","2","59","","","","","","","","","","","","","","","","","","","","","","","","","","","","","","","","","","","","","","","","","","","","","","","","","","","","","","","","","","","","","","","","","","","",""
"AHXX5ZHQ","journalArticle","2025","Samuh, Monjed H; Salhab, Anas M","Analytical distributions for functions of independent rician random variables: Application to wireless communications","Journal of Statistical Research","","","","","","2025","2026-06-21 20:16:17","2026-06-21 20:16:17","","203–219","","2","59","","","","","","","","","","","","","","","","","","","","","","","","","","","","","","","","","","","","","","","","","","","","","","","","","","","","","","","","","","","","","","","","","","","",""
"7MEP8VYR","journalArticle","2025","Piburn, Jesse O","Domain-Informed Bayesian Modeling of Place-Based Temporal Dynamics","","","","","","","2025","2026-06-21 20:16:17","2026-06-21 20:16:17","","","","","","","","","","","","","","","","","","","","","","","","","","","","","","","","","","","","","","","","","","","","","","","","","","","","","","","","","","","","","","","","","","","","","","","","",""
"XNWV9V5M","journalArticle","2025","Piburn, Jesse O","Domain-Informed Bayesian Modeling of Place-Based Temporal Dynamics","","","","","","","2025","2026-06-21 20:16:17","2026-06-21 20:16:17","","","","","","","","","","","","","","","","","","","","","","","","","","","","","","","","","","","","","","","","","","","","","","","","","","","","","","","","","","","","","","","","","","","","","","","","",""
"5BCW8YAZ","journalArticle","2025","Mazzei, Mariana Paola; Galetto, Leonardo; Vesprini, José Luis","Zumbido urbano: implicancia de polinizadores silvestres en la carga polínica de'Solanum lycopersicum'en Rosario","Ciencias Agronómicas","","","","","","2025","2026-06-21 20:16:17","2026-06-21 20:16:17","","e054–e054","","46","","","","","","","","","","","","","","","","","","","","","","","","","","","","","","","","","","","","","","","","","","","","","","","","","","","","","","","","","","","","","","","","","","","","",""
"88SC8Q7N","journalArticle","2025","Mazzei, Mariana Paola; Galetto, Leonardo; Vesprini, José Luis","Zumbido urbano: implicancia de polinizadores silvestres en la carga polínica de'Solanum lycopersicum'en Rosario","Ciencias Agronómicas","","","","","","2025","2026-06-21 20:16:17","2026-06-21 20:16:17","","e054–e054","","46","","","","","","","","","","","","","","","","","","","","","","","","","","","","","","","","","","","","","","","","","","","","","","","","","","","","","","","","","","","","","","","","","","","","",""
"BDX5FEFX","journalArticle","2025","Hamid, Ghorbani","Modelling Monthly Rainfall in the Case of Excessive Zeros","한국수학교육학회지시리즈 B: 순수및응용수학","","","","","","2025","2026-06-21 20:16:17","2026-06-21 20:16:17","","1–11","","1","32","","","","","","","","한국수학교육학회","","","","","","","","","","","","","","","","","","","","","","","","","","","","","","","","","","","","","","","","","","","","","","","","","","","","","","","","","","","",""
"MF8VKWD3","journalArticle","2025","Hamid, Ghorbani","Modelling Monthly Rainfall in the Case of Excessive Zeros","한국수학교육학회지시리즈 B: 순수및응용수학","","","","","","2025","2026-06-21 20:16:17","2026-06-21 20:16:17","","1–11","","1","32","","","","","","","","한국수학교육학회","","","","","","","","","","","","","","","","","","","","","","","","","","","","","","","","","","","","","","","","","","","","","","","","","","","","","","","","","","","",""
"BW8NXTUJ","thesis","2025","ZÚÑIGA, ELISA LUNA","Evaluación de las barreras de reclutamiento de plantas arbóreas nativas en los bosques de la isla Socorro","","","","","","","2025","2026-06-21 20:16:17","2026-06-21 20:16:17","","","","","","","","","","","","","UNIVERSIDAD NACIONAL AUTÓNOMA DE MÉXICO","","","","PhD Thesis","","","","","","","","","","","","","","","","","","","","","","","","","","","","","","","","","","","","","","","","","","","","","","","","","","","","","","","",""
"QULULGSU","thesis","2025","ZÚÑIGA, ELISA LUNA","Evaluación de las barreras de reclutamiento de plantas arbóreas nativas en los bosques de la isla Socorro","","","","","","","2025","2026-06-21 20:16:17","2026-06-21 20:16:17","","","","","","","","","","","","","UNIVERSIDAD NACIONAL AUTÓNOMA DE MÉXICO","","","","PhD Thesis","","","","","","","","","","","","","","","","","","","","","","","","","","","","","","","","","","","","","","","","","","","","","","","","","","","","","","","",""
"ALQSAM2B","thesis","2025","Milstead, Lani Nicole","Effects of Light and Density on the Physiological Stress Response of the American Alligator (Alligator mississippiensis) in Aquacultural Facilities","","","","","","","2025","2026-06-21 20:16:17","2026-06-21 20:16:17","","","","","","","","","","","","","Southeastern Louisiana University","","","","Master's Thesis","","","","","","","","","","","","","","","","","","","","","","","","","","","","","","","","","","","","","","","","","","","","","","","","","","","","","","","",""
"52B2RIVV","thesis","2025","Milstead, Lani Nicole","Effects of Light and Density on the Physiological Stress Response of the American Alligator (Alligator mississippiensis) in Aquacultural Facilities","","","","","","","2025","2026-06-21 20:16:17","2026-06-21 20:16:17","","","","","","","","","","","","","Southeastern Louisiana University","","","","Master's Thesis","","","","","","","","","","","","","","","","","","","","","","","","","","","","","","","","","","","","","","","","","","","","","","","","","","","","","","","",""
"5KTUTSPX","journalArticle","2025","Silva, Ivana; Brugnoli, Ernesto; Mary Lauyé, Ana Lucía; Cortondo, Facundo; Feris, Anna Lucía; González-Bergonzoni, Iván","Reproductive seasonality differs between contrasting morphotypes of Megaleporinus obtusidens (Teleostei: Characiformes) in lower Uruguay River","Boletín de la Sociedad Zoológica del Uruguay, 2025, 34 (1): e34. 1.3.","","","","","","2025","2026-06-21 20:16:17","2026-06-21 20:16:17","","","","","","","","","","","","","Sociedad Zoológica del Uruguay","","","","","","","","","","","","","","","","","","","","","","","","","","","","","","","","","","","","","","","","","","","","","","","","","","","","","","","","","","","",""
"3YVBRJN6","journalArticle","2025","Silva, Ivana; Brugnoli, Ernesto; Mary Lauyé, Ana Lucía; Cortondo, Facundo; Feris, Anna Lucía; González-Bergonzoni, Iván","Reproductive seasonality differs between contrasting morphotypes of Megaleporinus obtusidens (Teleostei: Characiformes) in lower Uruguay River","Boletín de la Sociedad Zoológica del Uruguay, 2025, 34 (1): e34. 1.3.","","","","","","2025","2026-06-21 20:16:17","2026-06-21 20:16:17","","","","","","","","","","","","","Sociedad Zoológica del Uruguay","","","","","","","","","","","","","","","","","","","","","","","","","","","","","","","","","","","","","","","","","","","","","","","","","","","","","","","","","","","",""
"SPVW2U2G","journalArticle","2025","Corral-Rivas, Sacramento; Martínez-Ruíz, Omar; Nájera-Luna, Juan Abel; Ogana, Friday Nwabueze; Corral-Rivas, José Javier","Modelación de estructuras diamétricas con la función Log-Logistic en bosques naturales de Durango, México: Modeling diameter structures with the Log-Logistic function in natural forests of Durango, Mexico","Revista Cubana de Ciencias Forestales","","","","","","2025","2026-06-21 20:16:17","2026-06-21 20:16:17","","e873–e873","","2","13","","","","","","","","","","","","","","","","","","","","","","","","","","","","","","","","","","","","","","","","","","","","","","","","","","","","","","","","","","","","","","","","","","","",""
"CB97LGUL","journalArticle","2025","Corral-Rivas, Sacramento; Martínez-Ruíz, Omar; Nájera-Luna, Juan Abel; Ogana, Friday Nwabueze; Corral-Rivas, José Javier","Modelación de estructuras diamétricas con la función Log-Logistic en bosques naturales de Durango, México: Modeling diameter structures with the Log-Logistic function in natural forests of Durango, Mexico","Revista Cubana de Ciencias Forestales","","","","","","2025","2026-06-21 20:16:17","2026-06-21 20:16:17","","e873–e873","","2","13","","","","","","","","","","","","","","","","","","","","","","","","","","","","","","","","","","","","","","","","","","","","","","","","","","","","","","","","","","","","","","","","","","","",""
"P5UEV4ER","bookSection","2025","Guo, Zihao; Ali, Sheikh Taslim; Zhao, Shi","The serial interval distribution of the mpox virus infection","The Scientific Basis of Mpox (Monkeypox)","","","","","","2025","2026-06-21 20:16:17","2026-06-21 20:16:17","","149–166","","","","","","","","","","","Elsevier","","","","","","","","","","","","","","","","","","","","","","","","","","","","","","","","","","","","","","","","","","","","","","","","","","","","","","","","","","","",""
"MU3QX2H6","bookSection","2025","Guo, Zihao; Ali, Sheikh Taslim; Zhao, Shi","The serial interval distribution of the mpox virus infection","The Scientific Basis of Mpox (Monkeypox)","","","","","","2025","2026-06-21 20:16:17","2026-06-21 20:16:17","","149–166","","","","","","","","","","","Elsevier","","","","","","","","","","","","","","","","","","","","","","","","","","","","","","","","","","","","","","","","","","","","","","","","","","","","","","","","","","","",""
"XP7LWL7Z","journalArticle","2025","Ribeiro, Andre F","Spatio-Causal Patterns of Sample Growth","Journal of Artificial Intelligence Research","","","","","","2025","2026-06-21 20:16:17","2026-06-21 20:16:17","","","","","83","","","","","","","","","","","","","","","","","","","","","","","","","","","","","","","","","","","","","","","","","","","","","","","","","","","","","","","","","","","","","","","","","","","",""
"7P5644MV","journalArticle","2025","Ribeiro, Andre F","Spatio-Causal Patterns of Sample Growth","Journal of Artificial Intelligence Research","","","","","","2025","2026-06-21 20:16:17","2026-06-21 20:16:17","","","","","83","","","","","","","","","","","","","","","","","","","","","","","","","","","","","","","","","","","","","","","","","","","","","","","","","","","","","","","","","","","","","","","","","","","",""
"ZMZIZ5GA","journalArticle","2025","Çetinkaya, Çağatay","Inference for Weibull Expected Shortfall From Record Data","Science and Mathematics: Theory, Methodology and Practice","","","","","","2025","2026-06-21 20:16:17","2026-06-21 20:16:17","","66","","","","","","","","","","","","","","","","","","","","","","","","","","","","","","","","","","","","","","","","","","","","","","","","","","","","","","","","","","","","","","","","","","","","","","",""
"6PWGCWA6","journalArticle","2025","Çetinkaya, Çağatay","Inference for Weibull Expected Shortfall From Record Data","Science and Mathematics: Theory, Methodology and Practice","","","","","","2025","2026-06-21 20:16:17","2026-06-21 20:16:17","","66","","","","","","","","","","","","","","","","","","","","","","","","","","","","","","","","","","","","","","","","","","","","","","","","","","","","","","","","","","","","","","","","","","","","","","",""
"LMT5Y7J4","journalArticle","2025","Hair, Emma; Hahn, Philip","Herbivory Variability in Florida Plants: Rare Species Show Higher Mean but Less Skewed Distributions of Damage","UF Journal of Undergraduate Research","","","","","","2025","2026-06-21 20:16:17","2026-06-21 20:16:17","","","","","27","","","","","","","","","","","","","","","","","","","","","","","","","","","","","","","","","","","","","","","","","","","","","","","","","","","","","","","","","","","","","","","","","","","",""
"ZUFH9DIH","journalArticle","2025","Hair, Emma; Hahn, Philip","Herbivory Variability in Florida Plants: Rare Species Show Higher Mean but Less Skewed Distributions of Damage","UF Journal of Undergraduate Research","","","","","","2025","2026-06-21 20:16:17","2026-06-21 20:16:17","","","","","27","","","","","","","","","","","","","","","","","","","","","","","","","","","","","","","","","","","","","","","","","","","","","","","","","","","","","","","","","","","","","","","","","","","",""
"44F58NM4","journalArticle","","Williams, Paul Allen; Roberts, Emily K; Nguyen, Quynh-Anh; Rahmouni, Kamal","Results in Engineering","","","","","","","","2026-06-21 20:16:17","2026-06-21 20:16:17","","","","","","","","","","","","","","","","","","","","","","","","","","","","","","","","","","","","","","","","","","","","","","","","","","","","","","","","","","","","","","","","","","","","","","","","",""
"7CCMZQRK","journalArticle","","Williams, Paul Allen; Roberts, Emily K; Nguyen, Quynh-Anh; Rahmouni, Kamal","Results in Engineering","","","","","","","","2026-06-21 20:16:17","2026-06-21 20:16:17","","","","","","","","","","","","","","","","","","","","","","","","","","","","","","","","","","","","","","","","","","","","","","","","","","","","","","","","","","","","","","","","","","","","","","","","",""
"45GQD98C","journalArticle","","Ferrari, Pier Francesco; Wittig, Roman M; Crockford, Catherine","Social tolerance and role model diversity increase tool use learning opportunities across chimpanzee ontogeny","","","","","","","","2026-06-21 20:16:17","2026-06-21 20:16:17","","","","","","","","","","","","","","","","","","","","","","","","","","","","","","","","","","","","","","","","","","","","","","","","","","","","","","","","","","","","","","","","","","","","","","","","",""
"WB4V9Y85","journalArticle","","Ferrari, Pier Francesco; Wittig, Roman M; Crockford, Catherine","Social tolerance and role model diversity increase tool use learning opportunities across chimpanzee ontogeny","","","","","","","","2026-06-21 20:16:17","2026-06-21 20:16:17","","","","","","","","","","","","","","","","","","","","","","","","","","","","","","","","","","","","","","","","","","","","","","","","","","","","","","","","","","","","","","","","","","","","","","","","",""
"PFHQQB2C","journalArticle","","Proença-Ferreira, António","Extensive pastures and dirt-road verges promote landscape connectivity for a threatened rodent in Mediterranean farmland","","","","","","","","2026-06-21 20:16:17","2026-06-21 20:16:17","","","","","","","","","","","","","","","","","","","","","","","","","","","","","","","","","","","","","","","","","","","","","","","","","","","","","","","","","","","","","","","","","","","","","","","","",""
"84632RPP","journalArticle","","Proença-Ferreira, António","Extensive pastures and dirt-road verges promote landscape connectivity for a threatened rodent in Mediterranean farmland","","","","","","","","2026-06-21 20:16:17","2026-06-21 20:16:17","","","","","","","","","","","","","","","","","","","","","","","","","","","","","","","","","","","","","","","","","","","","","","","","","","","","","","","","","","","","","","","","","","","","","","","","",""
"XMW9Z287","journalArticle","","Vetr, Nikolai G; Gay, Nicole R; Adkins, Joshua N; Albertson, Brent G; Amar, David","LSU Scholarly Repositor y","","","","","","","","2026-06-21 20:16:17","2026-06-21 20:16:17","","","","","","","","","","","","","","","","","","","","","","","","","","","","","","","","","","","","","","","","","","","","","","","","","","","","","","","","","","","","","","","","","","","","","","","","",""
"NQSLC44A","journalArticle","","Vetr, Nikolai G; Gay, Nicole R; Adkins, Joshua N; Albertson, Brent G; Amar, David","LSU Scholarly Repositor y","","","","","","","","2026-06-21 20:16:17","2026-06-21 20:16:17","","","","","","","","","","","","","","","","","","","","","","","","","","","","","","","","","","","","","","","","","","","","","","","","","","","","","","","","","","","","","","","","","","","","","","","","",""
"LDX7SQIA","journalArticle","2025","Lambert, Joshua W; Kucharski, Adam; Adam, Dillon C","r-superspreading","","","","","","","2025","2026-06-21 20:16:17","2026-06-21 20:16:17","","","","","","","","","","","","","","","","","","","","","","","","","","","","","","","","","","","","","","","","","","","","","","","","","","","","","","","","","","","","","","","","","","","","","","","","",""
"HCS5SNDX","journalArticle","2025","Lambert, Joshua W; Kucharski, Adam; Adam, Dillon C","r-superspreading","","","","","","","2025","2026-06-21 20:16:17","2026-06-21 20:16:17","","","","","","","","","","","","","","","","","","","","","","","","","","","","","","","","","","","","","","","","","","","","","","","","","","","","","","","","","","","","","","","","","","","","","","","","",""
"XAXX9MJ6","journalArticle","2025","Gao, Meixiang; Ye, Yanyan; Zheng, Ye; Lai, Jiangshan","2008–2023 年 R 在生态学研究中的应用","Journal of Plant Ecology","","","","","","2025","2026-06-21 20:16:17","2026-06-21 20:16:17","","1","","1","18","","","","","","","","","","","","","","","","","","","","","","","","","","","","","","","","","","","","","","","","","","","","","","","","","","","","","","","","","","","","","","","","","","","",""
"VLZTXKIW","journalArticle","2025","Gao, Meixiang; Ye, Yanyan; Zheng, Ye; Lai, Jiangshan","2008–2023 年 R 在生态学研究中的应用","Journal of Plant Ecology","","","","","","2025","2026-06-21 20:16:17","2026-06-21 20:16:17","","1","","1","18","","","","","","","","","","","","","","","","","","","","","","","","","","","","","","","","","","","","","","","","","","","","","","","","","","","","","","","","","","","","","","","","","","","",""
"W9AL9JN8","journalArticle","2025","Golański, Piotr; Golański, Michał","Statystyczna ocena wydajności serwera symulatora mieszanej rzeczywistości","Pomiary Automatyka Robotyka","","","","","","2025","2026-06-21 20:16:17","2026-06-21 20:16:17","","77–83","","3","29","","","","","","","","Sieć Badawcza Łukasiewicz-Przemysłowy Instytut Automatyki i Pomiarów","","","","","","","","","","","","","","","","","","","","","","","","","","","","","","","","","","","","","","","","","","","","","","","","","","","","","","","","","","","",""
"73B97R92","journalArticle","2025","Golański, Piotr; Golański, Michał","Statystyczna ocena wydajności serwera symulatora mieszanej rzeczywistości","Pomiary Automatyka Robotyka","","","","","","2025","2026-06-21 20:16:17","2026-06-21 20:16:17","","77–83","","3","29","","","","","","","","Sieć Badawcza Łukasiewicz-Przemysłowy Instytut Automatyki i Pomiarów","","","","","","","","","","","","","","","","","","","","","","","","","","","","","","","","","","","","","","","","","","","","","","","","","","","","","","","","","","","",""
"UV3Q2KL5","journalArticle","","Kristóf, Szabados","Do Developers Have Agency? A Longitudinal Study Revealing the Duality of Software Evolution in 65,987 Open Source Projects.","","","","","","","","2026-06-21 20:16:17","2026-06-21 20:16:17","","","","","","","","","","","","","","","","","","","","","","","","","","","","","","","","","","","","","","","","","","","","","","","","","","","","","","","","","","","","","","","","","","","","","","","","",""
"BQIJ4PYW","journalArticle","","Kristóf, Szabados","Do Developers Have Agency? A Longitudinal Study Revealing the Duality of Software Evolution in 65,987 Open Source Projects.","","","","","","","","2026-06-21 20:16:17","2026-06-21 20:16:17","","","","","","","","","","","","","","","","","","","","","","","","","","","","","","","","","","","","","","","","","","","","","","","","","","","","","","","","","","","","","","","","","","","","","","","","",""
"97QFD5BS","conferencePaper","2025","Rahmah, Nabila DA; Sari, Shania P; Ginanjar, Irlandia; Arisanti, Restu","Negative Binomial Regression Analysis Of Welfare's Impact On Crime Involving Fraud, Embezzlement, And Corruption In Indonesia","Proceedings International Conference on Applied Statistics","","","","","","2025","2026-06-21 20:16:17","2026-06-21 20:16:17","","","","1","3","","","","","","","","","","","","","","","","","","","","","","","","","","","","","","","","","","","","","","","","","","","","","","","","","","","","","","","","","","","","","","","","","","","",""
"LRPIC67B","conferencePaper","2025","Rahmah, Nabila DA; Sari, Shania P; Ginanjar, Irlandia; Arisanti, Restu","Negative Binomial Regression Analysis Of Welfare's Impact On Crime Involving Fraud, Embezzlement, And Corruption In Indonesia","Proceedings International Conference on Applied Statistics","","","","","","2025","2026-06-21 20:16:17","2026-06-21 20:16:17","","","","1","3","","","","","","","","","","","","","","","","","","","","","","","","","","","","","","","","","","","","","","","","","","","","","","","","","","","","","","","","","","","","","","","","","","","",""
"RR4Z3RH7","journalArticle","","Fuchs, Andrea; Delamer, Isabelle; Jessen, Lisa; Cott, Grace","Lack of Greenhouse Gas Emissions from a Temperate Saltmarsh in Ireland: The Influence of Vegetation Zones and Tidal Inundation","Available at SSRN 5641719","","","","","","","2026-06-21 20:16:17","2026-06-21 20:16:17","","","","","","","","","","","","","","","","","","","","","","","","","","","","","","","","","","","","","","","","","","","","","","","","","","","","","","","","","","","","","","","","","","","","","","","","",""
"HU8KDPYB","journalArticle","","Fuchs, Andrea; Delamer, Isabelle; Jessen, Lisa; Cott, Grace","Lack of Greenhouse Gas Emissions from a Temperate Saltmarsh in Ireland: The Influence of Vegetation Zones and Tidal Inundation","Available at SSRN 5641719","","","","","","","2026-06-21 20:16:17","2026-06-21 20:16:17","","","","","","","","","","","","","","","","","","","","","","","","","","","","","","","","","","","","","","","","","","","","","","","","","","","","","","","","","","","","","","","","","","","","","","","","",""
"F9NA3KNW","journalArticle","2025","Negrete Arias, Rafael; others","Caracterización de una población de Chamaeleo chamaeleon en el monumento natural Dunas de Artola (Marbella)","","","","","","","2025","2026-06-21 20:16:17","2026-06-21 20:16:17","","","","","","","","","","","","","","","","","","","","","","","","","","","","","","","","","","","","","","","","","","","","","","","","","","","","","","","","","","","","","","","","","","","","","","","","",""
"36QMGXMA","journalArticle","2025","Negrete Arias, Rafael; others","Caracterización de una población de Chamaeleo chamaeleon en el monumento natural Dunas de Artola (Marbella)","","","","","","","2025","2026-06-21 20:16:17","2026-06-21 20:16:17","","","","","","","","","","","","","","","","","","","","","","","","","","","","","","","","","","","","","","","","","","","","","","","","","","","","","","","","","","","","","","","","","","","","","","","","",""
"B749S53E","journalArticle","2025","Çetinkaya, Merve Kandemir; Kaçıranlar, Selahattin","Jackknifed estimators for generalized linear models with multicollinearity","Hacettepe Journal of Mathematics and Statistics","","","","","","2025","2026-06-21 20:16:17","2026-06-21 20:16:17","","684–709","","2","54","","","","","","","","Hacettepe University","","","","","","","","","","","","","","","","","","","","","","","","","","","","","","","","","","","","","","","","","","","","","","","","","","","","","","","","","","","",""
"HNC7CIC7","journalArticle","2025","Çetinkaya, Merve Kandemir; Kaçıranlar, Selahattin","Jackknifed estimators for generalized linear models with multicollinearity","Hacettepe Journal of Mathematics and Statistics","","","","","","2025","2026-06-21 20:16:17","2026-06-21 20:16:17","","684–709","","2","54","","","","","","","","Hacettepe University","","","","","","","","","","","","","","","","","","","","","","","","","","","","","","","","","","","","","","","","","","","","","","","","","","","","","","","","","","","",""
"QKQKP3L5","journalArticle","2025","Lambert, Joshua W; Kucharski, Adam; Adam, Dillon C","superspreading: Estimate individual-level variation in transmission","","","","","","","2025","2026-06-21 20:16:17","2026-06-21 20:16:17","","","","","","","","","","","","","","","","","","","","","","","","","","","","","","","","","","","","","","","","","","","","","","","","","","","","","","","","","","","","","","","","","","","","","","","","",""
"FAPR79MM","journalArticle","2025","Lambert, Joshua W; Kucharski, Adam; Adam, Dillon C","superspreading: Estimate individual-level variation in transmission","","","","","","","2025","2026-06-21 20:16:17","2026-06-21 20:16:17","","","","","","","","","","","","","","","","","","","","","","","","","","","","","","","","","","","","","","","","","","","","","","","","","","","","","","","","","","","","","","","","","","","","","","","","",""
"JJ8HA5QU","journalArticle","2025","Moro, Pablo Esgueva","DISTRIBUTION FITTING in C+","","","","","","","2025","2026-06-21 20:16:17","2026-06-21 20:16:17","","","","","","","","","","","","","","","","","","","","","","","","","","","","","","","","","","","","","","","","","","","","","","","","","","","","","","","","","","","","","","","","","","","","","","","","",""
"9NSSQ6M7","journalArticle","2025","Moro, Pablo Esgueva","DISTRIBUTION FITTING in C+","","","","","","","2025","2026-06-21 20:16:17","2026-06-21 20:16:17","","","","","","","","","","","","","","","","","","","","","","","","","","","","","","","","","","","","","","","","","","","","","","","","","","","","","","","","","","","","","","","","","","","","","","","","",""
"ZZHYYC4S","journalArticle","2025","Souza, Sheila Trierveiler de","Limitações nutricionais nos invertebrados da serapilheira em florestas da Amazônia Central","","","","","","","2025","2026-06-21 20:16:17","2026-06-21 20:16:17","","","","","","","","","","","","","Instituto Nacional de Pesquisas da Amazônia-INPA","","","","","","","","","","","","","","","","","","","","","","","","","","","","","","","","","","","","","","","","","","","","","","","","","","","","","","","","","","","",""
"4QAXHDCD","journalArticle","2025","Souza, Sheila Trierveiler de","Limitações nutricionais nos invertebrados da serapilheira em florestas da Amazônia Central","","","","","","","2025","2026-06-21 20:16:17","2026-06-21 20:16:17","","","","","","","","","","","","","Instituto Nacional de Pesquisas da Amazônia-INPA","","","","","","","","","","","","","","","","","","","","","","","","","","","","","","","","","","","","","","","","","","","","","","","","","","","","","","","","","","","",""
"FX3FUTHB","journalArticle","2025","Binkowski, Łukasz J","CO PTAKI MOGĄ POWIEDZIEĆ O ZANIECZYSZCZENIACH? ANALIZA STATYSTYCZNA DANYCH ŚRODOWISKOWYCH.","","","","","","","2025","2026-06-21 20:16:17","2026-06-21 20:16:17","","","","","","","","","","","","","","","","","","","","","","","","","","","","","","","","","","","","","","","","","","","","","","","","","","","","","","","","","","","","","","","","","","","","","","","","",""
"UHZGW9TR","journalArticle","2025","Binkowski, Łukasz J","CO PTAKI MOGĄ POWIEDZIEĆ O ZANIECZYSZCZENIACH? ANALIZA STATYSTYCZNA DANYCH ŚRODOWISKOWYCH.","","","","","","","2025","2026-06-21 20:16:17","2026-06-21 20:16:17","","","","","","","","","","","","","","","","","","","","","","","","","","","","","","","","","","","","","","","","","","","","","","","","","","","","","","","","","","","","","","","","","","","","","","","","",""
"Q8DLKFWJ","journalArticle","","TÖRNQVIST, OSCAR","Modellering av effekter av fysisk påverkan på makrovegetation och epibentisk fauna","","","","","","","","2026-06-21 20:16:17","2026-06-21 20:16:17","","","","","","","","","","","","","","","","","","","","","","","","","","","","","","","","","","","","","","","","","","","","","","","","","","","","","","","","","","","","","","","","","","","","","","","","",""
"VYNGXMKY","journalArticle","","TÖRNQVIST, OSCAR","Modellering av effekter av fysisk påverkan på makrovegetation och epibentisk fauna","","","","","","","","2026-06-21 20:16:17","2026-06-21 20:16:17","","","","","","","","","","","","","","","","","","","","","","","","","","","","","","","","","","","","","","","","","","","","","","","","","","","","","","","","","","","","","","","","","","","","","","","","",""
"Q9ZJWFFY","journalArticle","","Simoes, BGS; Puga, CA; Junqueira, AOR","VARIAÇÃO TEMPORAL DA BIOTA DE COSTÕES ROCHOSOS DA BAÍA DE GUANABARA NUM CONTEXTO DE LONGA DURAÇÃO","bjast","","","","","","","2026-06-21 20:16:17","2026-06-21 20:16:17","","20662","","2","28","","","","","","","","","","","","","","","","","","","","","","","","","","","","","","","","","","","","","","","","","","","","","","","","","","","","","","","","","","","","","","","","","","","",""
"VSGNZVN9","journalArticle","","Simoes, BGS; Puga, CA; Junqueira, AOR","VARIAÇÃO TEMPORAL DA BIOTA DE COSTÕES ROCHOSOS DA BAÍA DE GUANABARA NUM CONTEXTO DE LONGA DURAÇÃO","bjast","","","","","","","2026-06-21 20:16:17","2026-06-21 20:16:17","","20662","","2","28","","","","","","","","","","","","","","","","","","","","","","","","","","","","","","","","","","","","","","","","","","","","","","","","","","","","","","","","","","","","","","","","","","","",""
"F75C2XAK","journalArticle","2025","Jaffray, Bruce","Defining an Anastomotic Stricture Following Oesophageal Atresia Repair","Journal of Pediatric Surgery","","","","","","2025","2026-06-21 20:16:17","2026-06-21 20:16:17","","162405","","9","60","","","","","","","","Elsevier","","","","","","","","","","","","","","","","","","","","","","","","","","","","","","","","","","","","","","","","","","","","","","","","","","","","","","","","","","","",""
"YVFRXQYY","journalArticle","2025","Jaffray, Bruce","Defining an Anastomotic Stricture Following Oesophageal Atresia Repair","Journal of Pediatric Surgery","","","","","","2025","2026-06-21 20:16:17","2026-06-21 20:16:17","","162405","","9","60","","","","","","","","Elsevier","","","","","","","","","","","","","","","","","","","","","","","","","","","","","","","","","","","","","","","","","","","","","","","","","","","","","","","","","","","",""
"XWJA6GXU","journalArticle","","Rodriguez Hernandez, Ivan Francisco","Alternative formats","","","","","","","","2026-06-21 20:16:17","2026-06-21 20:16:17","","","","","","","","","","","","","","","","","","","","","","","","","","","","","","","","","","","","","","","","","","","","","","","","","","","","","","","","","","","","","","","","","","","","","","","","",""
"E6DKBR8Q","journalArticle","","Rodriguez Hernandez, Ivan Francisco","Alternative formats","","","","","","","","2026-06-21 20:16:17","2026-06-21 20:16:17","","","","","","","","","","","","","","","","","","","","","","","","","","","","","","","","","","","","","","","","","","","","","","","","","","","","","","","","","","","","","","","","","","","","","","","","",""
"YUPMTLFW","journalArticle","2026","Aryadoust, Vahid; Jia, Yichen","Univariate normality checking practices in L2 research: An AI-assisted systematic review","Studies in Second Language Acquisition","","","","","","2026","2026-06-21 20:18:17","2026-06-21 20:18:17","","1–36","","","","","","","","","","","Cambridge University Press","","","","","","","","","","","","","","","","","","","","","","","","","","","","","","","","","","","","","","","","","","","","","","","","","","","","","","","","","","","",""
"9BB7KQ7J","journalArticle","2026","Planert, Henrike; Mittermaier, Franz Xaver; Grosser, Sabine; Fidzinski, Pawel; Schneider, Ulf Christoph; Radbruch, Helena; Onken, Julia; Holtkamp, Martin; Schmitz, Dietmar; Alle, Henrik; others","Electrophysiological classification of human layer 2–3 pyramidal neurons reveals subtype-specific synaptic interactions","Nature neuroscience","","","","","","2026","2026-06-21 20:18:17","2026-06-21 20:18:17","","455–466","","2","29","","","","","","","","Nature Publishing Group US New York","","","","","","","","","","","","","","","","","","","","","","","","","","","","","","","","","","","","","","","","","","","","","","","","","","","","","","","","","","","",""
"7NFL5WAX","journalArticle","2026","Raimondi, Teresa; Haas, Caroline E; Mendez-Arostegui, Margarita; Jadoul, Yannick; Ravignani, Andrea; others","Neonatal auditory input affects vocal development in harbour seals","PHILOSOPHICAL TRANSACTIONS-ROYAL SOCIETY. BIOLOGICAL SCIENCES","","","","","","2026","2026-06-21 20:18:17","2026-06-21 20:18:17","","1–14","","1943","381","","","","","","","","Royal Society","","","","","","","","","","","","","","","","","","","","","","","","","","","","","","","","","","","","","","","","","","","","","","","","","","","","","","","","","","","",""
"SPTL2WA9","journalArticle","2026","Li, Zhongqin; Niklas, Karl J; Wang, Jinfeng; Deng, Linli; Huang, Weiwei; Shi, Peijian","Scaling relationship between total leaf size and total number of leaves per culm of Semiarundinaria densiflora","Annals of Botany","","","","","","2026","2026-06-21 20:18:17","2026-06-21 20:18:17","","1179–1186","","5","137","","","","","","","","Oxford University Press UK","","","","","","","","","","","","","","","","","","","","","","","","","","","","","","","","","","","","","","","","","","","","","","","","","","","","","","","","","","","",""
"553EDNTS","journalArticle","2026","Ardiyanti, Rizza; Azrague, Kamal; Hallé, Cynthia","From wastewater to soil improver: Assessing the risks and quality of wastewater resource recovery products","Journal of Cleaner Production","","","","","","2026","2026-06-21 20:18:17","2026-06-21 20:18:17","","148529","","","565","","","","","","","","Elsevier","","","","","","","","","","","","","","","","","","","","","","","","","","","","","","","","","","","","","","","","","","","","","","","","","","","","","","","","","","","",""
"T8XYFEZ3","journalArticle","2026","Xu, Chen; Zhai, Xianyue; Kan, Zexi; Bian, Ziyao; Wang, Borui; Kang, Xilong; Jiao, Xinan; Meng, Chuang; Pan, Zhiming","Analysis of risk profiles for Salmonella exposure from pork consumption in China: A combined Meta-analysis and quantitative microbial risk assessment model","Food Research International","","","","","","2026","2026-06-21 20:18:17","2026-06-21 20:18:17","","119751","","","","","","","","","","","Elsevier","","","","","","","","","","","","","","","","","","","","","","","","","","","","","","","","","","","","","","","","","","","","","","","","","","","","","","","","","","","",""
"MMSI7JR6","journalArticle","2026","Araujo-Silva, Heloysa; Schaaf, Marcel; Luchiari, Ana Carolina; Tudorache, Christian","Acute effects of alcohol and nicotine on behaviour in proactive and reactive zebrafish coping styles","Progress in Neuro-Psychopharmacology and Biological Psychiatry","","","","","","2026","2026-06-21 20:18:17","2026-06-21 20:18:17","","111792","","","","","","","","","","","Elsevier","","","","","","","","","","","","","","","","","","","","","","","","","","","","","","","","","","","","","","","","","","","","","","","","","","","","","","","","","","","",""
"FURA2EFN","journalArticle","2026","Ros, Albert; Baer, Jan; Fromherz, Matthias; Geist, Juergen; Brinker, Alexander","Buoyancy aptitude of the European wels catfish in relation to vertical migration and hunting behaviour","Movement Ecology","","","","","","2026","2026-06-21 20:18:17","2026-06-21 20:18:17","","","","","","","","","","","","","Springer","","","","","","","","","","","","","","","","","","","","","","","","","","","","","","","","","","","","","","","","","","","","","","","","","","","","","","","","","","","",""
"BHT9NC8Q","journalArticle","2026","Seelig, Simon; Thalheim, Felix; Seelig, Magdalena; Töchterle, Paul; Vremec, Matevž; Masten, Martin; Brielmann, Heike; Eybl, Jutta; Winkler, Gerfried","Young water fractions in spring discharge","Journal of Hydrology","","","","","","2026","2026-06-21 20:18:17","2026-06-21 20:18:17","","135221","","","","","","","","","","","Elsevier","","","","","","","","","","","","","","","","","","","","","","","","","","","","","","","","","","","","","","","","","","","","","","","","","","","","","","","","","","","",""
"G9Z2HA9P","journalArticle","2026","Olivos, Carlos; Vinel, Alexander; Silva, Daniel F","Modeling flex-route transit systems with a continuous approximation Markovian approach","Computers & Operations Research","","","","","","2026","2026-06-21 20:18:17","2026-06-21 20:18:17","","107562","","","194","","","","","","","","Elsevier","","","","","","","","","","","","","","","","","","","","","","","","","","","","","","","","","","","","","","","","","","","","","","","","","","","","","","","","","","","",""
"LLUBLAFS","journalArticle","2026","Hale, Charles O; Hsu, Sheng-Kai; Zhai, Jingjing; Schulz, Aimee; Aubuchon-Elder, Taylor; Costa-Neto, Germano; Gelfond, Allen; El-Walid, Mohamed Z; Hufford, Matthew; Kellogg, Elizabeth A; others","Widespread turnover of a conserved cis-regulatory code across 589 grass species","Molecular Biology and Evolution","","","","","","2026","2026-06-21 20:18:17","2026-06-21 20:18:17","","msaf324","","1","43","","","","","","","","Oxford University Press UK","","","","","","","","","","","","","","","","","","","","","","","","","","","","","","","","","","","","","","","","","","","","","","","","","","","","","","","","","","","",""
"N5CNDLDT","journalArticle","2026","Isabwe, Alain; Stow, Craig A; Godwin, Casey M","Microcystin in western Lake Erie: co-occurrence with biomass indicators, and the effects of abiotic factors","Ecological Informatics","","","","","","2026","2026-06-21 20:18:17","2026-06-21 20:18:17","","103857","","","","","","","","","","","Elsevier","","","","","","","","","","","","","","","","","","","","","","","","","","","","","","","","","","","","","","","","","","","","","","","","","","","","","","","","","","","",""
"I9PVQ6G8","journalArticle","2026","Gintberg, Marcus Max; Bahrndorff, Simon; Andersen, Line Holm","Time-dependent effects of beavers on terrestrial invertebrate biomass and diversity","iScience","","","","","","2026","2026-06-21 20:18:17","2026-06-21 20:18:17","","","","6","29","","","","","","","","Elsevier","","","","","","","","","","","","","","","","","","","","","","","","","","","","","","","","","","","","","","","","","","","","","","","","","","","","","","","","","","","",""
"5FEZJBKP","journalArticle","2026","Hautefeuille, Sophie; Tareb, Raouf; Bouju-Albert, Agnès; Misery, Boris; Benincà, Elisa; Bergval, Indra; Laroche, Béatrice; Guillou, Sandrine; Haddad, Nabila","Campylobacter Survival Potentially Influenced By Key Microbial Species Within The microbiota on Free-Range Broiler Carcasses During Refrigerated Storage","Food Microbiology","","","","","","2026","2026-06-21 20:18:17","2026-06-21 20:18:17","","105156","","","","","","","","","","","Elsevier","","","","","","","","","","","","","","","","","","","","","","","","","","","","","","","","","","","","","","","","","","","","","","","","","","","","","","","","","","","",""
"Z6GFYIL4","journalArticle","2026","Crépeault, Olivier; Turmel, Monique; Otis, Christian; Pombert, Jean-François; Lemieux, Claude","Genomic and transcriptomic basis of morphological and life cycle diversity in the prasinophyte alga Pseudoscourfieldia marina","Communications Biology","","","","","","2026","2026-06-21 20:18:17","2026-06-21 20:18:17","","","","","","","","","","","","","Nature Publishing Group UK London","","","","","","","","","","","","","","","","","","","","","","","","","","","","","","","","","","","","","","","","","","","","","","","","","","","","","","","","","","","",""
"HYXCD4KK","journalArticle","2026","Stanton, Isobel C; Brass, Dominic P; Tipper, Holly J; Payne, Rachel A; Murray, Aimee K; Shelton, Jennifer MG; Pym, Adam M; Hart, Alwyn; Read, Daniel S; Gaze, William H; others","Predicting antifungal concentrations that select for resistance: an enhanced approach to establish environmental thresholds","Environment International","","","","","","2026","2026-06-21 20:18:17","2026-06-21 20:18:17","","110178","","","","","","","","","","","Elsevier","","","","","","","","","","","","","","","","","","","","","","","","","","","","","","","","","","","","","","","","","","","","","","","","","","","","","","","","","","","",""
"7S9Q6LAX","journalArticle","2026","Hoppmann, Frederike; Bluhm, Bodil A; Gradinger, Rolf; Buschbaum, Christian; McGovern, Maeve; Molis, Markus","Predator exclusion and riverine input: Effects on sub-Arctic intertidal soft-bottom macrobenthos","Journal of Experimental Marine Biology and Ecology","","","","","","2026","2026-06-21 20:18:17","2026-06-21 20:18:17","","152204","","","602","","","","","","","","Elsevier","","","","","","","","","","","","","","","","","","","","","","","","","","","","","","","","","","","","","","","","","","","","","","","","","","","","","","","","","","","",""
"Q5S3ZRCE","journalArticle","2026","Umbra, Robin; Fasbender, Ulrike","Moral transgressions, moral emotions, and regulatory behaviours at work: evidence from two studies","European Journal of Work and Organizational Psychology","","","","","","2026","2026-06-21 20:18:17","2026-06-21 20:18:17","","1–18","","","","","","","","","","","Taylor & Francis","","","","","","","","","","","","","","","","","","","","","","","","","","","","","","","","","","","","","","","","","","","","","","","","","","","","","","","","","","","",""
"DPSLJQJV","journalArticle","2026","Chakraborti, Udipta; Mukhopadhyay, Snigdha; Annagiri, Sumana","Restriction of pedicel-flagellum joint in the antennae negatively impacts recruitment but not exploration in ants","Movement Ecology","","","","","","2026","2026-06-21 20:18:17","2026-06-21 20:18:17","","","","","","","","","","","","","Springer","","","","","","","","","","","","","","","","","","","","","","","","","","","","","","","","","","","","","","","","","","","","","","","","","","","","","","","","","","","",""
"2WADZFBH","journalArticle","2026","Li, Yudi; Saul-Gershenz, Leslie; Walston, Leroy J; Hartmann, Heidi M; Tew, Nicholas; Gardner, Joel D; Letana, Socrates; Hernandez, Rebecca R","Enhanced bloom and pollinator diversity from native prairie restoration at a photovoltaic solar park","Journal of Environmental Management","","","","","","2026","2026-06-21 20:18:17","2026-06-21 20:18:17","","129382","","","404","","","","","","","","Elsevier","","","","","","","","","","","","","","","","","","","","","","","","","","","","","","","","","","","","","","","","","","","","","","","","","","","","","","","","","","","",""
"S4RW337J","journalArticle","2026","Feng, Zi-Jian; Martin, Sandra; Numssen, Ole; Weise, Konstantin; Jing, Ying; Gerardos, Gerasimos; Martin, Carla; Hartwigsen, Gesa; Knösche, Thomas R","Target-Specificity and repeatability in neuro-cardiac-guided TMS for heart-brain coupling","Translational Psychiatry","","","","","","2026","2026-06-21 20:18:17","2026-06-21 20:18:17","","","","","","","","","","","","","Nature Publishing Group UK London","","","","","","","","","","","","","","","","","","","","","","","","","","","","","","","","","","","","","","","","","","","","","","","","","","","","","","","","","","","",""
"G4NV5U75","journalArticle","2026","Laffi, Lia; Raimondi, Teresa; De Gregorio, Chiara; Valente, Daria; Cristiano, Walter; Carugati, Filippo; Ferrario, Valeria; Torti, Valeria; Ratsimbazafy, Jonah; Giacoma, Cristina; others","The Ontogeny of Vocal Rhythms in a Non-Human Primate","Developmental Science","","","","","","2026","2026-06-21 20:18:17","2026-06-21 20:18:17","","e70189","","3","29","","","","","","","","Wiley Online Library","","","","","","","","","","","","","","","","","","","","","","","","","","","","","","","","","","","","","","","","","","","","","","","","","","","","","","","","","","","",""
"D32HVGCQ","journalArticle","2026","dos Santos, Bruno Dias; Moghadasi, Mahdis; Páez, Antonio","A 30-year analysis of active travel behaviour in Canada","Journal of Transport Geography","","","","","","2026","2026-06-21 20:18:17","2026-06-21 20:18:17","","104561","","","131","","","","","","","","Elsevier","","","","","","","","","","","","","","","","","","","","","","","","","","","","","","","","","","","","","","","","","","","","","","","","","","","","","","","","","","","",""
"RYAZQ2D5","journalArticle","2026","Zizka, Vera; Schwesig, Katharina; Gurjar, Tanvi; Engel, Nele; Hölzel, Norbert; Scherber, Christoph","Management of wetlands in mining sites conserves habitat for threatened amphibians","Journal for Nature Conservation","","","","","","2026","2026-06-21 20:18:17","2026-06-21 20:18:17","","127330","","","","","","","","","","","Elsevier","","","","","","","","","","","","","","","","","","","","","","","","","","","","","","","","","","","","","","","","","","","","","","","","","","","","","","","","","","","",""
"WB9G8ZWQ","journalArticle","2026","Qomi, M Naghizadeh; Fernández, Arturo J; Pérez-González, Carlos J","Optimal truncated repetitive sampling inspection plans under time-censoring based on type-I half-logistic Nadarajah-Haghighi distribution","Proceedings of the Institution of Mechanical Engineers, Part O: Journal of Risk and Reliability","","","","","","2026","2026-06-21 20:18:17","2026-06-21 20:18:17","","527–539","","2","240","","","","","","","","SAGE Publications Sage UK: London, England","","","","","","","","","","","","","","","","","","","","","","","","","","","","","","","","","","","","","","","","","","","","","","","","","","","","","","","","","","","",""
"X3F2S4VX","journalArticle","2026","Paupe, Anastasia; Le Souchu, Elodie; Bouget, Christophe; Daugeron, Christophe; Quindroit, Clovis; Gloaguen, Pierre-Yves; Grootaert, Patrick; Ashworth, Mike; Beuk, Paul LT; Lauriaut, Christophe; others","Fly me to the canopy: Diptera communities in oak forest crowns as bioindicators of stand decline","Insect Conservation and Diversity","","","","","","2026","2026-06-21 20:18:17","2026-06-21 20:18:17","","","","","","","","","","","","","Wiley Online Library","","","","","","","","","","","","","","","","","","","","","","","","","","","","","","","","","","","","","","","","","","","","","","","","","","","","","","","","","","","",""
"8EVLC929","journalArticle","2026","Ruckstuhl, Kathreen E; Sosa, Sebastian; Clutton-Brock, Tim","Associations between lifetime fitness and social bonds in female red deer","Royal Society Open Science","","","","","","2026","2026-06-21 20:18:17","2026-06-21 20:18:17","","","","","13","","","","","","","","","","","","","","","","","","","","","","","","","","","","","","","","","","","","","","","","","","","","","","","","","","","","","","","","","","","","","","","","","","","",""
"S8ZJ43G9","journalArticle","2026","Singhopon, Tippawan; Canh, Vu Duc; Kadoya, Syun-suke; Katayama, Hiroyuki","A Full-Scale Co-Located Comparison of Virus Removal by Membrane Bioreactor and Conventional Activated Sludge Systems","Water Research","","","","","","2026","2026-06-21 20:18:17","2026-06-21 20:18:17","","125352","","","","","","","","","","","Elsevier","","","","","","","","","","","","","","","","","","","","","","","","","","","","","","","","","","","","","","","","","","","","","","","","","","","","","","","","","","","",""
"W8XBWXQI","journalArticle","2026","Qadiry, Zahra; Rezaeigolestani, Mohammadreza; others","Salmonella in raw lamb liver: experimental growth kinetics and a quantitative microbial risk assessment from evisceration to consumption","Food Bioscience","","","","","","2026","2026-06-21 20:18:17","2026-06-21 20:18:17","","108885","","","","","","","","","","","Elsevier","","","","","","","","","","","","","","","","","","","","","","","","","","","","","","","","","","","","","","","","","","","","","","","","","","","","","","","","","","","",""
"Y7TAQ7AJ","journalArticle","2026","Mayr, Cintia; Dankó, Emese; Antonielli, Livio; Kostić, Tanja","Influence of cabbage farming practice and potato peel addition on the endpoint microbial community in sauerkraut fermentation","International Journal of Food Microbiology","","","","","","2026","2026-06-21 20:18:17","2026-06-21 20:18:17","","111742","","","","","","","","","","","Elsevier","","","","","","","","","","","","","","","","","","","","","","","","","","","","","","","","","","","","","","","","","","","","","","","","","","","","","","","","","","","",""
"FVKE3DMR","journalArticle","2026","López, Boris A; Jeldres, Ricardo; Bravo, Macarena; Jofré-Madariaga, David; Latapiat, Camila; Salazar, Javiera; Quinchagual, Felipe A; Thiel, Martin; Tala, Fadia; Macaya, Erasmo C","Traveling Seaweeds—Seasonal and Latitudinal Diversity of Epiphytic Seaweeds on Stranded Rafts of the Floating Seaweed Durvillaea incurvata Along the Chilean Coast","Journal of Marine Science and Engineering","","","","","","2026","2026-06-21 20:18:17","2026-06-21 20:18:17","","781","","9","14","","","","","","","","MDPI","","","","","","","","","","","","","","","","","","","","","","","","","","","","","","","","","","","","","","","","","","","","","","","","","","","","","","","","","","","",""
"4QCM335N","journalArticle","2026","Mincke, Jens; Kloth, Karen J; Verbeke, Sarah; Kersemans, Ken; Vandenberghe, Stefaan; Vanhove, Christian; Steppe, Kathy","Investigating phloem transport dynamics in Arabidopsis through compartmental modelling of positron emission tomography data","Plant Methods","","","","","","2026","2026-06-21 20:18:17","2026-06-21 20:18:17","","","","","","","","","","","","","Springer","","","","","","","","","","","","","","","","","","","","","","","","","","","","","","","","","","","","","","","","","","","","","","","","","","","","","","","","","","","",""
"9Q6TUEN3","journalArticle","2026","Figueroa-Muñoz, Guillermo; Murphy, Christina; Zydlewski, Joseph","Composite samples for perfluorooctanesulfonate (PFOS) in fish may change contaminant threshold decisions","Integrated Environmental Assessment and Management","","","","","","2026","2026-06-21 20:18:17","2026-06-21 20:18:17","","vjag060","","","","","","","","","","","Oxford University Press","","","","","","","","","","","","","","","","","","","","","","","","","","","","","","","","","","","","","","","","","","","","","","","","","","","","","","","","","","","",""
"LHCVYM6Y","journalArticle","2026","Cossa, Norton; Machaieie, Helder Arlindo; Nataniel, Anildo; Maoze, Dercio; Lebrato, Mario","Climate-driven ocean warming and productivity may reshape the future of tropical tuna fisheries","Frontiers in Marine Science","","","","","","2026","2026-06-21 20:18:17","2026-06-21 20:18:17","","1693205","","","13","","","","","","","","Frontiers Media SA","","","","","","","","","","","","","","","","","","","","","","","","","","","","","","","","","","","","","","","","","","","","","","","","","","","","","","","","","","","",""
"7C34FX65","journalArticle","2026","Ros, Albert; Baer, Jan; Fromherz, Matthias; Geist, Juergen; Brinker, Alexander","Site Fidelity, Depth Preference and Vertical Movement Patterns of Lentic and Lotic European Catfish Silurus glanis","Fisheries Management and Ecology","","","","","","2026","2026-06-21 20:18:17","2026-06-21 20:18:17","","","","","","","","","","","","","Wiley Online Library","","","","","","","","","","","","","","","","","","","","","","","","","","","","","","","","","","","","","","","","","","","","","","","","","","","","","","","","","","","",""
"BKI3SF8N","journalArticle","2026","Lynch, Colin M; Villalobos, Rene; Valadez Mesta, Brenda Leticia; Gomez Guillen, Cesar; Mireles, Jorge; Wicker, Ryan B","Determining Univariate Equivalency of Additively Manufactured Parts","Journal of Manufacturing and Materials Processing","","","","","","2026","2026-06-21 20:18:17","2026-06-21 20:18:17","","134","","4","10","","","","","","","","MDPI","","","","","","","","","","","","","","","","","","","","","","","","","","","","","","","","","","","","","","","","","","","","","","","","","","","","","","","","","","","",""
"LVZN2Q6P","journalArticle","2026","Costa, Luiz Flávio Nunes; Lafetá, Bruno Oliveira; Alves, Magno Geraldo Lessa; Nunes, Ricardo Souza; Dias, Vitória Mariana Costa; Fontan, Ivan da Costa Ilhéu; da Rocha Miranda, Jonathan","Dominant tree height for predicting diameter distribution in the Brazilian Western Amazon","Forest Ecology and Management","","","","","","2026","2026-06-21 20:18:17","2026-06-21 20:18:17","","123861","","","615","","","","","","","","Elsevier","","","","","","","","","","","","","","","","","","","","","","","","","","","","","","","","","","","","","","","","","","","","","","","","","","","","","","","","","","","",""
"IR4CS4A8","journalArticle","2026","La Magna, Nicola; Bettelli, Alice; Nenna, Federica; Orso, Valeria; Pierobon, Leonardo; Mingardi, Michele; Gamberini, Luciano","Flying in virtual reality on 3 different axes: evaluation of the effects of a full rotating VR interface on performance, cybersickness and user experience","Virtual Reality","","","","","","2026","2026-06-21 20:18:17","2026-06-21 20:18:17","","","","","","","","","","","","","Springer","","","","","","","","","","","","","","","","","","","","","","","","","","","","","","","","","","","","","","","","","","","","","","","","","","","","","","","","","","","",""
"Z5ARY2VZ","journalArticle","2026","Carrera-Rojo, Ronald Pio; Ramírez-Peralta, José Antonio; Cornejo-Herrera, José Manuel; Reategui-Vega, José; Oscco-Medina, Itnan; Maraví-Loyola, Jazmín Yurema; Huayta-Hinojosa, L David","Association of Agro-Morphological Traits With Cup Quality in Accessions of Coffea arabica L. From the INIA Germplasm Bank, Peru","Journal of Sustainable Agriculture and Environment","","","","","","2026","2026-06-21 20:18:17","2026-06-21 20:18:17","","e70173","","2","5","","","","","","","","Wiley Online Library","","","","","","","","","","","","","","","","","","","","","","","","","","","","","","","","","","","","","","","","","","","","","","","","","","","","","","","","","","","",""
"UX3J94IK","journalArticle","2026","de Larrinoa, Pablo Fernández; Harting, Albert; Baker, Jason; Littnan, Charles; González, Luis","Modeling to aid in the planning for reintroduction of Mediterranean monk seals","Endangered Species Research","","","","","","2026","2026-06-21 20:18:17","2026-06-21 20:18:17","","1–11","","","60","","","","","","","","","","","","","","","","","","","","","","","","","","","","","","","","","","","","","","","","","","","","","","","","","","","","","","","","","","","","","","","","","","","",""
"D2SL24GN","journalArticle","2026","Franzén, Markus; Forsman, Anders; Kindvall, Oskar; Johansson, Victor","Distance of movement in three threatened butterfly species","Ecological Entomology","","","","","","2026","2026-06-21 20:18:17","2026-06-21 20:18:17","","250–260","","2","51","","","","","","","","Wiley Online Library","","","","","","","","","","","","","","","","","","","","","","","","","","","","","","","","","","","","","","","","","","","","","","","","","","","","","","","","","","","",""
"DML983YU","journalArticle","2026","Wang, Xiaojun; Feng, Xiaoyuan; Zhou, Zhichao; Li, Meng; Zhang, Rui","A pre-LECA origin of giant viruses as revealed by polymerase-based time tree","Molecular Phylogenetics and Evolution","","","","","","2026","2026-06-21 20:18:17","2026-06-21 20:18:17","","108602","","","","","","","","","","","Elsevier","","","","","","","","","","","","","","","","","","","","","","","","","","","","","","","","","","","","","","","","","","","","","","","","","","","","","","","","","","","",""
"SSV7J9KY","journalArticle","2026","Alger, Emily; Mandrekar, Sumithra J; Yin, Jun; Yap, Christina","PRO-ADD: Patient-empowered dose-finding trials integrating safety, preliminary efficacy and patient-reported outcomes for optimal dose selection","Statistical Methods in Medical Research","","","","","","2026","2026-06-21 20:18:17","2026-06-21 20:18:17","","09622802261435969","","","","","","","","","","","SAGE Publications Sage UK: London, England","","","","","","","","","","","","","","","","","","","","","","","","","","","","","","","","","","","","","","","","","","","","","","","","","","","","","","","","","","","",""
"R9RI48T6","journalArticle","2026","Soto-Escobar, Cristóbal; Zambrano-Bigiarini, Mauricio; Tolorza, Violeta; Garreaud, René","Developing Intensity-Duration-Frequency (IDF) curves using sub-daily gridded and in situ datasets: characterising precipitation extremes in a drying climate","Hydrology and Earth System Sciences","","","","","","2026","2026-06-21 20:18:17","2026-06-21 20:18:17","","91–117","","1","30","","","","","","","","Copernicus Publications Göttingen, Germany","","","","","","","","","","","","","","","","","","","","","","","","","","","","","","","","","","","","","","","","","","","","","","","","","","","","","","","","","","","",""
"IGSZL2J6","journalArticle","2026","Lerner, Joshua E; Feagin, Rusty A; Huff, Thomas P; Najjar, Raymond G; Layton, Astrid; Herrmann, Maria; Fuentes, Jose D","A fundamental trade-off among resilience, resistance, efficiency, and redundancy in tidal wetlands","Ecology","","","","","","2026","2026-06-21 20:18:17","2026-06-21 20:18:17","","e70293","","1","107","","","","","","","","Wiley Online Library","","","","","","","","","","","","","","","","","","","","","","","","","","","","","","","","","","","","","","","","","","","","","","","","","","","","","","","","","","","",""
"QZ6SAEEF","journalArticle","2026","Organ, Eamonn; Upton, Maeve; Allard, Denis; Benoit, Lionel; Sweeney, James","Enhancing the Accuracy of Spatio-Temporal Models for Wind Speed Prediction by Incorporating Bias-Corrected Crowdsourced Data","Environmetrics","","","","","","2026","2026-06-21 20:18:17","2026-06-21 20:18:17","","e70069","","2","37","","","","","","","","Wiley Online Library","","","","","","","","","","","","","","","","","","","","","","","","","","","","","","","","","","","","","","","","","","","","","","","","","","","","","","","","","","","",""
"SMW62NUW","journalArticle","2026","Rexin, Daniel; Rachmadi, Andri T; Hewitt, Joanne","Temperature-dependent inactivation of human norovirus infectivity","Food Control","","","","","","2026","2026-06-21 20:18:17","2026-06-21 20:18:17","","112076","","","","","","","","","","","Elsevier","","","","","","","","","","","","","","","","","","","","","","","","","","","","","","","","","","","","","","","","","","","","","","","","","","","","","","","","","","","",""
"BB7M7ECN","journalArticle","2026","Barratt, Alice; Welbergen, Justin A; Moore, Ben D; Hunt, Anthony; Turbill, Christopher","Torpor in a passerine bird expands the scope of avian heterothermy","Current Biology","","","","","","2026","2026-06-21 20:18:17","2026-06-21 20:18:17","","","","","","","","","","","","","Elsevier","","","","","","","","","","","","","","","","","","","","","","","","","","","","","","","","","","","","","","","","","","","","","","","","","","","","","","","","","","","",""
"WMHQSQDH","journalArticle","2026","Salah, Amina Ben; Zellou, Bouchra; Seaid, Mohammed; El Amrani, Mofdi; El Mocayd, Nabil","Projecting Chlorophyll-a distributions under climate change using Copula-based inference and SST projections","Ecological Informatics","","","","","","2026","2026-06-21 20:18:17","2026-06-21 20:18:17","","103622","","","","","","","","","","","Elsevier","","","","","","","","","","","","","","","","","","","","","","","","","","","","","","","","","","","","","","","","","","","","","","","","","","","","","","","","","","","",""
"V3Z7GT36","journalArticle","2026","Saha, Mahendra; Pareek, Pratibha; Dey, Sanku; Pandey, Arvind; Devi, Anju","Applications of a New Quantile Based Process Capability Index S pk Q S^Q_pk to Electronic and Food Industries","Quality and Reliability Engineering International","","","","","","2026","2026-06-21 20:18:17","2026-06-21 20:18:17","","815–836","","2","42","","","","","","","","Wiley Online Library","","","","","","","","","","","","","","","","","","","","","","","","","","","","","","","","","","","","","","","","","","","","","","","","","","","","","","","","","","","",""
"RQUMAAFQ","journalArticle","2026","Mason, David S; Robertson, Kevin M; Hahn, Phillip G; Bruna, Emilio M; Willis, John L; Lashley, Marcus A","Fire enables passive directed seed dispersal by birds","Current Biology","","","","","","2026","2026-06-21 20:18:17","2026-06-21 20:18:17","","28–37","","1","36","","","","","","","","Elsevier","","","","","","","","","","","","","","","","","","","","","","","","","","","","","","","","","","","","","","","","","","","","","","","","","","","","","","","","","","","",""
"WMPEB4MT","journalArticle","2026","Lou, Minghua; Chen, Yang; Shen, Dengfeng; Wei, Bin; Zhang, Jianhong","Flowering Time Distribution Characteristics of Potted Camellia Under Exogenous Hormone and Shading Treatments","Horticulturae","","","","","","2026","2026-06-21 20:18:17","2026-06-21 20:18:17","","504","","4","12","","","","","","","","MDPI","","","","","","","","","","","","","","","","","","","","","","","","","","","","","","","","","","","","","","","","","","","","","","","","","","","","","","","","","","","",""
"6U9N4TJV","journalArticle","2026","Sosa, Beatriz; Romero, David; Guerrero, José Carlos; Aranda, Melina; Achkar, Marcel","Beyond Global Models: Mapping the Spatially Contingent Relationship Between Soil Sand Content and Woody Invasion","Life","","","","","","2026","2026-06-21 20:18:17","2026-06-21 20:18:17","","709","","5","16","","","","","","","","MDPI","","","","","","","","","","","","","","","","","","","","","","","","","","","","","","","","","","","","","","","","","","","","","","","","","","","","","","","","","","","",""
"AN3LYV2P","journalArticle","2026","Guaitero, Bladimir; Cuero-Plaza, Diego Fernando; Hernández-Angarita, David Ricardo; Camargo-Tamayo, Hebert; Pisco-Ortiz, Carolina; Rodríguez, Edwin; Zuluaga, Paola; Porcel, Mario; Gutiérrez, Yeisson","Effects of pesticide use, microhabitat structure, and landscape diversity on arthropod communities, pest–disease dynamics, and yield in cacao agroecosystems","Agriculture, Ecosystems & Environment","","","","","","2026","2026-06-21 20:18:17","2026-06-21 20:18:17","","110183","","","399","","","","","","","","Elsevier","","","","","","","","","","","","","","","","","","","","","","","","","","","","","","","","","","","","","","","","","","","","","","","","","","","","","","","","","","","",""
"DBAD4LBI","journalArticle","2026","Aranda, Melina Jeanette; Guerra Aldazabal, Francisco; Piazza, María Victoria; Perez, Luis Ignacio","Novel positive interactions between invasive species: Widespread mammals disperse a non-native woody species","Journal of Applied Ecology","","","","","","2026","2026-06-21 20:18:17","2026-06-21 20:18:17","","e70277","","1","63","","","","","","","","Wiley Online Library","","","","","","","","","","","","","","","","","","","","","","","","","","","","","","","","","","","","","","","","","","","","","","","","","","","","","","","","","","","",""
"QFAUJUNV","journalArticle","2026","Kronenberg, Zev; Chua, Khi Pin; Chaisson, Mark JP; Yoo, Byunggil; Lansdon, Lisa; Rowell, William J; de Sena Brandine, Guilherme; Dolzhenko, Egor; Ikegami, Kobe; Huang, Kie Kyon; others","Hunting for microsatellite instability in long-read data with Owl","bioRxiv","","","","","","2026","2026-06-21 20:18:17","2026-06-21 20:18:17","","2026–03","","","","","","","","","","","Cold Spring Harbor Laboratory","","","","","","","","","","","","","","","","","","","","","","","","","","","","","","","","","","","","","","","","","","","","","","","","","","","","","","","","","","","",""
"I4K2RR99","journalArticle","2026","Wu, Xingzheng; Hu, Yihang","Probability density contour-based slope reliability analysis involving implicit limit state functions","Journal of Rock Mechanics and Geotechnical Engineering","","","","","","2026","2026-06-21 20:18:17","2026-06-21 20:18:17","","","","","","","","","","","","","Elsevier","","","","","","","","","","","","","","","","","","","","","","","","","","","","","","","","","","","","","","","","","","","","","","","","","","","","","","","","","","","",""
"DF4P4XKB","journalArticle","2026","Williams, Paul Allen; Guo, Deng-Fu; Olson, Alexis; Rahmouni, Kamal","Mapping the Central Autonomic Network Nodes Integrating Cardiovascular and Metabolic Control","Cellular and molecular neurobiology","","","","","","2026","2026-06-21 20:18:17","2026-06-21 20:18:17","","30","","","46","","","","","","","","Springer","","","","","","","","","","","","","","","","","","","","","","","","","","","","","","","","","","","","","","","","","","","","","","","","","","","","","","","","","","","",""
"8AX6B46Y","journalArticle","2026","Pierini, Sofía E; Simoncini, Melina S; Larriera, Alejandro; Bauso, Jazmín; Scarpa, Leonardo J; Piña, Carlos I","Environmental challenges influencing maternal care and nesting success in the Broad-snouted Caiman","Global Ecology and Conservation","","","","","","2026","2026-06-21 20:18:17","2026-06-21 20:18:17","","e04088","","","","","","","","","","","Elsevier","","","","","","","","","","","","","","","","","","","","","","","","","","","","","","","","","","","","","","","","","","","","","","","","","","","","","","","","","","","",""
"7F5HGCTX","journalArticle","2026","de Souza Moreno, Vanessa; Matos, Fabio AR; César, Ricardo G; Colleta, Gabriel D; García, Elisa Díaz; Chazdon, Robin L; Brancalion, Pedro HS","Land-use legacies drive distinct recovery trajectories and persistently shape the taxonomic and functional composition of tree communities","Forest Ecology and Management","","","","","","2026","2026-06-21 20:18:17","2026-06-21 20:18:17","","123463","","","603","","","","","","","","Elsevier","","","","","","","","","","","","","","","","","","","","","","","","","","","","","","","","","","","","","","","","","","","","","","","","","","","","","","","","","","","",""
"NKC6X7LQ","journalArticle","2026","Rooney, Ren N; Tarpy, David R; Levenson, Hannah K","Foraging behaviors of bees (Hymenoptera Apoidea) within complex pollinator habitats","Ethology Ecology & Evolution","","","","","","2026","2026-06-21 20:18:17","2026-06-21 20:18:17","","1–17","","","","","","","","","","","Taylor & Francis","","","","","","","","","","","","","","","","","","","","","","","","","","","","","","","","","","","","","","","","","","","","","","","","","","","","","","","","","","","",""
"DLD2KW7U","journalArticle","2026","Hundermark, Emma; Stoudt, Sara; Takahashi, Mizuki","Fine-scale aquatic eDNA sampling reveals significant within-and across-site variation during the expected breeding season of Cryptobranchus alleganiensis alleganiensis","Hydrobiologia","","","","","","2026","2026-06-21 20:18:17","2026-06-21 20:18:17","","1–16","","","","","","","","","","","Springer","","","","","","","","","","","","","","","","","","","","","","","","","","","","","","","","","","","","","","","","","","","","","","","","","","","","","","","","","","","",""
"UBVL32RM","journalArticle","2026","Miglianti, Mara; Bezerra-Santos, Marcos Antonio; Rizzo, Antonio; Pugliese, Nicola; Iatta, Roberta; Samarelli, Rossella; Barrs, Vanessa Rosemary Duke; Otranto, Domenico","Shared occurrence of Malassezia spp. in dogs and their owners","One Health","","","","","","2026","2026-06-21 20:18:17","2026-06-21 20:18:17","","101351","","","","","","","","","","","Elsevier","","","","","","","","","","","","","","","","","","","","","","","","","","","","","","","","","","","","","","","","","","","","","","","","","","","","","","","","","","","",""
"LJ4RHZCV","journalArticle","2026","Parsons, Sheena; Naman, Sean M; Tsui, Carter; Braun, Douglas C; Loscerbo, Daniella; Martens, Amanda Mary; Little, Chelsea","Spatiotemporal dynamics of food availability for juvenile coho salmon (Oncorhynchus kisutch) across a watershed habitat mosaic","Canadian Journal of Fisheries and Aquatic Sciences","","","","","","2026","2026-06-21 20:18:17","2026-06-21 20:18:17","","","","ja","","","","","","","","","","","","","","","","","","","","","","","","","","","","","","","","","","","","","","","","","","","","","","","","","","","","","","","","","","","","","","","","","","","","",""
"LU3HGK9C","journalArticle","2026","Bailly, Audrey; Monceau, Karine; Moreau, Jérôme","Farming practices induce contrasted effects on parasitic infections in passerine birds in agricultural landscapes","Agriculture, Ecosystems & Environment","","","","","","2026","2026-06-21 20:18:17","2026-06-21 20:18:17","","110008","","","396","","","","","","","","Elsevier","","","","","","","","","","","","","","","","","","","","","","","","","","","","","","","","","","","","","","","","","","","","","","","","","","","","","","","","","","","",""
"JUQS9LMD","journalArticle","2026","Lanza, Giovanni Tommaso; Varrà, Maria Olga; Husáková, Lenka; Piroutková, Martina; Patočka, Jan; Zanardi, Emanuela","Essential and toxic elements intake from botanical extracts: a probabilistic risk–benefit evaluation within the Italian dietary context","Journal of the Science of Food and Agriculture","","","","","","2026","2026-06-21 20:18:17","2026-06-21 20:18:17","","","","","","","","","","","","","Wiley Online Library","","","","","","","","","","","","","","","","","","","","","","","","","","","","","","","","","","","","","","","","","","","","","","","","","","","","","","","","","","","",""
"9IWK3YIG","journalArticle","2026","Vrech, David E; Cargnelutti, Franco; Oviedo-Diego, Mariela; Hebets, Eileen A; Peretti, Alfredo V","A tale of two camel spiders: divergence in sperm parameters in two Neotropical solifuge species with contrasting mating systems","Zoological Journal of the Linnean Society","","","","","","2026","2026-06-21 20:18:17","2026-06-21 20:18:17","","zlag018","","2","206","","","","","","","","Oxford University Press","","","","","","","","","","","","","","","","","","","","","","","","","","","","","","","","","","","","","","","","","","","","","","","","","","","","","","","","","","","",""
"4R6DY2S8","journalArticle","2026","Guiatin, Epiphane; Zoungrana, Adama; Bazié, Hugues Roméo; Nguyen, Thanh Thi; Lompo, Désiré Jean Pascal","Influence of anthropization on floristic diversity and carbon stocks in a Sudano-Sahelian vegetation landscape","Environmental Monitoring and Assessment","","","","","","2026","2026-06-21 20:18:17","2026-06-21 20:18:17","","418","","5","198","","","","","","","","Springer","","","","","","","","","","","","","","","","","","","","","","","","","","","","","","","","","","","","","","","","","","","","","","","","","","","","","","","","","","","",""
"V7339T7D","journalArticle","2026","Christopoulou, Anastasia; Lasut-Zmudzka, Daria; Zikos, Andreas; Chrysafis, Irene; Kapsomenakis, Ioannis; Paidi, Charitini; Ntagkounakis, Giorgos; Zevgolis, Yiannis G; Zerefos, Christos; Arianoutsou, Margarita","Revealing the ecology of Pinus peuce forests in Greece through tree rings forest dynamics and plant diversity","Discover Conservation","","","","","","2026","2026-06-21 20:18:17","2026-06-21 20:18:17","","31","","1","3","","","","","","","","Springer","","","","","","","","","","","","","","","","","","","","","","","","","","","","","","","","","","","","","","","","","","","","","","","","","","","","","","","","","","","",""
"ZPJMFYC6","journalArticle","2026","de Anca Prado, Violeta; Pértille, Fábio; Sá, Pedro; Gòdia, Marta; Rüegg, Joëlle; Jimenez-Chillaron, Josep C; Guerrero-Bosagna, Carlos","Benchmarking of methods to analyse data derived from GBS-MeDIP","BMC bioinformatics","","","","","","2026","2026-06-21 20:18:17","2026-06-21 20:18:17","","","","","","","","","","","","","Springer","","","","","","","","","","","","","","","","","","","","","","","","","","","","","","","","","","","","","","","","","","","","","","","","","","","","","","","","","","","",""
"JSCYUWF5","journalArticle","2026","Oura, Mitsuaki; Ikeda, Daisuke; Aikawa, Shuichi; Sakuma, Hajime; Fujii, Fuminari; Toho, Masanori; Uehara, Atsushi; Tabata, Rikako; Narita, Kentaro; Watari, Tomohisa; others","Soluble BCMA as a biomarker reflecting tumor volume and treatment response in Waldenström macroglobulinemia","Leukemia & Lymphoma","","","","","","2026","2026-06-21 20:18:17","2026-06-21 20:18:17","","85–96","","1","67","","","","","","","","Taylor & Francis","","","","","","","","","","","","","","","","","","","","","","","","","","","","","","","","","","","","","","","","","","","","","","","","","","","","","","","","","","","",""
"ZWGYV78T","journalArticle","2026","Allahverdipour, Pouya; Fakheri-Fard, Ahmad","Copula-Based Mapping of Compound Climate Risks to Rainfed Wheat Yield in Semi-Arid Iran","Earth Systems and Environment","","","","","","2026","2026-06-21 20:18:17","2026-06-21 20:18:17","","1–27","","","","","","","","","","","Springer","","","","","","","","","","","","","","","","","","","","","","","","","","","","","","","","","","","","","","","","","","","","","","","","","","","","","","","","","","","",""
"5NJI4QJD","journalArticle","2026","Naranjo-Pérez, María José; Guedes, Patrícia; Dias, António; dos Santos Neto, Antónia; Pires, Aureliano; Mai, Francesco; Paillé, Julien; da Graça, Gaspar Afonso; Yidnekatchew, Fegegta; de Lima, Ricardo Faustino; others","Direct and indirect pathways mediating the impacts of non-native rats on cocoa yield in an African island","Agriculture, Ecosystems & Environment","","","","","","2026","2026-06-21 20:18:17","2026-06-21 20:18:17","","109997","","","396","","","","","","","","Elsevier","","","","","","","","","","","","","","","","","","","","","","","","","","","","","","","","","","","","","","","","","","","","","","","","","","","","","","","","","","","",""
"QCWX6Y7R","journalArticle","2026","Gavin, Daniel G; Rocchio, F Joseph; Hribljan, John A; Heckman, Katherine A; Herring, Erin M; Shaw, Jeremy R; Cooper, David J","Holocene peat accumulation rate, hiatus events, and hummock development affected by climate, tephra deposition, and geomorphic setting","Progress in Physical Geography: Earth and Environment","","","","","","2026","2026-06-21 20:18:17","2026-06-21 20:18:17","","370–394","","3","50","","","","","","","","SAGE Publications Sage UK: London, England","","","","","","","","","","","","","","","","","","","","","","","","","","","","","","","","","","","","","","","","","","","","","","","","","","","","","","","","","","","",""
"4YGTD5XI","journalArticle","2026","Chen, Li-Dunn; Chen, Devin M; Holmes, Sheila M; Razafindravelo, Cressant P; Louis Jr, Edward E; Johnson, Steig E","Reproductive Seasonality but not Food Availability Affects Agonism Rates in Black-and-White Ruffed Lemurs (Varecia variegata)","International Journal of Primatology","","","","","","2026","2026-06-21 20:18:17","2026-06-21 20:18:17","","1–26","","","","","","","","","","","Springer","","","","","","","","","","","","","","","","","","","","","","","","","","","","","","","","","","","","","","","","","","","","","","","","","","","","","","","","","","","",""
"6XF9378P","journalArticle","2026","Heather, Amy; Monks, Thomas; Harper, Alison; Alidoost, Fatemeh; Challen, Robert; Slater, Thomas; Mustafee, Navonil","Reproducible analytical pipelines for healthcare discrete-event simulation: An open guide and worked examples","NIHR Open Research","","","","","","2026","2026-06-21 20:18:17","2026-06-21 20:18:17","","68","","","6","","","","","","","","F1000 Research Limited London, UK","","","","","","","","","","","","","","","","","","","","","","","","","","","","","","","","","","","","","","","","","","","","","","","","","","","","","","","","","","","",""
"SGN2QFVP","journalArticle","2026","De Gregorio, Chiara; Lameira, Adriano R","Twice times two: Dual mechanism for double rhythmic meter in orangutans and the evolution of human song","iScience","","","","","","2026","2026-06-21 20:18:17","2026-06-21 20:18:17","","","","1","29","","","","","","","","Elsevier","","","","","","","","","","","","","","","","","","","","","","","","","","","","","","","","","","","","","","","","","","","","","","","","","","","","","","","","","","","",""
"MV9LBC4I","journalArticle","2026","Albino-Bohórquez, Arledys; Guaitero, Bladimir; Hernández-Angarita, David Ricardo; Ramírez, Andrés Felipe; Camargo, Hebert; Gutiérrez, Yeisson","Closing the pollination gap in cacao agroforests: balancing pesticide use and shade management","Agroforestry Systems","","","","","","2026","2026-06-21 20:18:17","2026-06-21 20:18:17","","52","","2","100","","","","","","","","Springer","","","","","","","","","","","","","","","","","","","","","","","","","","","","","","","","","","","","","","","","","","","","","","","","","","","","","","","","","","","",""
"AKF7IIW9","journalArticle","2026","Owen, Kiirsti C; Mallory, Mark L; de Zwaan, Devin R; McLellan, Nic R; Nocera, Joseph J","Water level manipulations in human-made impoundments drive species-and guild-specific responses in wetland bird communities","Wetlands Ecology and Management","","","","","","2026","2026-06-21 20:18:17","2026-06-21 20:18:17","","60","","3","34","","","","","","","","Springer","","","","","","","","","","","","","","","","","","","","","","","","","","","","","","","","","","","","","","","","","","","","","","","","","","","","","","","","","","","",""
"M2947UCW","journalArticle","2026","King'ori, Edward M; Chiyo, Patrick I; Gitau, Olgabeth N; Lala, Fredrick; Lwande, Olivia W","Drivers of tick community structure in a rhinoceros meta-population in Kenya","International Journal for Parasitology: Parasites and Wildlife","","","","","","2026","2026-06-21 20:18:17","2026-06-21 20:18:17","","101191","","","","","","","","","","","Elsevier","","","","","","","","","","","","","","","","","","","","","","","","","","","","","","","","","","","","","","","","","","","","","","","","","","","","","","","","","","","",""
"VL9GNGVA","journalArticle","2026","Bracuti, Anthony; Hudson, Zoe Lois; Pidcock, Emily Hazel; Yoon, Kane; Duncan, Elizabeth Jenness","Age and QMP exposure affect the nutritional preferences of caged Apis mellifera worker honeybees: A. Bracuti et al.","Apidologie","","","","","","2026","2026-06-21 20:18:17","2026-06-21 20:18:17","","8","","1","57","","","","","","","","Springer","","","","","","","","","","","","","","","","","","","","","","","","","","","","","","","","","","","","","","","","","","","","","","","","","","","","","","","","","","","",""
"WKFYVKRI","journalArticle","2026","Jechumtál Skálová, Alena; Voříšek, Petr; Vermouzek, Zdeněk; Morelli, Federico; Reif, Jiří","Replacing a long-running common bird monitoring scheme by a new one: what predicts the correspondence of population changes between the schemes?","Journal of Ornithology","","","","","","2026","2026-06-21 20:18:17","2026-06-21 20:18:17","","1–13","","","","","","","","","","","Springer","","","","","","","","","","","","","","","","","","","","","","","","","","","","","","","","","","","","","","","","","","","","","","","","","","","","","","","","","","","",""
"VLUIID2R","journalArticle","2026","Cunha, Samla MF; Schenkel, Flavio S; Chud, Tatiane CS; Alves, Anderson AC; Silva, Marcos Vinícius GB da; Verneque, Rui da S; Panetto, João Cláudio do C; Munari, Danísio P","Optimized Animal Models for the Genetic Evaluation of Conformation Traits, Milking Ease, and Milking Temperament in Dairy Gir Cattle","Animals","","","","","","2026","2026-06-21 20:18:17","2026-06-21 20:18:17","","363","","3","16","","","","","","","","MDPI","","","","","","","","","","","","","","","","","","","","","","","","","","","","","","","","","","","","","","","","","","","","","","","","","","","","","","","","","","","",""
"7CWBJMN6","journalArticle","2026","Oswald, Stephanie B; Vriend, Paul; Ragas, Ad MJ; Schoor, Margriet M; Collas, Frank PL","Evaluation of riverine macro-and mesoplastic monitoring approaches","Environmental Monitoring and Assessment","","","","","","2026","2026-06-21 20:18:17","2026-06-21 20:18:17","","134","","2","198","","","","","","","","Springer","","","","","","","","","","","","","","","","","","","","","","","","","","","","","","","","","","","","","","","","","","","","","","","","","","","","","","","","","","","",""
"T7FM9WML","journalArticle","2026","López-Rodríguez, Anahí; Jeppesen, Erik; Davidson, Thomas A; Meester, Luc De; González-Bergonzoni, Iván; Vidal, Nicolás; Sommaruga, Ruben; Özkan, Korhan; Arndt, Hartmut; Jürgens, Klaus; others","Ecosystem age drives food web architecture of glacier retreat-formed fishless ponds in Greenland","Oikos","","","","","","2026","2026-06-21 20:18:17","2026-06-21 20:18:17","","e11415","","1","2026","","","","","","","","Wiley Online Library","","","","","","","","","","","","","","","","","","","","","","","","","","","","","","","","","","","","","","","","","","","","","","","","","","","","","","","","","","","",""
"7D5CZIUA","journalArticle","2026","Adorno, Bruno FCB; Ramos, Rafael Guimaraes; Diniz, Milena Fiuza; Godoy, Ederson; Dinis, Bianca; Corrêa, Wellington; Barbosa, Vinícius Munhoz; Batista, Gabriela Rosa; Piratelli, Augusto João; Ribeiro, Milton Cezar; others","When refugia vanish: Recurrent fire and resistant landscapes homogenize bird communities","Forest Ecology and Management","","","","","","2026","2026-06-21 20:18:17","2026-06-21 20:18:17","","123466","","","603","","","","","","","","Elsevier","","","","","","","","","","","","","","","","","","","","","","","","","","","","","","","","","","","","","","","","","","","","","","","","","","","","","","","","","","","",""
"J5SNSSYL","journalArticle","2026","LeFlore, Eric G; Rivera-Milán, Frank F; McCollum, Arthur B; Lennon, Aileen; Ladin, Zachary S; Kluever, Bryan M","Assessing sustainable lethal take for great blue heron in the northeastern United States","Wildlife Society Bulletin","","","","","","2026","2026-06-21 20:18:17","2026-06-21 20:18:17","","e70023","","1","50","","","","","","","","Wiley Online Library","","","","","","","","","","","","","","","","","","","","","","","","","","","","","","","","","","","","","","","","","","","","","","","","","","","","","","","","","","","",""
"Z7JX7ZAS","journalArticle","2026","Simian, Catalina; Oviedo-Diego, Mariela; Palen-Pietri, Rocio; Olivero, Paola A; Vrech, David E; Peretti, Alfredo V","Sexual Dimorphism, Trait Variability, and Allometry in Two Camel Spiders (Arachnida: Solifugae) Species with Different Mating Tactics","Zoologischer Anzeiger","","","","","","2026","2026-06-21 20:18:17","2026-06-21 20:18:17","","","","","","","","","","","","","Elsevier","","","","","","","","","","","","","","","","","","","","","","","","","","","","","","","","","","","","","","","","","","","","","","","","","","","","","","","","","","","",""
"GBC8NEXR","journalArticle","2026","Bollatti, Fedra; Oviedo-Diego, Mariela; Aisenberg, Anita; Peretti, Alfredo V","Male burrow investment drives differential sperm transfer in a South American spider","Biological Journal of the Linnean Society","","","","","","2026","2026-06-21 20:18:17","2026-06-21 20:18:17","","blaf142","","1","147","","","","","","","","Oxford University Press","","","","","","","","","","","","","","","","","","","","","","","","","","","","","","","","","","","","","","","","","","","","","","","","","","","","","","","","","","","",""
"QVBZARGA","journalArticle","2026","Carneiro, Alice Arantes; Pedrosa Guimarães, Luiza; Angélica de Pádua Bueno, Alessandra","Does the environmental degradation gradient affect the macroinvertebrate community in springs?","Studies on Neotropical Fauna and Environment","","","","","","2026","2026-06-21 20:18:17","2026-06-21 20:18:17","","1–12","","","","","","","","","","","Taylor & Francis","","","","","","","","","","","","","","","","","","","","","","","","","","","","","","","","","","","","","","","","","","","","","","","","","","","","","","","","","","","",""
"9795NGRK","conferencePaper","2026","Prebble, Matthew; Lozano, M Tom; Thresher, Kate; Stephens, Danielle; Swindell, Paul; Rozenblat, Marina C","Comparison of Analysis Methods To Reliably Distinguish Crack Formation From Threshold Noise in Aircraft Structural Health Monitoring","AIAA AVIATION 2026 Forum","","","","","","2026","2026-06-21 20:18:17","2026-06-21 20:18:17","","4168","","","","","","","","","","","","","","","","","","","","","","","","","","","","","","","","","","","","","","","","","","","","","","","","","","","","","","","","","","","","","","","","","","","","","","",""
"ZCPG8U8D","journalArticle","2026","Rontani, PM; Bellin, N; Ardenghi, A; Piccinini, A; Voccia, A; Piccini, S; Machetti, M; Biliotti, D; Filonzi, L; Nonnis Marzano, F","A multidisciplinary approach to assess the distribution and conservation of the European eel Anguilla anguilla in an estuarine environment of central Italy","The European Zoological Journal","","","","","","2026","2026-06-21 20:18:17","2026-06-21 20:18:17","","360–374","","1","93","","","","","","","","Taylor & Francis","","","","","","","","","","","","","","","","","","","","","","","","","","","","","","","","","","","","","","","","","","","","","","","","","","","","","","","","","","","",""
"47EMP9L5","journalArticle","2026","Fernández, Lisandro; Vergara-Tabares, David L; Carrizo García, Carolina","Fine-scale genetic analyses reveal invasion dynamics and management opportunities in a mountain basin for an avian-dispersed shrub","Biological Invasions","","","","","","2026","2026-06-21 20:18:17","2026-06-21 20:18:17","","147","","7","28","","","","","","","","Springer","","","","","","","","","","","","","","","","","","","","","","","","","","","","","","","","","","","","","","","","","","","","","","","","","","","","","","","","","","","",""
"CUIB7XBI","journalArticle","2026","Thibault, Melina; Barkun, Alan; Martel, Myriam; von Renteln, Daniel; Russell, Alton W","Impact of COVID-19 pandemic on colonoscopy wait times by procedure indication","Journal of the Canadian Association of Gastroenterology","","","","","","2026","2026-06-21 20:18:17","2026-06-21 20:18:17","","gwaf017","","","","","","","","","","","Oxford University Press","","","","","","","","","","","","","","","","","","","","","","","","","","","","","","","","","","","","","","","","","","","","","","","","","","","","","","","","","","","",""
"ENNZMDWU","journalArticle","2026","Wang, Xijuan; Mao, Jie; Wang, Qiaojuan; Zhang, Linhao; Shi, Sha; Bai, Yaohui","A multidimensional framework for assessing riverine health risks from Acinetobacter species: integrating pathogenicity, resistome-mobilome-virulome signatures, and abundance","Engineering Environment","","","","","","2026","2026-06-21 20:18:17","2026-06-21 20:18:17","","94","","6","20","","","","","","","","Springer","","","","","","","","","","","","","","","","","","","","","","","","","","","","","","","","","","","","","","","","","","","","","","","","","","","","","","","","","","","",""
"YPLCG9B4","journalArticle","2026","Szymañski, Carolina; Barzola, Pehuén; Meglioli, Pablo A; Franco, María G; Villagra, Pablo E; Alvarez, Juan A","Effects of natural regeneration on aboveground carbon stocks and annual carbon sequestration rates in Neltuma flexuosa populations of the Central Monte Desert, Argentina","Restoration Ecology","","","","","","2026","2026-06-21 20:18:17","2026-06-21 20:18:17","","e70150","","2","34","","","","","","","","Wiley Online Library","","","","","","","","","","","","","","","","","","","","","","","","","","","","","","","","","","","","","","","","","","","","","","","","","","","","","","","","","","","",""
"BDUWDGZ3","journalArticle","2026","Prahalad, Vishnu; Harrison-Day, Violet; Flett, Iona; Barros, Agustina","Ecological Outcomes of Invasive Rice Grass (Spartina anglica) Removal for Restoring Native Saltmarsh Vegetation and Fish Habitat Function","Austral Ecology","","","","","","2026","2026-06-21 20:18:17","2026-06-21 20:18:17","","e70166","","2","51","","","","","","","","Wiley Online Library","","","","","","","","","","","","","","","","","","","","","","","","","","","","","","","","","","","","","","","","","","","","","","","","","","","","","","","","","","","",""
"ESCKMM5L","journalArticle","2026","Ward, Caroline; Banks-Tibbs, Tabith; Thorpe, Henry; Giles, Antonia M; Mabry, Samuel J; Liu, Jia-Jun; Chang, Hung-Ching; Yang, Jinting; Carney, Aidan F; Shaikh, Halla M; others","AI-guided analysis of human pancreatic islet sociology reveals distinct cell compositional changes in type 1 diabetes","bioRxiv","","","","","","2026","2026-06-21 20:18:17","2026-06-21 20:18:17","","2026–06","","","","","","","","","","","Cold Spring Harbor Laboratory","","","","","","","","","","","","","","","","","","","","","","","","","","","","","","","","","","","","","","","","","","","","","","","","","","","","","","","","","","","",""
"72IHG59M","journalArticle","2026","Koch, Franziska; Neutel, Anje-Margriet; Barnes, David KA; Allhoff, Korinna T","Many weak and few strong links: the importance of link strength distributions for stabilising patterns in competition networks","Theoretical Ecology","","","","","","2026","2026-06-21 20:18:17","2026-06-21 20:18:17","","1","","1","19","","","","","","","","Springer","","","","","","","","","","","","","","","","","","","","","","","","","","","","","","","","","","","","","","","","","","","","","","","","","","","","","","","","","","","",""
"E2QH9W69","journalArticle","2026","Gonnet, Verónica; Bidegaray-Batista, Leticia; Simó, Miguel; Aisenberg, Anita","Love in the grasslands: sexual encounters and size dimorphism in the wolf spider Paratrochosina amica (Mello-Leitão, 1941)","Arachnology","","","","","","2026","2026-06-21 20:18:17","2026-06-21 20:18:17","","533–540","","4","20","","","","","","","","BioOne","","","","","","","","","","","","","","","","","","","","","","","","","","","","","","","","","","","","","","","","","","","","","","","","","","","","","","","","","","","",""
"FK3VEUXR","journalArticle","2026","Rechena, Diogo; da Silva, João; Amado, Conceição; Infante, Virgínia; Varela, Paulo; Santos, Jorge Manuel; Silva, António; Gonçalves, Bruno; Yong, Liu; Udintsev, Victor","Availability requirements for diagnostics in nuclear fusion: the ITER Collective Thomson Scattering case-study","Fusion Engineering and Design","","","","","","2026","2026-06-21 20:18:17","2026-06-21 20:18:17","","115493","","","222","","","","","","","","Elsevier","","","","","","","","","","","","","","","","","","","","","","","","","","","","","","","","","","","","","","","","","","","","","","","","","","","","","","","","","","","",""
"EYXEUHD6","journalArticle","2026","Moraes, Renata Franciéli; Martin, Daniela Maria; Prates, Arthur Pontes; Bremm, Carolina; Carvalho, Paulo Cesar de Faccio; Alves, Lucas Aquino; Oliveira, Leandro Bittencourt de; Moraes, Anibal de","Frequency Distribution of Sward Heights and Forage Species Composition in Different Integrated Crop–Livestock Systems","Grasses","","","","","","2026","2026-06-21 20:18:17","2026-06-21 20:18:17","","8","","1","5","","","","","","","","MDPI","","","","","","","","","","","","","","","","","","","","","","","","","","","","","","","","","","","","","","","","","","","","","","","","","","","","","","","","","","","",""
"E5EN7LVX","journalArticle","2026","Morris, John; Hagan, Valerie; Harrington, Kaitlin; Chapman, Demian","Electronic pulse device deters and delays shark feeding in a depredation context","Journal of Fish Biology","","","","","","2026","2026-06-21 20:18:17","2026-06-21 20:18:17","","7–14","","1","108","","","","","","","","Wiley Online Library","","","","","","","","","","","","","","","","","","","","","","","","","","","","","","","","","","","","","","","","","","","","","","","","","","","","","","","","","","","",""
"CMX35ES4","journalArticle","2026","Raimondi, Teresa; D'Orazio, Francesca; Di Martino, Denise; Witt, Melina; Grenga, Flavia; Cook, Peter; Favaro, Livio; Pilenga, Cristina; Ravignani, Andrea","Learnt formant modulation via upper vocal tract movements in a marine mammal","Discover Animals","","","","","","2026","2026-06-21 20:18:17","2026-06-21 20:18:17","","2","","1","3","","","","","","","","Springer","","","","","","","","","","","","","","","","","","","","","","","","","","","","","","","","","","","","","","","","","","","","","","","","","","","","","","","","","","","",""
"5YHP3XQG","journalArticle","2026","Young, Jodi O; Moise, Eric RD; Scott, Robert; Schmidt, B Christian; Bowden, Joseph J","Effects of Bacillus thuringiensis subsp. kurstaki application on non-target nocturnal macromoth biodiversity in the eastern boreal forest, Canada","Canadian Journal of Forest Research","","","","","","2026","2026-06-21 20:18:17","2026-06-21 20:18:17","","1–12","","","56","","","","","","","","Canadian Science Publishing 123 Slater Street, Suite 610, Ottawa, Ontario łdots","","","","","","","","","","","","","","","","","","","","","","","","","","","","","","","","","","","","","","","","","","","","","","","","","","","","","","","","","","","",""
"N3DXE8B6","journalArticle","2026","Claunch, Natalie M; Legare, Matthew; Nicely, Alex; Hall, Parker T; Edwards, Jake; Rivera-Milan, Frank; Kluever, Bryan M; Romagosa, Christina M","Assessment of three removal methods for an invasive lizard, Peters' rock agama (Agama picticauda)","Frontiers in Amphibian and Reptile Science","","","","","","2026","2026-06-21 20:18:17","2026-06-21 20:18:17","","1699230","","","4","","","","","","","","Frontiers","","","","","","","","","","","","","","","","","","","","","","","","","","","","","","","","","","","","","","","","","","","","","","","","","","","","","","","","","","","",""
"3RU7YG9J","journalArticle","2026","Denkowska, Anna; Szcz\c esny, Krystian; Wanat, Stanisław","Nonlinear dependencies in Solvency II: risk aggregation with deep neural networks","Risk Management","","","","","","2026","2026-06-21 20:18:17","2026-06-21 20:18:17","","10","","2","28","","","","","","","","Springer","","","","","","","","","","","","","","","","","","","","","","","","","","","","","","","","","","","","","","","","","","","","","","","","","","","","","","","","","","","",""
"UW3RTS5J","journalArticle","2026","Dura, Valentin; Evin, Guillaume; Favre, Anne-Catherine; Penot, David","Improving precipitation interpolation using anisotropic variograms derived from convection-permitting regional climate model simulations","Hydrology and Earth System Sciences","","","","","","2026","2026-06-21 20:18:17","2026-06-21 20:18:17","","2953–2971","","10","30","","","","","","","","Copernicus Publications Göttingen, Germany","","","","","","","","","","","","","","","","","","","","","","","","","","","","","","","","","","","","","","","","","","","","","","","","","","","","","","","","","","","",""
"ZA4XQFXJ","journalArticle","2026","Wong, Cydney A; Read, A Thomas; Li, Guorong; Loveless, Amia; Fraticelli-Guzmán, Nina Sara; Feola, Andrew J; Sulchek, Todd; Stamer, W Daniel; Ethier, C Ross","Segmental outflow and trabecular meshwork stiffness in an ocular hypertensive mouse model","bioRxiv","","","","","","2026","2026-06-21 20:18:17","2026-06-21 20:18:17","","","","","","","","","","","","","","","","","","","","","","","","","","","","","","","","","","","","","","","","","","","","","","","","","","","","","","","","","","","","","","","","","","","","","","","","",""
"CWUX64SI","journalArticle","2026","Peng, Shijia; Inouye, Brian D; Ramirez-Parada, Tadeo; Mazer, Susan J; Record, Sydne; Ellison, Aaron M; Davis, Charles C","Herbarium specimens reliably track plant phenological responses to climate change in understudied montane biomes","bioRxiv","","","","","","2026","2026-06-21 20:18:17","2026-06-21 20:18:17","","2026–03","","","","","","","","","","","Cold Spring Harbor Laboratory","","","","","","","","","","","","","","","","","","","","","","","","","","","","","","","","","","","","","","","","","","","","","","","","","","","","","","","","","","","",""
"L9J6M6IU","journalArticle","2026","Christensen, Alexander P; Choi, Jeongwon","Network Accuracy Across Levels of Analysis Using Stochastic Block Models","","","","","","","2026","2026-06-21 20:18:17","2026-06-21 20:18:17","","","","","","","","","","","","","","","","","","","","","","","","","","","","","","","","","","","","","","","","","","","","","","","","","","","","","","","","","","","","","","","","","","","","","","","","",""
"HGFHZF9T","journalArticle","2026","Rivera-Ruiz, David Alfonso; Flores-Martínez, José Juan; Rosales, Carlos; Falcón, Luisa I; Gaona, Osiris; de la Cruz, Marco Tulio Solano; others","Host-microbiota association in a migratory species: Constitutive humoral immunity in the partially migratory bat Leptonycteris yerbabuenae is linked to the gut microbiota in a sex-specific manner","","","","","","","2026","2026-06-21 20:18:17","2026-06-21 20:18:17","","","","","","","","","","","","","","","","","","","","","","","","","","","","","","","","","","","","","","","","","","","","","","","","","","","","","","","","","","","","","","","","","","","","","","","","",""
"9JAGEYTC","thesis","2026","Hart-Pomerantz, Hannah","Open Versus Closed-Loop Transcranial Direct Current Stimulation (tDCS) to Enhance Multitasking Ability","","","","","","","2026","2026-06-21 20:18:17","2026-06-21 20:18:17","","","","","","","","","","","","","Tufts University","","","","Master's Thesis","","","","","","","","","","","","","","","","","","","","","","","","","","","","","","","","","","","","","","","","","","","","","","","","","","","","","","","",""
"XEN4V3EN","journalArticle","2026","Crépeault, Olivier","Comparaison des génomes des microalgues vertes planctoniques: Pycnococcus provasolii et Pseudoscourfieldia marina","","","","","","","2026","2026-06-21 20:18:17","2026-06-21 20:18:17","","","","","","","","","","","","","","","","","","","","","","","","","","","","","","","","","","","","","","","","","","","","","","","","","","","","","","","","","","","","","","","","","","","","","","","","",""
"XARL44YG","journalArticle","2026","Kristóf, Szabados","Do Developers Have Agency? A Longitudinal Study Revealing a Separation in how Software Systems Evolve Using 65,987 Popular Open Source Projects on GitHub","Acta Universitatis Sapientiae, Informatica","","","","","","2026","2026-06-21 20:18:17","2026-06-21 20:18:17","","6","","1","18","","","","","","","","Springer","","","","","","","","","","","","","","","","","","","","","","","","","","","","","","","","","","","","","","","","","","","","","","","","","","","","","","","","","","","",""
"3Y9GRFJX","journalArticle","2026","Pérez-De-Gregorio, Pol; Monjo, Robert","How Frequent Is an Extraordinary Episode of Precipitation? Spatially-Integrated Frequency in the Júcar-Turia System (Spain)","","","","","","","2026","2026-06-21 20:18:17","2026-06-21 20:18:17","","","","","","","","","","","","","Preprints","","","","","","","","","","","","","","","","","","","","","","","","","","","","","","","","","","","","","","","","","","","","","","","","","","","","","","","","","","","",""
"9A6UB9SX","journalArticle","2026","Ayala-Franco, Ana; Amancio, Guadalupe; Hurtado-Reveles, Leopoldo; Martínez-Velarde, María; Ortiz-Rodriguez, Andres","Historical Changes in the Structure and Floristic Composition of a Montane Cloud Forest in Southern Mexico","","","","","","","2026","2026-06-21 20:18:17","2026-06-21 20:18:17","","","","","","","","","","","","","","","","","","","","","","","","","","","","","","","","","","","","","","","","","","","","","","","","","","","","","","","","","","","","","","","","","","","","","","","","",""
"YZMNZPV7","journalArticle","2026","Belzile, Léo R","longevity: An R Package for Modelling Excess Lifetimes.","R J.","","","","","","2026","2026-06-21 20:18:17","2026-06-21 20:18:17","","37–58","","4","17","","","","","","","","","","","","","","","","","","","","","","","","","","","","","","","","","","","","","","","","","","","","","","","","","","","","","","","","","","","","","","","","","","","",""
"R9NFM52H","journalArticle","2026","Skálová, Alena Jechumtál; Voříšek, Petr; Vermouzek, Zdeněk; Morelli, Federico; Reif, Jiří","Replacing a long-running common bird monitoring scheme by a new one: what predicts the correspondence of population changes between the schemes?","","","","","","","2026","2026-06-21 20:18:17","2026-06-21 20:18:17","","","","","","","","","","","","","","","","","","","","","","","","","","","","","","","","","","","","","","","","","","","","","","","","","","","","","","","","","","","","","","","","","","","","","","","","",""
"TBIC6NYU","journalArticle","2026","de La Rubia, José Moral","Asymptotic and Bootstrap Implementation of the D'Agostino-Berlanger-D'Agostino K2 Normality Test in R","Mathematics and Computer Science: Research Updates Vol. 9","","","","","","2026","2026-06-21 20:18:17","2026-06-21 20:18:17","","28–74","","","","","","","","","","","BP International","","","","","","","","","","","","","","","","","","","","","","","","","","","","","","","","","","","","","","","","","","","","","","","","","","","","","","","","","","","",""
"U5QDZFIY","bookSection","2026","Wollschläger, Daniel","Lineare Regression","Grundlagen der Datenanalyse mit R: Eine anwendungsorientierte Einführung","","","","","","2026","2026-06-21 20:18:17","2026-06-21 20:18:17","","261–297","","","","","","","","","","","Springer","","","","","","","","","","","","","","","","","","","","","","","","","","","","","","","","","","","","","","","","","","","","","","","","","","","","","","","","","","","",""
"KGCBY42N","journalArticle","2026","Colchen, Tatiana; Ledoré, Yannick; Gharnit, Elouana; Serranito, Bruno; Lamoureux, Jézabel; Pasquet, Alain; Teletchea, Fabrice","Cannibalism is linked to exploratory trait in perch Perca fluviatilis larvae","Cybium: Revue Internationale d'Ichtyologie","","","","","","2026","2026-06-21 20:18:17","2026-06-21 20:18:17","","","","","","","","","","","","","","","","","","","","","","","","","","","","","","","","","","","","","","","","","","","","","","","","","","","","","","","","","","","","","","","","","","","","","","","","",""
"INIB8FXS","thesis","2026","Christensen, Tyler C","Spatial Ecology and Multilevel, Multiscale Habitat Relationships of Eastern Copperheads (Agkistrodon contortrix)","","","","","","","2026","2026-06-21 20:18:17","2026-06-21 20:18:17","","","","","","","","","","","","","Rutgers The State University of New Jersey, School of Graduate Studies","","","","PhD Thesis","","","","","","","","","","","","","","","","","","","","","","","","","","","","","","","","","","","","","","","","","","","","","","","","","","","","","","","",""
"NX275IWB","thesis","2026","El Capítulo, I","Soluciones basadas en la Naturaleza aplicadas al manejo de un arroyo urbano desde un abordaje transdisciplinario","","","","","","","2026","2026-06-21 20:18:17","2026-06-21 20:18:17","","","","","","","","","","","","","Universidad de Buenos Aires","","","","PhD Thesis","","","","","","","","","","","","","","","","","","","","","","","","","","","","","","","","","","","","","","","","","","","","","","","","","","","","","","","",""
"8KUNQK6T","journalArticle","2026","Katsko, DI; Kuznetsov, EV","Impact of distribution laws on the stability factor with the application of Monte Carlo method","Architecture, Construction, Transport","","","","","","2026","2026-06-21 20:18:17","2026-06-21 20:18:17","","66–76","","1","6","","","","","","","","","","","","","","","","","","","","","","","","","","","","","","","","","","","","","","","","","","","","","","","","","","","","","","","","","","","","","","","","","","","",""
"GI5GFNAN","journalArticle","2026","Castillo, Iñaki Del Amo","Integrated Desalination, CO2 Capture, andEcosystem Regenerationin the Afar Depression.","","","","","","","2026","2026-06-21 20:18:17","2026-06-21 20:18:17","","","","","","","","","","","","","","","","","","","","","","","","","","","","","","","","","","","","","","","","","","","","","","","","","","","","","","","","","","","","","","","","","","","","","","","","",""
"4WNZSGG3","journalArticle","2026","Yang, Yingying; Dousti Mousavi, Niloufar; Yu, Zhou; Yang, Jie","From Poisson observations to fitted negative binomial distribution: Y. Yang et al.","Statistical Papers","","","","","","2026","2026-06-21 20:18:17","2026-06-21 20:18:17","","62","","3","67","","","","","","","","Springer","","","","","","","","","","","","","","","","","","","","","","","","","","","","","","","","","","","","","","","","","","","","","","","","","","","","","","","","","","","",""
"ADZZ8T4P","bookSection","2026","Wollschläger, Daniel","Elementare Dateneingabe und-verarbeitung","Grundlagen der Datenanalyse mit R: Eine anwendungsorientierte Einführung","","","","","","2026","2026-06-21 20:18:17","2026-06-21 20:18:17","","35–154","","","","","","","","","","","Springer","","","","","","","","","","","","","","","","","","","","","","","","","","","","","","","","","","","","","","","","","","","","","","","","","","","","","","","","","","","",""
"CB6CEYQA","bookSection","2026","Wollschläger, Daniel","Diagramme mit ggplot2","Grundlagen der Datenanalyse mit R: Eine anwendungsorientierte Einführung","","","","","","2026","2026-06-21 20:18:17","2026-06-21 20:18:17","","719–755","","","","","","","","","","","Springer","","","","","","","","","","","","","","","","","","","","","","","","","","","","","","","","","","","","","","","","","","","","","","","","","","","","","","","","","","","",""
"FP3F6B7K","journalArticle","2026","Zazio, Agnese; Guidali, Giacomo; Lanza, Cora Miranda; Dognini, Elisa; Mancini, Christian; Meloni, Serena; Borroni, Barbara; Rossi, Roberta; Bolognini, Nadia; Bortoletto, Marta","Cortical plasticity of the tactile mirror system in borderline personality disorder","bioRxiv","","","","","","2026","2026-06-21 20:18:17","2026-06-21 20:18:17","","2026–01","","","","","","","","","","","Cold Spring Harbor Laboratory","","","","","","","","","","","","","","","","","","","","","","","","","","","","","","","","","","","","","","","","","","","","","","","","","","","","","","","","","","","",""
"4WIP6QEA","journalArticle","2026","Niemi, Ronja","Keltasompasammalen (Splachnum luteum) lisääntymisfenologian muutokset","","","","","","","2026","2026-06-21 20:18:17","2026-06-21 20:18:17","","","","","","","","","","","","","","","","","","","","","","","","","","","","","","","","","","","","","","","","","","","","","","","","","","","","","","","","","","","","","","","","","","","","","","","","",""
"WXKFQK4T","journalArticle","","Victoria, Mauricio","Synthetic Design Hyetographs Under Non-Stationary Climate Conditions: A Microcanonical Multiplicative Cascade Model with GEV-GAMLSS Frequency Analysis and ENSO Covariate for the Colombian Andes","","","","","","","","2026-06-21 20:18:17","2026-06-21 20:18:17","","","","","","","","","","","","","Engineering Archive","","","","","","","","","","","","","","","","","","","","","","","","","","","","","","","","","","","","","","","","","","","","","","","","","","","","","","","","","","","",""
"HSYQXS4C","journalArticle","","Sanchez-Marquez, Rafael","A practical step-by-step distribution-free methodology for multivariate process capability index estimation","Available at SSRN 6789265","","","","","","","2026-06-21 20:18:17","2026-06-21 20:18:17","","","","","","","","","","","","","","","","","","","","","","","","","","","","","","","","","","","","","","","","","","","","","","","","","","","","","","","","","","","","","","","","","","","","","","","","",""
"HM6TGWXY","journalArticle","","Meyer, Lothar; Peukert, Maximilian; Kohv, Teele; Josefsson, Billy; Tamm, Maria","Investigating Monotony in Air Traffic Control Towers: Comparing a Small and Medium-sized Airport","","","","","","","","2026-06-21 20:18:17","2026-06-21 20:18:17","","","","","","","","","","","","","OSF","","","","","","","","","","","","","","","","","","","","","","","","","","","","","","","","","","","","","","","","","","","","","","","","","","","","","","","","","","","",""
"864LBAE8","journalArticle","","Doohan, Patrick; Johnson, Rob; Løchen, Alessandra; Morgenstern, Christian; Haw, David; Sabino, Alice; Patouillard, Edith; Forchini, Giovanni; Hauck, Katharina D","Supplementary Information Mitigating Future Respiratory Pandemics in Low-, Middle-and High-Income Countries: A Modelling Study of Health, Economic and Educational Losses","","","","","","","","2026-06-21 20:18:17","2026-06-21 20:18:17","","","","","","","","","","","","","","","","","","","","","","","","","","","","","","","","","","","","","","","","","","","","","","","","","","","","","","","","","","","","","","","","","","","","","","","","",""
"LLA2Y3N6","journalArticle","2026","Barakat, HM; Khaled, OM; Ghonem, Hadeer A; Ghonem, Maintainer Hadeer A; LazyData, TRUE","Package `PredictionR'","Journal of Statistical Software","","","","","","2026","2026-06-21 20:18:17","2026-06-21 20:18:17","","1–34","","4","64","","","","","","","","","","","","","","","","","","","","","","","","","","","","","","","","","","","","","","","","","","","","","","","","","","","","","","","","","","","","","","","","","","","",""
"6B2ABLI9","bookSection","2026","Wollschläger, Daniel","Klassische nonparametrische Methoden","Grundlagen der Datenanalyse mit R: Eine anwendungsorientierte Einführung","","","","","","2026","2026-06-21 20:18:17","2026-06-21 20:18:17","","469–525","","","","","","","","","","","Springer","","","","","","","","","","","","","","","","","","","","","","","","","","","","","","","","","","","","","","","","","","","","","","","","","","","","","","","","","","","",""
"4MTRD62L","bookSection","2026","Wollschläger, Daniel","t-Tests und Varianzanalysen","Grundlagen der Datenanalyse mit R: Eine anwendungsorientierte Einführung","","","","","","2026","2026-06-21 20:18:17","2026-06-21 20:18:17","","299–391","","","","","","","","","","","Springer","","","","","","","","","","","","","","","","","","","","","","","","","","","","","","","","","","","","","","","","","","","","","","","","","","","","","","","","","","","",""
"HSMV3SPU","bookSection","2026","Wollschläger, Daniel","Multivariate Verfahren","Grundlagen der Datenanalyse mit R: Eine anwendungsorientierte Einführung","","","","","","2026","2026-06-21 20:18:17","2026-06-21 20:18:17","","551–633","","","","","","","","","","","Springer","","","","","","","","","","","","","","","","","","","","","","","","","","","","","","","","","","","","","","","","","","","","","","","","","","","","","","","","","","","",""
"HNE7P78B","bookSection","2026","Wollschläger, Daniel","Erste Schritte","Grundlagen der Datenanalyse mit R: Eine anwendungsorientierte Einführung","","","","","","2026","2026-06-21 20:18:17","2026-06-21 20:18:17","","1–34","","","","","","","","","","","Springer","","","","","","","","","","","","","","","","","","","","","","","","","","","","","","","","","","","","","","","","","","","","","","","","","","","","","","","","","","","",""
"6LVX5L2J","bookSection","2026","Wollschläger, Daniel","R als Programmiersprache","Grundlagen der Datenanalyse mit R: Eine anwendungsorientierte Einführung","","","","","","2026","2026-06-21 20:18:17","2026-06-21 20:18:17","","775–802","","","","","","","","","","","Springer","","","","","","","","","","","","","","","","","","","","","","","","","","","","","","","","","","","","","","","","","","","","","","","","","","","","","","","","","","","",""
"VIJZ69VS","journalArticle","","Gertz, Marvin; Krieter, Joachim","Perspektive Tierwohl–welchen Nutzen haben Schlachthofbefunde?","zur Hochschultagung 2017","","","","","","","2026-06-21 20:18:17","2026-06-21 20:18:17","","101","","","","","","","","","","","","","","","","","","","","","","","","","","","","","","","","","","","","","","","","","","","","","","","","","","","","","","","","","","","","","","","","","","","","","","",""
"KC5ZP7UH","journalArticle","2025","Guo, Xinyi; Nie, Hu; Zhang, Wenwen; Li, Jiesheng; Ge, Jing; Xie, Bowen; Hu, Wenbo; Zhu, Yicheng; Zhong, Na; Zhang, Xinmei; others","Contrasting cytotoxic and regulatory T cell responses underlying distinct clinical outcomes to anti-PD-1 plus lenvatinib therapy in cancer","Cancer Cell","","","","","","2025","2026-06-21 20:18:17","2026-06-21 20:18:17","","248–268","","2","43","","","","","","","","Elsevier","","","","","","","","","","","","","","","","","","","","","","","","","","","","","","","","","","","","","","","","","","","","","","","","","","","","","","","","","","","",""
"JA96AIVN","journalArticle","2025","Liu, Baoxiao; Scherer, Laura; van Bodegom, Peter M; Sun, Zhongxiao; Behrens, Paul","Exploring the Spatial Relationship Between Carbon Storage and Biodiversity: A Systematic Review and Meta-Analysis","Land Degradation & Development","","","","","","2025","2026-06-21 20:18:17","2026-06-21 20:18:17","","2786–2797","","8","36","","","","","","","","Wiley Online Library","","","","","","","","","","","","","","","","","","","","","","","","","","","","","","","","","","","","","","","","","","","","","","","","","","","","","","","","","","","",""
"XEIYVI7K","journalArticle","2025","Valente, Daria; Magnard, Cecile; Koutseff, Alexis; Patural, Hugues; Chauleur, Celine; Reby, David; Pisanski, Katarzyna","Vocal communication and perception of pain in childbirth vocalizations","Philosophical Transactions of the Royal Society B: Biological Sciences","","","","","","2025","2026-06-21 20:18:18","2026-06-21 20:18:18","","20240009","","1923","380","","","","","","","","","","","","","","","","","","","","","","","","","","","","","","","","","","","","","","","","","","","","","","","","","","","","","","","","","","","","","","","","","","","",""
"C6FDKTMP","journalArticle","2025","Machado, Nuno Bernardo; Silvestre, José Dinis; Bohne, Rolf André","Embodied GHG emissions of reinforced concrete and timber structures: Relevance, driving factors and target values","Building and Environment","","","","","","2025","2026-06-21 20:18:18","2026-06-21 20:18:18","","112753","","","275","","","","","","","","Elsevier","","","","","","","","","","","","","","","","","","","","","","","","","","","","","","","","","","","","","","","","","","","","","","","","","","","","","","","","","","","",""
"YVCHEIMM","journalArticle","2025","Wilson, Stephanie J; Megonigal, J Patrick","Nitrate reduction across soils transitioning from coastal forest to wetland are hotspots for denitrification","Soil Biology and Biochemistry","","","","","","2025","2026-06-21 20:18:18","2026-06-21 20:18:18","","109904","","","209","","","","","","","","Elsevier","","","","","","","","","","","","","","","","","","","","","","","","","","","","","","","","","","","","","","","","","","","","","","","","","","","","","","","","","","","",""
"6Y92YSSL","journalArticle","2025","Bezdan, Atila; Bezdan, Jovana; Marković, Monika; Mirčetić, Dejan; Baumgertel, Aleksandar; Salvai, Andrea; Blagojević, Boško","An objective methodology for waterlogging risk assessment based on the entropy weighting method and machine learning","Catena","","","","","","2025","2026-06-21 20:18:18","2026-06-21 20:18:18","","108618","","","249","","","","","","","","Elsevier","","","","","","","","","","","","","","","","","","","","","","","","","","","","","","","","","","","","","","","","","","","","","","","","","","","","","","","","","","","",""
"NADSXR6V","journalArticle","2025","Caporale, Nicolò; Castaldi, Davide; Rigoli, Marco Tullio; Cheroni, Cristina; Valenti, Alessia; Stucchi, Sarah; Lessi, Manuel; Bulgheresi, Davide; Trattaro, Sebastiano; Pezzali, Martina; others","Multiplexing cortical brain organoids for the longitudinal dissection of developmental traits at single-cell resolution","Nature methods","","","","","","2025","2026-06-21 20:18:18","2026-06-21 20:18:18","","358–370","","2","22","","","","","","","","Nature Publishing Group US New York","","","","","","","","","","","","","","","","","","","","","","","","","","","","","","","","","","","","","","","","","","","","","","","","","","","","","","","","","","","",""
"FK3R3KFT","journalArticle","2025","Boisseaux, Paul; Delignette-Muller, Marie Laure; Galloway, Tamara","A quantitative environmental risk assessment for microplastics in sewage sludge applied to land","Environmental Science & Technology","","","","","","2025","2026-06-21 20:18:18","2026-06-21 20:18:18","","26526–26538","","49","59","","","","","","","","ACS Publications","","","","","","","","","","","","","","","","","","","","","","","","","","","","","","","","","","","","","","","","","","","","","","","","","","","","","","","","","","","",""
"N9SIL6IT","journalArticle","2025","De Gregorio, Chiara; Valente, Daria; Cristiano, Walter; Carugati, Filippo; Prealta, Michela; Ferrario, Valeria; Raimondi, Teresa; Torti, Valeria; Ratsimbazafy, Jonah; Giacoma, Cristina; others","Singing out of tune: sexual and developmental differences in the occurrence of nonlinear phenomena in primate songs","Philosophical Transactions of the Royal Society B: Biological Sciences","","","","","","2025","2026-06-21 20:18:18","2026-06-21 20:18:18","","20240021","","1923","380","","","","","","","","","","","","","","","","","","","","","","","","","","","","","","","","","","","","","","","","","","","","","","","","","","","","","","","","","","","","","","","","","","","",""
"Y62ARTIY","journalArticle","2025","Haskell, Erin; Sigmarsdottir, Berglind; Thorisdottir, Ingibjorg Eva; Valborgarson, Audun; Aparicio, Elena Bonilla; Kiviruusu, Olli; Suvisaari, Jaana; Chang, Zheng; Ystrom, Eivind; Butwicka, Agnieszka; others","Adolescent mental health before, during, and after the COVID-19 pandemic in Iceland: a repeated, cross-sectional, population-based study","The Lancet Regional Health–Europe","","","","","","2025","2026-06-21 20:18:18","2026-06-21 20:18:18","","","","","53","","","","","","","","Elsevier","","","","","","","","","","","","","","","","","","","","","","","","","","","","","","","","","","","","","","","","","","","","","","","","","","","","","","","","","","","",""
"T2WBUUBQ","journalArticle","2025","Nodé-Langlois, Oscar; Rolland, Eléonore; Girard-Buttoz, Cédric; Samuni, Liran; Ferrari, Pier Francesco; Wittig, Roman M; Crockford, Catherine","Social tolerance and role model diversity increase tool use learning opportunities across chimpanzee ontogeny","Communications Biology","","","","","","2025","2026-06-21 20:18:18","2026-06-21 20:18:18","","509","","1","8","","","","","","","","Nature Publishing Group UK London","","","","","","","","","","","","","","","","","","","","","","","","","","","","","","","","","","","","","","","","","","","","","","","","","","","","","","","","","","","",""
"2CA822YF","journalArticle","2025","Ferguson, Elaine A; Lugelo, Ahmed; Czupryna, Anna; Anderson, Danni; Lankester, Felix; Sikana, Lwitiko; Dushoff, Jonathan; Hampson, Katie","Improved effectiveness of vaccination campaigns against rabies by reducing spatial heterogeneity in coverage","PLoS biology","","","","","","2025","2026-06-21 20:18:18","2026-06-21 20:18:18","","e3002872","","5","23","","","","","","","","Public Library of Science San Francisco, CA USA","","","","","","","","","","","","","","","","","","","","","","","","","","","","","","","","","","","","","","","","","","","","","","","","","","","","","","","","","","","",""
"4YH8Y85T","journalArticle","2025","Junggebauer, André; Jüds, Melissa; Klarner, Bernhard; Dyckmans, Jens; Pollierer, Melanie M; Scheu, Stefan","Fungal energy channelling sustains soil animal communities across forest types and regions","Ecology Letters","","","","","","2025","2026-06-21 20:18:18","2026-06-21 20:18:18","","e70122","","5","28","","","","","","","","Wiley Online Library","","","","","","","","","","","","","","","","","","","","","","","","","","","","","","","","","","","","","","","","","","","","","","","","","","","","","","","","","","","",""
"QJGFVTY6","journalArticle","2025","Xia, Cong; Hu, Shougeng; Hu, Zongnan; Yan, Yanyun; Carrasco, L Roman","Biodiversity-rich recreational areas near cities as a nature-based mental health solution","Nature Cities","","","","","","2025","2026-06-21 20:18:18","2026-06-21 20:18:18","","532–542","","6","2","","","","","","","","Nature Publishing Group US New York","","","","","","","","","","","","","","","","","","","","","","","","","","","","","","","","","","","","","","","","","","","","","","","","","","","","","","","","","","","",""
"XRKFSBUS","journalArticle","2025","Li, Yudi; Armstrong, Alona; Simmons, Christopher; Krasner, Noah Z; Hernandez, Rebecca R","Ecological impacts of single-axis photovoltaic solar energy with periodic mowing on microclimate and vegetation","Frontiers in Sustainability","","","","","","2025","2026-06-21 20:18:18","2026-06-21 20:18:18","","1497256","","","6","","","","","","","","Frontiers Media SA","","","","","","","","","","","","","","","","","","","","","","","","","","","","","","","","","","","","","","","","","","","","","","","","","","","","","","","","","","","",""
"CKAXZ74R","journalArticle","2025","Hobeika, Christian; Ronot, Maxime; Guiu, Boris; Ferraioli, Giovanna; Iijima, Hiroko; Tada, Toshifumi; Lee, Dong Ho; Kuroda, Hidekatsu; Lee, Young Hwan; Lee, Jeong Min; others","Ultrasound-based steatosis grading system using 2D-attenuation imaging: an individual patient data meta-analysis with external validation","Hepatology","","","","","","2025","2026-06-21 20:18:18","2026-06-21 20:18:18","","212–227","","1","81","","","","","","","","LWW","","","","","","","","","","","","","","","","","","","","","","","","","","","","","","","","","","","","","","","","","","","","","","","","","","","","","","","","","","","",""
"RCTTFZL3","journalArticle","2025","Mirmahdi, Razieh Sadat; Dicker, Samantha L; Yusuf, Nuradeen Garba; Montazeri, Naim","Navigating uncertainties in RT-qPCR and infectivity assessment of norovirus","Food and Environmental Virology","","","","","","2025","2026-06-21 20:18:18","2026-06-21 20:18:18","","22","","1","17","","","","","","","","Springer","","","","","","","","","","","","","","","","","","","","","","","","","","","","","","","","","","","","","","","","","","","","","","","","","","","","","","","","","","","",""
"AZTC44IT","journalArticle","2025","Koutsikos, Nicholas; Vavalidis, Theocharis; Perdikaris, Costas; Zogaris, Stamatis; Vardakas, Leonidas","Anthropogenic influences reshape lentic fish diversity: Patterns of homogenization and differentiation across a Mediterranean biodiversity hotspot","Science of the Total Environment","","","","","","2025","2026-06-21 20:18:18","2026-06-21 20:18:18","","179154","","","973","","","","","","","","Elsevier","","","","","","","","","","","","","","","","","","","","","","","","","","","","","","","","","","","","","","","","","","","","","","","","","","","","","","","","","","","",""
"5SWNFLVP","journalArticle","2025","Guan, Xiangshuo; Xiao, Jianzhuang; Xia, Bing; Xiao, Xuwen; Noguchi, Takafumi","Benchmarks for permanent carbon in low-carbon probabilistic design of concrete structures: A case study of China","Journal of Cleaner Production","","","","","","2025","2026-06-21 20:18:18","2026-06-21 20:18:18","","144700","","","489","","","","","","","","Elsevier","","","","","","","","","","","","","","","","","","","","","","","","","","","","","","","","","","","","","","","","","","","","","","","","","","","","","","","","","","","",""
"SMREUGGN","journalArticle","2025","De Gregorio, Chiara; Gamba, Marco; Lameira, Adriano R","Third-order self-embedded vocal motifs in wild orangutans, and the selective evolution of recursion","Annals of the New York Academy of Sciences","","","","","","2025","2026-06-21 20:18:18","2026-06-21 20:18:18","","219–229","","1","1549","","","","","","","","Wiley Online Library","","","","","","","","","","","","","","","","","","","","","","","","","","","","","","","","","","","","","","","","","","","","","","","","","","","","","","","","","","","",""
"GKPNBZSQ","journalArticle","2025","Muter, Joanne; Kong, Chow-Seng; Nebot, Mireia Taus; Tryfonos, Maria; Vrljicak, Pavle; Brighton, Paul J; Dimakou, Danai B; Vickers, Megan; Yoshihara, Hiroyuki; Ott, Sascha; others","Stalling of the endometrial decidual reaction determines the recurrence risk of miscarriage","Science Advances","","","","","","2025","2026-06-21 20:18:18","2026-06-21 20:18:18","","eadv1988","","26","11","","","","","","","","American Association for the Advancement of Science","","","","","","","","","","","","","","","","","","","","","","","","","","","","","","","","","","","","","","","","","","","","","","","","","","","","","","","","","","","",""
"FWU4T4Y3","journalArticle","2025","Vergotti, Marina J; D'Olivo, Juan P; Brachert, Thomas C; Capdevila, Pol; Garrabou, Joaquim; Linares, Cristina; Spreter, Philipp M; Kersting, Diego K","Reconstruction of long-term sublethal effects of warming on a temperate coral in a climate change hotspot","Journal of Animal Ecology","","","","","","2025","2026-06-21 20:18:18","2026-06-21 20:18:18","","125–138","","1","94","","","","","","","","Wiley Online Library","","","","","","","","","","","","","","","","","","","","","","","","","","","","","","","","","","","","","","","","","","","","","","","","","","","","","","","","","","","",""
"728TURQV","journalArticle","2025","Crank, Katherine; Papp, Katerina; Barber, Casey; Chung, Kai; Clements, Emily; Frehner, Wilbur; Hannoun, Deena; Lane, Travis; Morrison, Christina; Mull, Bonnie; others","Pathogen and indicator trends in southern Nevada wastewater during and after the COVID-19 pandemic","Environmental Science: Water Research & Technology","","","","","","2025","2026-06-21 20:18:18","2026-06-21 20:18:18","","262–280","","2","11","","","","","","","","Royal Society of Chemistry","","","","","","","","","","","","","","","","","","","","","","","","","","","","","","","","","","","","","","","","","","","","","","","","","","","","","","","","","","","",""
"5WUNMW9M","journalArticle","2025","Prieto, F; García-García, CB; Salmerón-Gómez, R","Modelling global fossil CO2 emissions with a lognormal distribution","Socio-Economic Planning Sciences","","","","","","2025","2026-06-21 20:18:18","2026-06-21 20:18:18","","102104","","","97","","","","","","","","Elsevier","","","","","","","","","","","","","","","","","","","","","","","","","","","","","","","","","","","","","","","","","","","","","","","","","","","","","","","","","","","",""
"L6MK7JEY","journalArticle","2025","Gao, Meixiang; Ye, Yanyan; Zheng, Ye; Lai, Jiangshan","A comprehensive analysis of R's application in ecological research from 2008 to 2023","Journal of Plant Ecology","","","","","","2025","2026-06-21 20:18:18","2026-06-21 20:18:18","","rtaf010","","1","18","","","","","","","","Oxford University Press UK","","","","","","","","","","","","","","","","","","","","","","","","","","","","","","","","","","","","","","","","","","","","","","","","","","","","","","","","","","","",""
"TIQEZZRE","journalArticle","2025","Frigero, Maria Luisa P; Boaro, Carmen SF; Galetto, Leonardo; Tunes, Priscila; Guimarães, Elza","Extreme events induced by climate change alter nectar offer to pollinators in cross pollination-dependent crops","Scientific Reports","","","","","","2025","2026-06-21 20:18:18","2026-06-21 20:18:18","","10852","","1","15","","","","","","","","Nature Publishing Group UK London","","","","","","","","","","","","","","","","","","","","","","","","","","","","","","","","","","","","","","","","","","","","","","","","","","","","","","","","","","","",""
"X4XHT53S","journalArticle","2025","Gandar, Aude; Giraudo, Maeva; Perion, Théo; Houël, Emeline; Noguer, Thierry; Rodrigues, Alice MS; Calas-Blanchard, Carole; Stien, Didier","Targeted and untargeted discovery of UV filters and emerging contaminants with environmental risk assessment on the Northwestern Mediterranean coast","Marine Pollution Bulletin","","","","","","2025","2026-06-21 20:18:18","2026-06-21 20:18:18","","117567","","","212","","","","","","","","Elsevier","","","","","","","","","","","","","","","","","","","","","","","","","","","","","","","","","","","","","","","","","","","","","","","","","","","","","","","","","","","",""
"RGMMMSU3","journalArticle","2025","De Gregorio, Chiara; Antonini, Paola; Heymann, Eckhard W; Gamba, Marco","Isochrony in titi monkeys duets: Social context as a proximate cause of duets' rhythm and regularity","Proceedings of the Royal Society B: Biological Sciences","","","","","","2025","2026-06-21 20:18:18","2026-06-21 20:18:18","","20242805","","2041","292","","","","","","","","","","","","","","","","","","","","","","","","","","","","","","","","","","","","","","","","","","","","","","","","","","","","","","","","","","","","","","","","","","","",""
"7BFQ2DBP","journalArticle","2025","Roffler, Gretchen H; Gastaldi, Angela; Lieske, Camilla; Beckmen, Kimberlee; Castellini, J Margaret; Barst, Benjamin D","Switching to marine prey leads to unprecedented mercury concentrations in a population of coastal Alaska wolves","Science of the Total Environment","","","","","","2025","2026-06-21 20:18:18","2026-06-21 20:18:18","","179542","","","980","","","","","","","","Elsevier","","","","","","","","","","","","","","","","","","","","","","","","","","","","","","","","","","","","","","","","","","","","","","","","","","","","","","","","","","","",""
"J7GGPLMZ","journalArticle","2025","Lynch, Emily C; Roznik, Elizabeth A; Smith, Dustin; Alvey, Alexis; Giammona, Francesca; Brown, Janine L; Boisseau, Nicole; Williams, Audrey; Barr, Melissa; Allen, Nick; others","The effects of light and novel enrichment on Eastern indigo snake (Drymarchon couperi) behavior and physiology","Applied Animal Behaviour Science","","","","","","2025","2026-06-21 20:18:18","2026-06-21 20:18:18","","106598","","","286","","","","","","","","Elsevier","","","","","","","","","","","","","","","","","","","","","","","","","","","","","","","","","","","","","","","","","","","","","","","","","","","","","","","","","","","",""
"R48FLWFV","journalArticle","2025","Harland, Alexandra J; Novais, Francisco J; Fitzsimmons, Carolyn J; Church, John S; da Silva, Gleise M; Londono-Mendez, Maria C; Bork, Edward W","Evaluating virtual fencing as a tool to manage beef cattle for rotational grazing across multiple years","Journal of Environmental Management","","","","","","2025","2026-06-21 20:18:18","2026-06-21 20:18:18","","125166","","","381","","","","","","","","Elsevier","","","","","","","","","","","","","","","","","","","","","","","","","","","","","","","","","","","","","","","","","","","","","","","","","","","","","","","","","","","",""
"SPW5F3YS","journalArticle","2025","Zhao, Yiyong; Yu, Di; Kuo, Wenyu; Huang, Jie; Guo, Jing; Sun, Miao; Hu, Yi; Soltis, Douglas E; Soltis, Pamela S; Ma, Hong; others","Nuclear phylogenomics provide evidence to clarify key morphological evolution and whole-genome duplication across rosids","Journal of Integrative Plant Biology","","","","","","2025","2026-06-21 20:18:18","2026-06-21 20:18:18","","2704–2730","","10","67","","","","","","","","Wiley Online Library","","","","","","","","","","","","","","","","","","","","","","","","","","","","","","","","","","","","","","","","","","","","","","","","","","","","","","","","","","","",""
"RIPH7SEI","journalArticle","2025","Martin, Adam R; Miller, Lauren; Madigan, Mitchell; Cui, Boya; Cathline, Kimberley A; Robertson, Gavin","Trait integration varies with resource acquisition strategies in a common perennial crop","Functional Ecology","","","","","","2025","2026-06-21 20:18:18","2026-06-21 20:18:18","","1112–1127","","4","39","","","","","","","","Wiley Online Library","","","","","","","","","","","","","","","","","","","","","","","","","","","","","","","","","","","","","","","","","","","","","","","","","","","","","","","","","","","",""
"QFT6VFF3","journalArticle","2025","Adorno, Bruno FCB; Ribeiro, Milton C; Hasui, Erica; Dinis, Bianca; Godoy, Ederson; Coletti-Manzoli, Enzo; Vaz, Pedro G; Piratelli, Augusto J","Fire size and vegetation productivity shape bird diversity across burned landscapes in the Atlantic Forest","Journal of Applied Ecology","","","","","","2025","2026-06-21 20:18:18","2026-06-21 20:18:18","","2120–2132","","9","62","","","","","","","","Wiley Online Library","","","","","","","","","","","","","","","","","","","","","","","","","","","","","","","","","","","","","","","","","","","","","","","","","","","","","","","","","","","",""
"LKTEZXUW","journalArticle","2025","DenAdel, Alan; Ramseier, Michelle L; Navia, Andrew W; Shalek, Alex K; Raghavan, Srivatsan; Winter, Peter S; Amini, Ava P; Crawford, Lorin","Artificial variables help to avoid over-clustering in single-cell RNA sequencing","The American Journal of Human Genetics","","","","","","2025","2026-06-21 20:18:18","2026-06-21 20:18:18","","940–951","","4","112","","","","","","","","Elsevier","","","","","","","","","","","","","","","","","","","","","","","","","","","","","","","","","","","","","","","","","","","","","","","","","","","","","","","","","","","",""
"WW3DFSZX","journalArticle","2025","Wiseman, Marc A; Monteith, Kevin L; Long, Ryan A","Causes and consequences of individual variation: Linking state-dependent life histories to population performance","Ecosphere","","","","","","2025","2026-06-21 20:18:18","2026-06-21 20:18:18","","e70230","","4","16","","","","","","","","Wiley Online Library","","","","","","","","","","","","","","","","","","","","","","","","","","","","","","","","","","","","","","","","","","","","","","","","","","","","","","","","","","","",""
"5GNJQWJH","journalArticle","2025","Bartrons, Mireia; Yang, Jing; Cuenca-Cambronero, Maria; Lemmens, Pieter; Anton-Pardo, Maria; Beklioğlu, Meryem; Biggs, Jeremy; Boissezon, Aurélie; Boix, Dani; Calvo, Clementina; others","Why ponds concentrate nutrients: the roles of internal features, land use, and climate","Hydrobiologia","","","","","","2025","2026-06-21 20:18:18","2026-06-21 20:18:18","","1–19","","","","","","","","","","","Springer","","","","","","","","","","","","","","","","","","","","","","","","","","","","","","","","","","","","","","","","","","","","","","","","","","","","","","","","","","","",""
"UWN73K8D","journalArticle","2025","da Mota Neto, Laudelino Vieira; Ribeiro-Oliveira, João Paulo; Galdos, Marcelo Valadares; Barros, José Victor Silva; Bertolino, Karina Mendes; Calonego, Juliano Carlos; Rosolem, Ciro Antonio","Soil fertility matters! A new conceptual model for carbon stewardship in neotropical croplands taking climate-smart agricultural practices into account","Science of the Total Environment","","","","","","2025","2026-06-21 20:18:18","2026-06-21 20:18:18","","179407","","","978","","","","","","","","Elsevier","","","","","","","","","","","","","","","","","","","","","","","","","","","","","","","","","","","","","","","","","","","","","","","","","","","","","","","","","","","",""
"2LUCS69T","journalArticle","2025","Khan, Sami Towsif; Sample, David J; Wynn-Thompson, Theresa; Butcher, Jon","Impacts of climate change on storm event-based flow regime and channel stability of urban headwater streams","Journal of Environmental Management","","","","","","2025","2026-06-21 20:18:18","2026-06-21 20:18:18","","123994","","","374","","","","","","","","Elsevier","","","","","","","","","","","","","","","","","","","","","","","","","","","","","","","","","","","","","","","","","","","","","","","","","","","","","","","","","","","",""
"LPNARB89","journalArticle","2025","Nogueira, Raquel A; Rodríguez-Herrera, Juan J; López-Carmona, José Luis; Valero, Antonio; L. Cabo, Marta","A formal analysis of Listeria monocytogenes cross-contamination dynamics in multi-species biofilms","npj Science of Food","","","","","","2025","2026-06-21 20:18:18","2026-06-21 20:18:18","","168","","1","9","","","","","","","","Nature Publishing Group UK London","","","","","","","","","","","","","","","","","","","","","","","","","","","","","","","","","","","","","","","","","","","","","","","","","","","","","","","","","","","",""
"EMSYHJ49","journalArticle","2025","Geisser, Alexandra H; Scro, Abigail K; Smolowitz, Roxanna; Fulweiler, Robinson W","Macroalgae host pathogenic Vibrio spp. in a temperate estuary","Frontiers in Marine Science","","","","","","2025","2026-06-21 20:18:18","2026-06-21 20:18:18","","1549732","","","12","","","","","","","","Frontiers Media SA","","","","","","","","","","","","","","","","","","","","","","","","","","","","","","","","","","","","","","","","","","","","","","","","","","","","","","","","","","","",""
"RIWKFWZW","journalArticle","2025","Holcomb, David A; Knee, Jackie; Adriano, Zaida; Capone, Drew; Cumming, Oliver; Kowalsky, Erin; Nalá, Rassul; Viegas, Edna; Stewart, Jill R; Brown, Joe","Associations between fecal contamination of the household environment and enteric pathogen detection in children living in Maputo, Mozambique","Environment & Health","","","","","","2025","2026-06-21 20:18:18","2026-06-21 20:18:18","","757–767","","7","3","","","","","","","","ACS Publications","","","","","","","","","","","","","","","","","","","","","","","","","","","","","","","","","","","","","","","","","","","","","","","","","","","","","","","","","","","",""
"4UAEVQY8","journalArticle","2025","Kamelian, Kimia; Sievers, Benjamin; Chen-Xu, Michael; Turner, Sam; Cheng, Mark Tsz Kin; Altaf, Mazharul; Kemp, Steven A; Abdullahi, Adam; Csiba, Kata; Collier, Dami A; others","Humoral responses to SARS-CoV-2 vaccine in vasculitis-related immune suppression","Science Advances","","","","","","2025","2026-06-21 20:18:18","2026-06-21 20:18:18","","eadq3342","","7","11","","","","","","","","American Association for the Advancement of Science","","","","","","","","","","","","","","","","","","","","","","","","","","","","","","","","","","","","","","","","","","","","","","","","","","","","","","","","","","","",""
"WG3PYLQG","journalArticle","2025","Frick, Aurélien; Belletier, Clément; Tan, Wenjia; Meng, Ning; Zhou, Qiang; Christie, Stella; Camos, Valérie","The effects of an unfamiliar experimenter on proactive and reactive control in children","Scientific Reports","","","","","","2025","2026-06-21 20:18:18","2026-06-21 20:18:18","","5860","","1","15","","","","","","","","Nature Publishing Group UK London","","","","","","","","","","","","","","","","","","","","","","","","","","","","","","","","","","","","","","","","","","","","","","","","","","","","","","","","","","","",""
"JBZW72XB","journalArticle","2025","Bailly, Audrey; Monceau, Karine; Bretagnolle, Vincent; Rodrigues, Anaïs; Millet, Maurice; Moreau, Jérôme","Pesticide exposure in farmland wild passerines: bio-indicators of a widespread contamination despite organic farming","Environmental Research","","","","","","2025","2026-06-21 20:18:18","2026-06-21 20:18:18","","122389","","","","","","","","","","","Elsevier","","","","","","","","","","","","","","","","","","","","","","","","","","","","","","","","","","","","","","","","","","","","","","","","","","","","","","","","","","","",""
"UHQ583CU","journalArticle","2025","Rutkowska, Agnieszka; Willems, Patrick; Mendoza Paz, Santiago; Ziernicka-Wojtaszek, Agnieszka","Changes in precipitation patterns in Poland derived from projected downscaled future climate data from CMIP5 and CMIP6","International Journal of Climatology","","","","","","2025","2026-06-21 20:18:18","2026-06-21 20:18:18","","e8822","","7","45","","","","","","","","Wiley Online Library","","","","","","","","","","","","","","","","","","","","","","","","","","","","","","","","","","","","","","","","","","","","","","","","","","","","","","","","","","","",""
"M8BH27HS","journalArticle","2025","Kobayashi, Yuta; Akasaka, Munemitsu","Climatic differences among habitats shape the balance between maximum lifespan and life expectancy in Japanese tree species","Nature Ecology & Evolution","","","","","","2025","2026-06-21 20:18:18","2026-06-21 20:18:18","","947–956","","6","9","","","","","","","","Nature Publishing Group UK London","","","","","","","","","","","","","","","","","","","","","","","","","","","","","","","","","","","","","","","","","","","","","","","","","","","","","","","","","","","",""
"F3VM863T","journalArticle","2025","Giacometti, Danilo; Tattersall, Glenn J","Seasonal plasticity in the thermal sensitivity of metabolism but not water loss in a fossorial ectotherm","Oecologia","","","","","","2025","2026-06-21 20:18:18","2026-06-21 20:18:18","","67","","5","207","","","","","","","","Springer","","","","","","","","","","","","","","","","","","","","","","","","","","","","","","","","","","","","","","","","","","","","","","","","","","","","","","","","","","","",""
"LMMIRKH9","journalArticle","2025","Silva-Marrero, Jonás I; Lai, Floriana; Handeland, Sigurd O; Pedrosa, Cindy; Gelebart, Virginie; Balseiro, Pablo; Fuentes, Juan; Rønnestad, Ivar; Gomes, Ana S","Integration of gill and intestinal osmoregulatory functions to assess the smoltification window in Atlantic Salmon","Fishes","","","","","","2025","2026-06-21 20:18:18","2026-06-21 20:18:18","","119","","3","10","","","","","","","","MDPI","","","","","","","","","","","","","","","","","","","","","","","","","","","","","","","","","","","","","","","","","","","","","","","","","","","","","","","","","","","",""
"VX7UFHX9","journalArticle","2025","De Pascalis, Federico; Grémillet, David; Benvenuti, Andrea; Ventura, Francesco; Jennings, Valeria; Rubolini, Diego; Cecere, Jacopo G","Flight style and time–activity budgets of the smallest petrels","Journal of Experimental Biology","","","","","","2025","2026-06-21 20:18:18","2026-06-21 20:18:18","","jeb249719","","6","228","","","","","","","","The Company of Biologists","","","","","","","","","","","","","","","","","","","","","","","","","","","","","","","","","","","","","","","","","","","","","","","","","","","","","","","","","","","",""
"8SLWH6JN","journalArticle","2025","Wang, Yajun; Lin, Jianliang; Yan, Yu; Zeng, Zhenzhong; Liu, Xiaoye; Wang, Shuxian; She, Zhenyan; Huang, Zeqin; Sun, Pengnan; Zhao, Tongtiegang; others","Spatial transmission of resilience loss in deltaic dynamic systems","Communications Earth & Environment","","","","","","2025","2026-06-21 20:18:18","2026-06-21 20:18:18","","530","","1","6","","","","","","","","Nature Publishing Group UK London","","","","","","","","","","","","","","","","","","","","","","","","","","","","","","","","","","","","","","","","","","","","","","","","","","","","","","","","","","","",""
"WSFAQSTS","journalArticle","2025","Hiebert, Terra C; Thompson, Anne W; Sutherland, Kelly R","Diverse microbial prey in the guts of gelatinous grazers revealed by microscopy","Marine Biology","","","","","","2025","2026-06-21 20:18:18","2026-06-21 20:18:18","","60","","4","172","","","","","","","","Springer","","","","","","","","","","","","","","","","","","","","","","","","","","","","","","","","","","","","","","","","","","","","","","","","","","","","","","","","","","","",""
"5Y46T2CD","journalArticle","2025","Figueroa-Muñoz, Guillermo; Murphy, Christina A; Whittum, Kory; Zydlewski, Joseph","Cleaner cuts: Farmed fish and skin-off fillets are lower in per-and polyfluoroalkyl substances (PFAS)","Science of The Total Environment","","","","","","2025","2026-06-21 20:18:18","2026-06-21 20:18:18","","178266","","","959","","","","","","","","Elsevier","","","","","","","","","","","","","","","","","","","","","","","","","","","","","","","","","","","","","","","","","","","","","","","","","","","","","","","","","","","",""
"RA2HSLQF","journalArticle","2025","Minguito-Frutos, Mario; Buñuel, Xavier; Marco-Méndez, Candela; Sanmartí, Neus; Skouradakis, Grigorios; Boada, Jordi; Pagès, Jordi F; Alcoverro, Teresa; Arthur, Rohan","Tropical range extending herbivorous fishes gain foraging benefits by shoaling with native temperate species","Scientific Reports","","","","","","2025","2026-06-21 20:18:18","2026-06-21 20:18:18","","35137","","1","15","","","","","","","","Nature Publishing Group UK London","","","","","","","","","","","","","","","","","","","","","","","","","","","","","","","","","","","","","","","","","","","","","","","","","","","","","","","","","","","",""
"UMPK7ZIY","journalArticle","2025","Lowerre-Barbieri, Susan K; Wall, Kara; Friess, Claudia; Keenan, Sean; Lembke, Chad; Tarnecki, Joseph; Williams-Grove, Laura Jay; Patterson III, William F","Movement traits important to conservation and fisheries management: an example with red snapper","Scientific Reports","","","","","","2025","2026-06-21 20:18:18","2026-06-21 20:18:18","","4614","","1","15","","","","","","","","Nature Publishing Group UK London","","","","","","","","","","","","","","","","","","","","","","","","","","","","","","","","","","","","","","","","","","","","","","","","","","","","","","","","","","","",""
"3TB8NEPQ","journalArticle","2025","Rangel, Luciana Machado; Mesquita, Marcella Coelho Berjante; Barros, Shara Rosa de; Neres-Lima, Vinicius; Celano, Michael Ribas; Vilar, Mauro Cesar Palmeira; Azevedo, Sandra Maria Feliciano de Oliveira E; Marinho, Marcelo Manzi","Chemical and Morphological Constitutive Defensive Traits of Cyanobacteria Have Different Effects on the Grazing of a Small Tropical Cladoceran","Toxins","","","","","","2025","2026-06-21 20:18:18","2026-06-21 20:18:18","","343","","7","17","","","","","","","","MDPI","","","","","","","","","","","","","","","","","","","","","","","","","","","","","","","","","","","","","","","","","","","","","","","","","","","","","","","","","","","",""
"FC5FVF2M","journalArticle","2025","Cui, Boya; Mariani, Rachel; Cathline, Kimberley A; Robertson, Gavin; Martin, Adam R","Reflectance spectroscopy predicts leaf functional traits across wine grape cultivars","Plants, People, Planet","","","","","","2025","2026-06-21 20:18:18","2026-06-21 20:18:18","","1524–1537","","5","7","","","","","","","","Wiley Online Library","","","","","","","","","","","","","","","","","","","","","","","","","","","","","","","","","","","","","","","","","","","","","","","","","","","","","","","","","","","",""
"UMWFG73F","journalArticle","2025","Albino-Bohórquez, Arledys; Gutiérrez, Yeisson; Bohórquez, German; Bacca, Tito","Integrated analysis of lethal and sublethal effects of rice pesticides on the natural predator Microvelia pulchella (Insecta: Hemiptera: Veliidae): insights into direct and indirect effects","Environmental Toxicology and Chemistry","","","","","","2025","2026-06-21 20:18:18","2026-06-21 20:18:18","","1672–1685","","6","44","","","","","","","","Oxford University Press","","","","","","","","","","","","","","","","","","","","","","","","","","","","","","","","","","","","","","","","","","","","","","","","","","","","","","","","","","","",""
"GXKQ7UCD","journalArticle","2025","Bletz, Molly C; Grant, Evan H Campbell; DiRenzo, Graziella","Quantitative support for the benefits of proactive management for wildlife disease control","Conservation Biology","","","","","","2025","2026-06-21 20:18:18","2026-06-21 20:18:18","","e14363","","1","39","","","","","","","","Wiley Online Library","","","","","","","","","","","","","","","","","","","","","","","","","","","","","","","","","","","","","","","","","","","","","","","","","","","","","","","","","","","",""
"9H5K6CSJ","journalArticle","2025","Leroy, Valentine; Decocq, Guillaume; Noirot-Cosson, Paul-Emile; Marrec, Ronan","Impacts of punctual solar trackers on soil biodiversity in agricultural lands","Geoderma","","","","","","2025","2026-06-21 20:18:18","2026-06-21 20:18:18","","117147","","","453","","","","","","","","Elsevier","","","","","","","","","","","","","","","","","","","","","","","","","","","","","","","","","","","","","","","","","","","","","","","","","","","","","","","","","","","",""
"53UDZBK3","journalArticle","2025","Iancu, Mihaela; Coste, Sorina-Cezara; Cozma, Angela; Orășan, Olga Hilda; Lucaciu, Roxana Liana; Hangan, Adriana Corina; Para, Ioana; Gog Bogdan, Sidonia; Procopciuc, Lucia-Maria","Metabolic characteristics and cytokine gene polymorphisms as potential risk factors for a higher liver fibrosis stage in MASLD patients: a hospital-based study","International Journal of Molecular Sciences","","","","","","2025","2026-06-21 20:18:18","2026-06-21 20:18:18","","3730","","8","26","","","","","","","","MDPI","","","","","","","","","","","","","","","","","","","","","","","","","","","","","","","","","","","","","","","","","","","","","","","","","","","","","","","","","","","",""
"5NFTBZWX","journalArticle","2025","Chappa, Merbelita Yalta; Angeles, Wildor Gosgot; Quispe-Sanchez, Luz; Servan, Diana Carina Mori; Gomez, Homar Santillan; Oliva-Cruz, Manuel; Gurbillón, Miguel Ángel Barrena","Modeling of drying kinetics and chemical analysis for optimal preservation of pitahaya, aguaymanto and pineapple fruits using a parabolic solar dehydrator in the Amazon region-Peru","Journal of Agriculture and Food Research","","","","","","2025","2026-06-21 20:18:18","2026-06-21 20:18:18","","101696","","","19","","","","","","","","Elsevier","","","","","","","","","","","","","","","","","","","","","","","","","","","","","","","","","","","","","","","","","","","","","","","","","","","","","","","","","","","",""
"8JC4RYKE","journalArticle","2025","Gomez, Bárbara M; Diaz, Nelson S; Saraceno, Martín; Sinistro, Rodrigo; Graziano, Martín","Quantifying the benefits of nature-based solutions in urban drainage on headwater stream water quality","Journal of Environmental Management","","","","","","2025","2026-06-21 20:18:18","2026-06-21 20:18:18","","125363","","","385","","","","","","","","Elsevier","","","","","","","","","","","","","","","","","","","","","","","","","","","","","","","","","","","","","","","","","","","","","","","","","","","","","","","","","","","",""
"RTD6438B","journalArticle","2025","Bates, AJ; Wells, M; Fitzpatrick, C; Laven, RA","Effect of a pre-calving injectable trace mineral supplement on white blood cell function in seasonally calving pastoral dairy cows","New Zealand Veterinary Journal","","","","","","2025","2026-06-21 20:18:18","2026-06-21 20:18:18","","87–99","","2","73","","","","","","","","Taylor & Francis","","","","","","","","","","","","","","","","","","","","","","","","","","","","","","","","","","","","","","","","","","","","","","","","","","","","","","","","","","","",""
"UUUM8QWP","journalArticle","2025","Vecchio, Davide; Bono, Alessia; Resente, Giulia; Musio, Luca; Berretti, Roberta; Ascoli, Davide; Camerano, Paolo; Terzuolo, Pier Giorgio; Motta, Renzo","The effects of cutting season on stump mortality and resprouting in southern European Sweet chestnut (Castanea sativa Mill.) coppices","Forest Ecology and Management","","","","","","2025","2026-06-21 20:18:18","2026-06-21 20:18:18","","122610","","","585","","","","","","","","Elsevier","","","","","","","","","","","","","","","","","","","","","","","","","","","","","","","","","","","","","","","","","","","","","","","","","","","","","","","","","","","",""
"7DYKFHAS","journalArticle","2025","Zizka, Vera; Schwesig, Katharina; Engel, Nele; Hölzel, Norbert; Scherber, Christoph","Environmental DNA supports importance of heterogeneous pond landscapes for arthropod diversity conservation","Ecosphere","","","","","","2025","2026-06-21 20:18:18","2026-06-21 20:18:18","","e70171","","2","16","","","","","","","","Wiley Online Library","","","","","","","","","","","","","","","","","","","","","","","","","","","","","","","","","","","","","","","","","","","","","","","","","","","","","","","","","","","",""
"4RRK4638","journalArticle","2025","Rocha, Ana Patrícia; Guimarães, Afonso; Oliveira, Ilídio C; Fernandes, José Maria; e Silva, Miguel Oliveira; Silva, Samuel; Teixeira, António","In-bed gesture recognition to support the communication of people with Aphasia","Pervasive and Mobile Computing","","","","","","2025","2026-06-21 20:18:18","2026-06-21 20:18:18","","102029","","","109","","","","","","","","Elsevier","","","","","","","","","","","","","","","","","","","","","","","","","","","","","","","","","","","","","","","","","","","","","","","","","","","","","","","","","","","",""
"U2KK3F3X","journalArticle","2025","Garrido-de León, Federico; Franco-Trecu, Valentina; Naya, Daniel E; Costa-Pereira, Raul","Unraveling how keystone niche individuals contribute disproportionately to the population niche","Oikos","","","","","","2025","2026-06-21 20:18:18","2026-06-21 20:18:18","","e11034","","8","2025","","","","","","","","Wiley Online Library","","","","","","","","","","","","","","","","","","","","","","","","","","","","","","","","","","","","","","","","","","","","","","","","","","","","","","","","","","","",""
"IQRKUCT9","journalArticle","2025","Dione, Michel; Ilboudo, Guy; Paré, Adama; Songré-Ouattara, Laurencia T; Danyluk, Michelle D; Ganser, Claudia; Knight-Jones, Theodore JD; Havelaar, Arie H","Washing chicken carcasses with water proves unreliable as a means of reducing bacterial contamination in unhygienic market conditions in Burkina Faso","Journal of Food Protection","","","","","","2025","2026-06-21 20:18:18","2026-06-21 20:18:18","","100598","","","","","","","","","","","Elsevier","","","","","","","","","","","","","","","","","","","","","","","","","","","","","","","","","","","","","","","","","","","","","","","","","","","","","","","","","","","",""
"F3HQYTSN","journalArticle","2025","Chelkha, Maryam; Blanco-Pérez, Rubén; Labarga, David; de Toro, María; Duenas-Hernani, Jorge; Wickings, Kyle; Campos-Herrera, Raquel","Co-occurrence of entomopathogenic nematodes and earthworms enhances enduring biocontrol activity and microbial diversity in a naturalized plant-soil system","Biological Control","","","","","","2025","2026-06-21 20:18:18","2026-06-21 20:18:18","","105685","","","200","","","","","","","","Elsevier","","","","","","","","","","","","","","","","","","","","","","","","","","","","","","","","","","","","","","","","","","","","","","","","","","","","","","","","","","","",""
"D82GH5ST","journalArticle","2025","Umbra, Robin; Fasbender, Ulrike","The daily relations between workplace anger, coping strategies, work outcomes, and workplace affiliation","Frontiers in Psychology","","","","","","2025","2026-06-21 20:18:18","2026-06-21 20:18:18","","1538914","","","16","","","","","","","","Frontiers Media SA","","","","","","","","","","","","","","","","","","","","","","","","","","","","","","","","","","","","","","","","","","","","","","","","","","","","","","","","","","","",""
"TZ8RWQ2R","journalArticle","2025","Ricetti, Lorenzo; Hurtado, Santiago I; Zaninelli, Pablo G; Agosta, Eduardo A","Determining the percentile threshold of daily extreme precipitation, methods evaluation","Stochastic Environmental Research and Risk Assessment","","","","","","2025","2026-06-21 20:18:18","2026-06-21 20:18:18","","2887–2902","","7","39","","","","","","","","Springer","","","","","","","","","","","","","","","","","","","","","","","","","","","","","","","","","","","","","","","","","","","","","","","","","","","","","","","","","","","",""
"SM47SH8M","journalArticle","2025","Lowry, Sarah A; Steele, Joshua A; Griffith, John F; Schiff, Kenneth C; Boehm, Alexandria B","Simulated gastrointestinal risk from recreational exposure to Southern California stormwater and relationship to human-associated Bacteroidales marker HF183","Environmental Science: Processes & Impacts","","","","","","2025","2026-06-21 20:18:18","2026-06-21 20:18:18","","718–728","","3","27","","","","","","","","Royal Society of Chemistry","","","","","","","","","","","","","","","","","","","","","","","","","","","","","","","","","","","","","","","","","","","","","","","","","","","","","","","","","","","",""
"U426DJ5R","journalArticle","2025","Cotlier, Gabriel I; Miranda, Vitor FVV de; Jimenez, Juan Carlos","Characterization and Quantification of Methane Emission Plumes and Super-Emitter Detection Across North-Central Brazil Using Hyperspectral Satellite Data","Remote Sensing","","","","","","2025","2026-06-21 20:18:18","2026-06-21 20:18:18","","3973","","24","17","","","","","","","","MDPI","","","","","","","","","","","","","","","","","","","","","","","","","","","","","","","","","","","","","","","","","","","","","","","","","","","","","","","","","","","",""
"YAAAVSWX","journalArticle","2025","Seear, Paul J; Dowling, Henry JA; Szymańska-Lejman, Maja; Dziegielewski, Wojciech; Debilio, Simona; Franklin, F Chris H; Corbett, Kevin D; Davies, Owen R; Ziolkowski, Piotr A; Higgins, James D","SCEP3 initiates synapsis and implements crossover interference in Arabidopsis","Nature Plants","","","","","","2025","2026-06-21 20:18:18","2026-06-21 20:18:18","","1–17","","","","","","","","","","","Nature Publishing Group UK London","","","","","","","","","","","","","","","","","","","","","","","","","","","","","","","","","","","","","","","","","","","","","","","","","","","","","","","","","","","",""
"EMJCAE62","journalArticle","2025","Paulos, Abigail P; Hilton, Stephen P; Shelden, Bridgette; Duong, Dorothea; Boehm, Alexandria B; Wolfe, Marlene K","Detection of Hemagglutinin H5 influenza A virus RNA and model of potential inputs in an urban California sewershed","Environmental Science & Technology","","","","","","2025","2026-06-21 20:18:18","2026-06-21 20:18:18","","16168–16179","","31","59","","","","","","","","ACS Publications","","","","","","","","","","","","","","","","","","","","","","","","","","","","","","","","","","","","","","","","","","","","","","","","","","","","","","","","","","","",""
"PTACC6DG","journalArticle","2025","Penconek, Marcin","Weber's Law as the emergent phenomenon of choices based on global inhibition","Frontiers in Neuroscience","","","","","","2025","2026-06-21 20:18:18","2026-06-21 20:18:18","","1532069","","","19","","","","","","","","Frontiers Media SA","","","","","","","","","","","","","","","","","","","","","","","","","","","","","","","","","","","","","","","","","","","","","","","","","","","","","","","","","","","",""
"A2KHNBS7","journalArticle","2025","Udovicki, Bozidar; Tomic, Nikola; Radusin, Kristina; Kaludjerovic, Milica; Spirovic-Trifunovic, Bojana; Smigic, Nada; Djekic, Ilija","Cumulative dietary risk assessment of pesticide residues concerning craniofacial alterations in Serbia through fruits and vegetable intake","Food and Chemical Toxicology","","","","","","2025","2026-06-21 20:18:18","2026-06-21 20:18:18","","115618","","","204","","","","","","","","Elsevier","","","","","","","","","","","","","","","","","","","","","","","","","","","","","","","","","","","","","","","","","","","","","","","","","","","","","","","","","","","",""
"W2SGUNRD","journalArticle","2025","Carriquiry, I García; Silva, Vera; Inchausti, Pablo; Trasante, Tania; Niell, Silvina; Azziz, Gastón; Pizzarossa, A Berro; Saracho, W; Fernández, Gabriela; Geissen, Violette","Field assessment of sequential herbicide mixtures on nitrogen cycle-related functions in soybean production","Agriculture, Ecosystems & Environment","","","","","","2025","2026-06-21 20:18:18","2026-06-21 20:18:18","","109339","","","379","","","","","","","","Elsevier","","","","","","","","","","","","","","","","","","","","","","","","","","","","","","","","","","","","","","","","","","","","","","","","","","","","","","","","","","","",""
"HV8QB4AN","journalArticle","2025","Long, Xueying; Bui, Quang; Oktavian, Grady; Schmidt, Daniel F; Bergmeir, Christoph; Godahewa, Rakshitha; Lee, Seong Per; Zhao, Kaifeng; Condylis, Paul","Scalable probabilistic forecasting in retail with gradient boosted trees: A practitioner's approach","International Journal of Production Economics","","","","","","2025","2026-06-21 20:18:18","2026-06-21 20:18:18","","109449","","","279","","","","","","","","Elsevier","","","","","","","","","","","","","","","","","","","","","","","","","","","","","","","","","","","","","","","","","","","","","","","","","","","","","","","","","","","",""
"AXRXS5Y7","journalArticle","2025","Katz, Harrison; Savage, Erica","Slomads rising: Structural shifts in US Airbnb stay lengths during and after the pandemic (2019–2024)","Tourism and Hospitality","","","","","","2025","2026-06-21 20:18:18","2026-06-21 20:18:18","","182","","4","6","","","","","","","","MDPI","","","","","","","","","","","","","","","","","","","","","","","","","","","","","","","","","","","","","","","","","","","","","","","","","","","","","","","","","","","",""
"UVYKVEQF","journalArticle","2025","Camisón, Álvaro; Monteiro, Pedro; Dorado, F Javier; Sánchez-Bel, Paloma; Leitão, Frederico; Meijón, Mónica; Pinto, Gloria","Choosing the right signaling pathway: hormone responses to Phytophthora cinnamomi during compatible and incompatible interactions with chestnut (Castanea spp.)","Tree physiology","","","","","","2025","2026-06-21 20:18:18","2026-06-21 20:18:18","","tpaf016","","3","45","","","","","","","","Oxford University Press","","","","","","","","","","","","","","","","","","","","","","","","","","","","","","","","","","","","","","","","","","","","","","","","","","","","","","","","","","","",""
"N4FB8SCA","journalArticle","2025","Combes, Matt; Brown, Nathan; Thompson, Robin N; Mastin, Alexander; Crow, Peter; Parnell, Stephen","Unlocking plant health survey data: An approach to quantify the sensitivity and specificity of visual inspections","PLOS Computational Biology","","","","","","2025","2026-06-21 20:18:18","2026-06-21 20:18:18","","e1012957","","11","21","","","","","","","","Public Library of Science San Francisco, CA USA","","","","","","","","","","","","","","","","","","","","","","","","","","","","","","","","","","","","","","","","","","","","","","","","","","","","","","","","","","","",""
"5IN69LV7","journalArticle","2025","Fatulla, Pavel; Imberg, Henrik; Sterner Isaksson, Sofia; Hirsch, Irl B; Mårtensson, Johan; Liljebäck, Hanna; Heise, Tim; Lind, Marcus","Evaluating the Adequacy of Coefficient of Variation and Standard Deviation as Metrics of Glucose Variability in Type 1 Diabetes Based on Data from the GOLD and SILVER Trials","Diabetes Technology & Therapeutics","","","","","","2025","2026-06-21 20:18:18","2026-06-21 20:18:18","","606–612","","8","27","","","","","","","","SAGE Publications Sage CA: Los Angeles, CA","","","","","","","","","","","","","","","","","","","","","","","","","","","","","","","","","","","","","","","","","","","","","","","","","","","","","","","","","","","",""
"HBR9ABSF","journalArticle","2025","Williams, Paul Allen; Roberts, Emily K; Nguyen, Quynh-Anh; Rahmouni, Kamal","Identifying unimodal finite mixture models in data sets using distribution shifting–A novel approach","Results in engineering","","","","","","2025","2026-06-21 20:18:18","2026-06-21 20:18:18","","105393","","","26","","","","","","","","Elsevier","","","","","","","","","","","","","","","","","","","","","","","","","","","","","","","","","","","","","","","","","","","","","","","","","","","","","","","","","","","",""
"X3PWEYFL","journalArticle","2025","Winter, Silvia; Weitzl, Ricarda; Möth, Stefan; Petrović, Božana; Aurelle, Violette; Tolle, Pauline; Costes, Thomas; Richart-Cervera, Sylvie; Rusch, Adrien","Extensive vegetation management and semi-natural habitats increase plant alpha and gamma diversity in European vineyards","Basic and Applied Ecology","","","","","","2025","2026-06-21 20:18:18","2026-06-21 20:18:18","","98–108","","","83","","","","","","","","Elsevier","","","","","","","","","","","","","","","","","","","","","","","","","","","","","","","","","","","","","","","","","","","","","","","","","","","","","","","","","","","",""
"RFZG88DV","journalArticle","2025","Figueira, Tyler; Frachon, Léa; Schiestl, Florian P","Bumblebee pollination and herbivory alter genomic adaptation of plants to soil","Molecular Ecology","","","","","","2025","2026-06-21 20:18:18","2026-06-21 20:18:18","","e17811","","13","34","","","","","","","","Wiley Online Library","","","","","","","","","","","","","","","","","","","","","","","","","","","","","","","","","","","","","","","","","","","","","","","","","","","","","","","","","","","",""
"W94DCYZC","journalArticle","2025","Luna-Zuniga, E; Paz, H; Mendoza-Arroyo, W; Buckley, YM; Del-Val, E","Do native land crabs hinder forest regeneration on Socorro Island?","Journal for Nature Conservation","","","","","","2025","2026-06-21 20:18:18","2026-06-21 20:18:18","","126994","","","87","","","","","","","","Elsevier","","","","","","","","","","","","","","","","","","","","","","","","","","","","","","","","","","","","","","","","","","","","","","","","","","","","","","","","","","","",""
"NCWNXSGX","journalArticle","2025","Donhauser, Jonathan; Han, Xingguo; Doménech-Pascual, Anna; Jordaan, Karen; Casas-Ruiz, Joan Pere; Stoletov, Georgii; Ramond, Jean-Baptiste; Romaní, Anna M; Frossard, Aline; Priemé, Anders","Cross-continental soil prokaryotic traits driven by precipitation regime and land cover","Communications Earth & Environment","","","","","","2025","2026-06-21 20:18:18","2026-06-21 20:18:18","","","","","","","","","","","","","Nature Publishing Group UK London","","","","","","","","","","","","","","","","","","","","","","","","","","","","","","","","","","","","","","","","","","","","","","","","","","","","","","","","","","","",""
"LLGTEH24","journalArticle","2025","Calbacho-Rosa, Lucia; Cunningham, Mónica; Cargnelutti, Franco; García, Carlos Fernando; Peretti, Alfredo V","Reproductive investment in spiders: how female condition and oviposition timing influence egg sac quality","Journal of Insect Physiology","","","","","","2025","2026-06-21 20:18:18","2026-06-21 20:18:18","","104869","","","","","","","","","","","Elsevier","","","","","","","","","","","","","","","","","","","","","","","","","","","","","","","","","","","","","","","","","","","","","","","","","","","","","","","","","","","",""
"GTY4GULF","journalArticle","2025","Owen, Caitlin A; Casanovas, Paula; Schattschneider, Jessica; Dick, Grant; Walker, Seumas P; Symonds, Jane E","Comparing blood biochemistry and haematology normal ranges of Chinook salmon (Oncorhynchus tshawytscha) from different production systems","Aquaculture","","","","","","2025","2026-06-21 20:18:18","2026-06-21 20:18:18","","742016","","","598","","","","","","","","Elsevier","","","","","","","","","","","","","","","","","","","","","","","","","","","","","","","","","","","","","","","","","","","","","","","","","","","","","","","","","","","",""
"C6JDQG6E","journalArticle","2025","Ramachandran, Advyth; Iwanaga, Caryn D; Fugate, Michael; Huxley, Jared D; Rose-Person, Annika; Amatya, Rhea; Bui, Thuy-Tien; Spasojevic, Marko J","Litter removal increases plant diversity by promoting both native and exotic forbs in heavily invaded coastal sage scrub in Southern California, USA","Restoration Ecology","","","","","","2025","2026-06-21 20:18:18","2026-06-21 20:18:18","","e14340","","3","33","","","","","","","","Wiley Online Library","","","","","","","","","","","","","","","","","","","","","","","","","","","","","","","","","","","","","","","","","","","","","","","","","","","","","","","","","","","",""
"DVRFVIC7","journalArticle","2025","Walden, Nora; Mansion, Guilhem; Schnorf, Hektor; Koch, Marcus A; Guggisberg, Alessia","Murbeckiella is dead, long live Oreophyton: origin and systematics of tribe Oreophytoneae (Brassicaceae)","Annals of Botany","","","","","","2025","2026-06-21 20:18:18","2026-06-21 20:18:18","","mcaf115","","","","","","","","","","","Oxford University Press UK","","","","","","","","","","","","","","","","","","","","","","","","","","","","","","","","","","","","","","","","","","","","","","","","","","","","","","","","","","","",""
"L4XXD7F5","journalArticle","2025","Zhao, Shi; Guo, Zihao; Wang, Kai; Sun, Shengzhi; Sun, Dayu; Wang, Weiming; He, Daihai; Chong, Marc KC; Hao, Yuantao; Yeoh, Eng-Kiong","modelSSE: an R package for characterizing infectious disease superspreading from contact tracing data","Bulletin of Mathematical Biology","","","","","","2025","2026-06-21 20:18:18","2026-06-21 20:18:18","","47","","4","87","","","","","","","","Springer Nature BV","","","","","","","","","","","","","","","","","","","","","","","","","","","","","","","","","","","","","","","","","","","","","","","","","","","","","","","","","","","",""
"UPETYNM5","journalArticle","2025","Fattar, Noor; Louni, Meriem; Buysse, Marie; Floriano, Anna Maria; Bertaux, Joanne; Cantereau, Anne; Rivero, Ana; Bruley, Marjorie; McCoy, Karen D; Delafont, Vincent; others","Evolutionary convergence of nutritional symbionts in ticks","Environmental Microbiology Reports","","","","","","2025","2026-06-21 20:18:18","2026-06-21 20:18:18","","e70120","","3","17","","","","","","","","Wiley Online Library","","","","","","","","","","","","","","","","","","","","","","","","","","","","","","","","","","","","","","","","","","","","","","","","","","","","","","","","","","","",""
"V7VM4NKI","journalArticle","2025","Otieno, Kevin; Chaba, Linda; Omondi, Evans; Odhiambo, Collins; Omolo, Bernard","A Hierarchical Archimedean Copula (HAC) model for climatic variables: an application to Kenyan data","Frontiers in Applied Mathematics and Statistics","","","","","","2025","2026-06-21 20:18:18","2026-06-21 20:18:18","","1585707","","","11","","","","","","","","Frontiers Media SA","","","","","","","","","","","","","","","","","","","","","","","","","","","","","","","","","","","","","","","","","","","","","","","","","","","","","","","","","","","",""
"T54P68YX","journalArticle","2025","Somsen, Elizabeth D; Septer, Kayla M; Field, Cassandra J; Patel, Devanshi R; Lowen, Anice C; Sutton, Troy C; Koelle, Katia","Quantifying viral pandemic potential from experimental transmission studies","PLoS computational biology","","","","","","2025","2026-06-21 20:18:18","2026-06-21 20:18:18","","e1013808","","12","21","","","","","","","","Public Library of Science San Francisco, CA USA","","","","","","","","","","","","","","","","","","","","","","","","","","","","","","","","","","","","","","","","","","","","","","","","","","","","","","","","","","","",""
"WTSWVQ7B","journalArticle","2025","Oviedo-Diego, M; Mattoni, Camilo Ivan; Palen-Pietri, Rocio; Olivero, Paola Andrea; Peretti, Alfredo Vicente","Communication via female resistance: Sexual behavioural modulation and mutual mate choice determinants in a scorpion","Animal Behaviour","","","","","","2025","2026-06-21 20:18:18","2026-06-21 20:18:18","","122787","","","221","","","","","","","","Elsevier","","","","","","","","","","","","","","","","","","","","","","","","","","","","","","","","","","","","","","","","","","","","","","","","","","","","","","","","","","","",""
"7D2LCKBB","journalArticle","2025","Dunn, Robin; Gangrade, Aditya; Wasserman, Larry; Ramdas, Aaditya","Universal inference meets random projections: a scalable test for log-concavity","Journal of Computational and Graphical Statistics","","","","","","2025","2026-06-21 20:18:18","2026-06-21 20:18:18","","267–279","","1","34","","","","","","","","Taylor & Francis","","","","","","","","","","","","","","","","","","","","","","","","","","","","","","","","","","","","","","","","","","","","","","","","","","","","","","","","","","","",""
"4YWU5MVT","journalArticle","2025","Tang, Xiaofeng; Chang, Chao; Li, Ming","Pyrolysis gas chromatography mass spectrometry (py-GC/MS) revealed independent effects of precipitation and temperature on diversity and molecular composition of soil organic matter","Environmental Earth Sciences","","","","","","2025","2026-06-21 20:18:18","2026-06-21 20:18:18","","164","","6","84","","","","","","","","Springer","","","","","","","","","","","","","","","","","","","","","","","","","","","","","","","","","","","","","","","","","","","","","","","","","","","","","","","","","","","",""
"BM9ZVX4R","journalArticle","2025","Dorea, Chang CY; Vila, Roberto; Castro, Cecilia; Leiva, Víctor; Quintino, Felipe S","Revisiting fatigue-life distributions of Birnbaum-Saunders type: Mathematical characterization, simulation study, and applications","Applied Mathematical Modelling","","","","","","2025","2026-06-21 20:18:18","2026-06-21 20:18:18","","116223","","","147","","","","","","","","Elsevier","","","","","","","","","","","","","","","","","","","","","","","","","","","","","","","","","","","","","","","","","","","","","","","","","","","","","","","","","","","",""
"6S2MTBCC","journalArticle","2025","Minnig, Adrian; Gosselin, Véronique Bernier; Griss, Silja; Schüpbach-Regula, Gertraud; Meylan, Mireille; Schnidrig, Guy-Alain; Thomann, Beat","Associations between animal health indicators, antimicrobial use, and antimicrobial resistance on Swiss dairy farms","Preventive Veterinary Medicine","","","","","","2025","2026-06-21 20:18:18","2026-06-21 20:18:18","","106688","","","","","","","","","","","Elsevier","","","","","","","","","","","","","","","","","","","","","","","","","","","","","","","","","","","","","","","","","","","","","","","","","","","","","","","","","","","",""
"IY7EYH64","journalArticle","2025","Hurtado-Pidal, Jorge; Aguayo, Mauricio; Link, Oscar; Valencia, Bryan G; Frances, Felix","Setting priorities for floods mitigation through forest restoration: The threshold elevation hypothesis","Journal of Environmental Management","","","","","","2025","2026-06-21 20:18:18","2026-06-21 20:18:18","","123500","","","373","","","","","","","","Elsevier","","","","","","","","","","","","","","","","","","","","","","","","","","","","","","","","","","","","","","","","","","","","","","","","","","","","","","","","","","","",""
"KLDYAV2H","journalArticle","2025","Herbort, Oliver; Krause, Lisa-Marie; Raßbach, Philipp; Kunde, Wilfried","How pointing informs visual search.","Journal of Experimental Psychology: Human Perception and Performance","","","","","","2025","2026-06-21 20:18:18","2026-06-21 20:18:18","","","","","","","","","","","","","American Psychological Association","","","","","","","","","","","","","","","","","","","","","","","","","","","","","","","","","","","","","","","","","","","","","","","","","","","","","","","","","","","",""
"43AN6I7P","journalArticle","2025","Cooper, Tamsin M; Green, Lydia; Setyawan, Edy; Erdmann, Mark; Duffy, Clinton AJ; Constantine, Rochelle; Della Penna, Alice","Movement ecology and foraging behaviours of oceanic manta rays Mobula birostris in the coastal waters of Aotearoa, New Zealand","Royal Society Open Science","","","","","","2025","2026-06-21 20:18:18","2026-06-21 20:18:18","","1–16","","12","12","","","","","","","","The Royal Society Publishing","","","","","","","","","","","","","","","","","","","","","","","","","","","","","","","","","","","","","","","","","","","","","","","","","","","","","","","","","","","",""
"F44AZBCQ","journalArticle","2025","Gamrath, Gabriela Nadine; von der Lippe, Moritz; Buchholz, Sascha","Fluttering in a changing world: Effects of urbanization and nectar plants on butterfly movement patterns","Ecology and Evolution","","","","","","2025","2026-06-21 20:18:18","2026-06-21 20:18:18","","e71785","","8","15","","","","","","","","Wiley Online Library","","","","","","","","","","","","","","","","","","","","","","","","","","","","","","","","","","","","","","","","","","","","","","","","","","","","","","","","","","","",""
"KBX7F6FV","journalArticle","2025","Henriques, Valentina; Moyano-Palazuelo, David; Alonso-Pascual, Maria Teresa; Pazos, Manuel; Devos, Damien P; Rivas-Marin, Elena","Verrucomicrobium spinosum essential genome and the divergence of cell division in the PVC superphylum","Iscience","","","","","","2025","2026-06-21 20:18:18","2026-06-21 20:18:18","","","","8","28","","","","","","","","Elsevier","","","","","","","","","","","","","","","","","","","","","","","","","","","","","","","","","","","","","","","","","","","","","","","","","","","","","","","","","","","",""
"PBKGYEXS","journalArticle","2025","Nimmo, Victoria; Brar, Gurcharn S; Martin, Adam R; Isaac, Marney E","Interacting effects of crop domestication and soil resources on leaf and root functional traits","Planta","","","","","","2025","2026-06-21 20:18:18","2026-06-21 20:18:18","","75","","4","261","","","","","","","","Springer","","","","","","","","","","","","","","","","","","","","","","","","","","","","","","","","","","","","","","","","","","","","","","","","","","","","","","","","","","","",""
"YJQDU5X7","journalArticle","2025","Novato, Thiago da Silva; Albuquerque, Ulysses Paulino de; Campos, Juliana Loureiro de Almeida; Soldati, Gustavo Taboada","Assessment of demographic sustainability of Comanthera elegans under traditional management in the Brazilian savanna","Conservation Biology","","","","","","2025","2026-06-21 20:18:18","2026-06-21 20:18:18","","e70028","","3","39","","","","","","","","Wiley Online Library","","","","","","","","","","","","","","","","","","","","","","","","","","","","","","","","","","","","","","","","","","","","","","","","","","","","","","","","","","","",""
"E6SK7WKU","journalArticle","2025","Talbert, Marian; Feuka, Abigail; Miller, Ryan S; Pepin, Kim; Zipperer, Lara","Determinants of variation in epidemiological parameters for African Swine Fever virus","Preventive Veterinary Medicine","","","","","","2025","2026-06-21 20:18:18","2026-06-21 20:18:18","","106758","","","","","","","","","","","Elsevier","","","","","","","","","","","","","","","","","","","","","","","","","","","","","","","","","","","","","","","","","","","","","","","","","","","","","","","","","","","",""
"HH2Z4QIY","journalArticle","2025","Baranger, David AA; Gorelik, Aaron J; Paul, Sarah E; Hatoum, Alexander S; Dosenbach, Nico; Bogdan, Ryan","Enhancing task fMRI individual difference research with neural signatures","MedRxiv","","","","","","2025","2026-06-21 20:18:18","2026-06-21 20:18:18","","","","","","","","","","","","","","","","","","","","","","","","","","","","","","","","","","","","","","","","","","","","","","","","","","","","","","","","","","","","","","","","","","","","","","","","",""
"UVDSGB2P","journalArticle","2025","Murray, Christopher M; Coleman, Tyler Steven; Gabel, Wray; Krauss, Ken W","American alligators (Alligator mississippiensis) as wetland ecosystem carbon stock regulators","Scientific Reports","","","","","","2025","2026-06-21 20:18:18","2026-06-21 20:18:18","","3423","","1","15","","","","","","","","Nature Publishing Group UK London","","","","","","","","","","","","","","","","","","","","","","","","","","","","","","","","","","","","","","","","","","","","","","","","","","","","","","","","","","","",""
"FN8CPLX8","journalArticle","2025","Crank, Katherine C; Clements, Emily; Barber, Casey; Papp, Katerina; Gerrity, Daniel","Risk of gastrointestinal illness due to Campylobacter exposure in urban waterways for unsheltered persons experiencing homelessness","Water Research","","","","","","2025","2026-06-21 20:18:18","2026-06-21 20:18:18","","123773","","","282","","","","","","","","Elsevier","","","","","","","","","","","","","","","","","","","","","","","","","","","","","","","","","","","","","","","","","","","","","","","","","","","","","","","","","","","",""
"PGVNDNDL","journalArticle","2025","Brückner, Lotte; Xu, Robin; Tang, Jun; Herrmann, Alexander; Wong, Ivy Tsz-Lo; Zhang, Shu; Tu, Fengyu; Pilon, Madison; Kukalev, Alexander; Pardon, Katharina; others","Oncogene silencing via ecDNA micronucleation","bioRxiv","","","","","","2025","2026-06-21 20:18:18","2026-06-21 20:18:18","","","","","","","","","","","","","","","","","","","","","","","","","","","","","","","","","","","","","","","","","","","","","","","","","","","","","","","","","","","","","","","","","","","","","","","","",""
"ZE22ZLUH","journalArticle","2025","Doraisami, Mahendra; Thomas, Sean C; Gorgolewski, Adam S; Martin, Adam R","The importance of the volatile carbon fraction in estimating deadwood carbon concentrations","Forest Ecology and Management","","","","","","2025","2026-06-21 20:18:18","2026-06-21 20:18:18","","122555","","","581","","","","","","","","Elsevier","","","","","","","","","","","","","","","","","","","","","","","","","","","","","","","","","","","","","","","","","","","","","","","","","","","","","","","","","","","",""
"VLBSP8XV","journalArticle","2025","Hammer, Tracey L; Bize, Pierre; Gineste, Benoit; Robin, Jean-Patrice; Groscolas, René; Viblanc, Vincent A","Life history stage effects on alert and flight initiation distances in king penguins (Aptenodytes patagonicus)","Behavioural processes","","","","","","2025","2026-06-21 20:18:18","2026-06-21 20:18:18","","105166","","","226","","","","","","","","Elsevier","","","","","","","","","","","","","","","","","","","","","","","","","","","","","","","","","","","","","","","","","","","","","","","","","","","","","","","","","","","",""
"E3ZLKS2Z","journalArticle","2025","Castillo, Silvio Eugenio; Aragón, Roxana; Chacoff, Natacha","Assessment of pollen limitation and pollinators' contribution in soybean (Glycine max)","Plants","","","","","","2025","2026-06-21 20:18:18","2026-06-21 20:18:18","","2964","","19","14","","","","","","","","MDPI","","","","","","","","","","","","","","","","","","","","","","","","","","","","","","","","","","","","","","","","","","","","","","","","","","","","","","","","","","","",""
"8X7CAMY6","journalArticle","2025","Aranibar, Julieta; Molina, Julieta Arco; Neme, Gustavo; Roig, Fidel; Cabral, Diego; Quiroga, Gisela; Dauverné, Armando; Álvarez, Leandro; Gil, Adolfo","Stable isotope composition (C and N) of vegetation in subtropical Andes: Piedmont `anomaly'and its implications for paleo (ecology) and human diet reconstruction","Environmental Archaeology","","","","","","2025","2026-06-21 20:18:18","2026-06-21 20:18:18","","289–302","","3","30","","","","","","","","Taylor & Francis","","","","","","","","","","","","","","","","","","","","","","","","","","","","","","","","","","","","","","","","","","","","","","","","","","","","","","","","","","","",""
"IE6GIAFW","journalArticle","2025","Quispe-Melgar, Harold Rusbelth; Huayta-Hinojosa, L David; Llacua-Tineo, Yashira Stefani; Ames-Martínez, Fressia N; Lagones Poma, Katherine L; Ticse-Otarola, Ginette; Tomazello-Filho, Mario; Renison, Daniel","Evaluating the performance of Polylepis incana seeds: reassessing their potential for restoration and conservation of high Andean forests","Restoration Ecology","","","","","","2025","2026-06-21 20:18:18","2026-06-21 20:18:18","","e14276","","1","33","","","","","","","","Wiley Online Library","","","","","","","","","","","","","","","","","","","","","","","","","","","","","","","","","","","","","","","","","","","","","","","","","","","","","","","","","","","",""
"YZYVI7VT","journalArticle","2025","de Almeida Souza, Allan H; Pott, Arnildo; Bao, Francielli; Damasceno-Junior, Geraldo Alves","Diversity Patterns of Tree Communities Across Multiple Flood Gradients With Separate Fire Histories: Unveiling Patterns in a Wetland Ecosystem","Journal of Vegetation Science","","","","","","2025","2026-06-21 20:18:18","2026-06-21 20:18:18","","e70044","","3","36","","","","","","","","Wiley Online Library","","","","","","","","","","","","","","","","","","","","","","","","","","","","","","","","","","","","","","","","","","","","","","","","","","","","","","","","","","","",""
"GKMXB978","journalArticle","2025","Rodríguez-Ruiz, Joel; Martínez-Calvo, Adela; Pérez-Cruzado, César","Designing circular fixed-area plots in large-scale forest inventories: effect of horizontal distance measurement uncertainty and tree position pattern","Canadian Journal of Forest Research","","","","","","2025","2026-06-21 20:18:18","2026-06-21 20:18:18","","1–14","","","55","","","","","","","","Canadian Science Publishing 123 Slater Street, Suite 610, Ottawa, Ontario łdots","","","","","","","","","","","","","","","","","","","","","","","","","","","","","","","","","","","","","","","","","","","","","","","","","","","","","","","","","","","",""
"XI2PKMA5","journalArticle","2025","López, Victoria Lien; Pastur, Guillermo Martínez; Cellini, Juan Manuel; others","Forest and shrubland structure of Polylepis tarapacana in topographic and substrate gradients across the Argentine Altiplano","New Zealand Journal of Forestry Science","","","","","","2025","2026-06-21 20:18:18","2026-06-21 20:18:18","","","","","55","","","","","","","","","","","","","","","","","","","","","","","","","","","","","","","","","","","","","","","","","","","","","","","","","","","","","","","","","","","","","","","","","","","",""
"H6UFRUAN","journalArticle","2025","Pakull, Birte; Degen, Bernd; Schroeder, Hilke; Riedel, Thomas; Mader, Malte; Liesebach, Heike; Hoffmann, Petra; Hoppe, Susanne; Eusemann, Pascal","Hybridization, spatial genetic structure and potential environmental preadaptation in Quercus robur and Quercus petraea in Germany–results from the 4th National Forest Inventory","Tree Genetics & Genomes","","","","","","2025","2026-06-21 20:18:18","2026-06-21 20:18:18","","11","","2","21","","","","","","","","Springer","","","","","","","","","","","","","","","","","","","","","","","","","","","","","","","","","","","","","","","","","","","","","","","","","","","","","","","","","","","",""
"778IHFWU","journalArticle","2025","Brock, Kelsey C; Daehler, Curtis C","Time Lags in Biodiversity Data Processing Create the Illusion of an Invasion Slowdown","Global Ecology and Biogeography","","","","","","2025","2026-06-21 20:18:18","2026-06-21 20:18:18","","e70168","","12","34","","","","","","","","Wiley Online Library","","","","","","","","","","","","","","","","","","","","","","","","","","","","","","","","","","","","","","","","","","","","","","","","","","","","","","","","","","","",""
"PK8HFKFM","journalArticle","2025","Ritz, Thornton A; Farrell, John M","Temporal patterns of young-of-year fish emigration in Upper St. Lawrence River coastal wetlands in relation to environmental change","Journal of Great Lakes Research","","","","","","2025","2026-06-21 20:18:18","2026-06-21 20:18:18","","102651","","","","","","","","","","","Elsevier","","","","","","","","","","","","","","","","","","","","","","","","","","","","","","","","","","","","","","","","","","","","","","","","","","","","","","","","","","","",""
"H8TBC4BA","journalArticle","2025","Romero, David; Alfaro, Eric J","Systematic Biases in Tropical Drought Monitoring: Rethinking SPI Application in Mesoamerica's Humid Regions","Meteorology","","","","","","2025","2026-06-21 20:18:18","2026-06-21 20:18:18","","18","","3","4","","","","","","","","MDPI","","","","","","","","","","","","","","","","","","","","","","","","","","","","","","","","","","","","","","","","","","","","","","","","","","","","","","","","","","","",""
"G3FJZ73N","journalArticle","2025","Thorstenson, Rome; Montgomery, James; Klimas, Christie","What's in your soil? A citywide investigation of the importance of soil lead for predicting elevated blood lead levels in Chicago","GeoHealth","","","","","","2025","2026-06-21 20:18:18","2026-06-21 20:18:18","","e2025GH001572","","10","9","","","","","","","","Wiley Online Library","","","","","","","","","","","","","","","","","","","","","","","","","","","","","","","","","","","","","","","","","","","","","","","","","","","","","","","","","","","",""
"QTUHVXVF","journalArticle","2025","Khan, Shaheer; Vijayaraghavan, Vaijayanti; Talukdar, Gautam; Kumar, R Suresh; Habib, Bilal","Not All Those Who Wander Are Lost: Insights Into Movement Pattern of the Great Indian Bustard in the Deccan Landscape of India","Ecology and Evolution","","","","","","2025","2026-06-21 20:18:18","2026-06-21 20:18:18","","e71742","","7","15","","","","","","","","Wiley Online Library","","","","","","","","","","","","","","","","","","","","","","","","","","","","","","","","","","","","","","","","","","","","","","","","","","","","","","","","","","","",""
"3WLXA42B","journalArticle","2025","Liang, Ruoyu; Maltby, Lorraine; Wang, Peifang; Shi, Yajuan; Liu, Weixia; Shao, Xiuqing; Qian, Li; Hu, Bin; Yin, Jinbao; Su, Chao","A tiered framework for ecological risk assessment of contaminants: from model species to local pollution-impacted assemblages","Environmental Pollution","","","","","","2025","2026-06-21 20:18:18","2026-06-21 20:18:18","","127552","","","","","","","","","","","Elsevier","","","","","","","","","","","","","","","","","","","","","","","","","","","","","","","","","","","","","","","","","","","","","","","","","","","","","","","","","","","",""
"NYUCMM52","journalArticle","2025","Johnston, John M; Jahne, Michael A","Quantitative microbial risk assessment of pathogen exposure from rainwater used in high-pressure vehicle washing","Journal of Water and Health","","","","","","2025","2026-06-21 20:18:18","2026-06-21 20:18:18","","428–438","","3","23","","","","","","","","IWA Publishing","","","","","","","","","","","","","","","","","","","","","","","","","","","","","","","","","","","","","","","","","","","","","","","","","","","","","","","","","","","",""
"Y9EID7S8","journalArticle","2025","Schutten, Kerry; Morrill, André; Chandrashekar, Akshaya; Lu, Zhe; Beeler-Marfisi, Janet; Provencher, Jennifer F; Jardine, Claire M","Benzotriazole UV-stabilizer exposure in ring-billed gulls from an urban, freshwater harbour in Lake Ontario, Canada: evaluating contaminant bioaccumulation and potential health impacts","Environmental Pollution","","","","","","2025","2026-06-21 20:18:18","2026-06-21 20:18:18","","126945","","","","","","","","","","","Elsevier","","","","","","","","","","","","","","","","","","","","","","","","","","","","","","","","","","","","","","","","","","","","","","","","","","","","","","","","","","","",""
"798CWBEM","journalArticle","2025","Shively, Timothy J; Barney, Jacob N; Baudoin, Anton; Fearer, Carrie J; Reid, J Leighton; Salom, Scott M","Range expansion of a Verticillium nonalfalfae isolate suppresses Ailanthus altissima with variable results along environmental gradients","Forest Pathology","","","","","","2025","2026-06-21 20:18:18","2026-06-21 20:18:18","","e70013","","2","55","","","","","","","","Wiley Online Library","","","","","","","","","","","","","","","","","","","","","","","","","","","","","","","","","","","","","","","","","","","","","","","","","","","","","","","","","","","",""
"42SBZV28","journalArticle","2025","Cossin-Sevrin, Nina; Bocquet, Céline; Lemonnier, Camille; Faulmann, Thomas; Garcin, Natacha; Lejeune, Mathilde; Bize, Pierre; Robin, Jean-Patrice; Anttila, Katja; Ruuskanen, Suvi; others","Sexual dimorphism in red blood cell mitochondrial respiration during breeding fasts in king penguins","Ecological and evolutionary physiology","","","","","","2025","2026-06-21 20:18:18","2026-06-21 20:18:18","","96–110","","2","98","","","","","","","","The University of Chicago Press Chicago, IL","","","","","","","","","","","","","","","","","","","","","","","","","","","","","","","","","","","","","","","","","","","","","","","","","","","","","","","","","","","",""
"AKV76SXJ","journalArticle","2025","Li, Yudi; Magney, Troy; Armstrong, Alona; Hernandez, Rebecca R","Made in the shade: Leaf responses of native wildflowers to single-axis photovoltaic solar energy","Plants, People, Planet","","","","","","2025","2026-06-21 20:18:18","2026-06-21 20:18:18","","","","","","","","","","","","","Wiley Online Library","","","","","","","","","","","","","","","","","","","","","","","","","","","","","","","","","","","","","","","","","","","","","","","","","","","","","","","","","","","",""
"S9T458D5","journalArticle","2025","Guimarães, Luiza Pedrosa; do Amaral, Pedro Henrique Monteiro; da Gama Alves, Roberto","Taxonomic and functional diversity of oligochaetes in Neotropical springs: the influence of eucalyptus monocultures","Hydrobiologia","","","","","","2025","2026-06-21 20:18:18","2026-06-21 20:18:18","","3013–3024","","12","852","","","","","","","","Springer","","","","","","","","","","","","","","","","","","","","","","","","","","","","","","","","","","","","","","","","","","","","","","","","","","","","","","","","","","","",""
"BPI5GCK5","journalArticle","2025","Blache, Nolwenn; Chalvet-Monfray, Karine; Kumlert, Rawadee; Hinjoy, Soawapak; Morand, Serge","Scrub typhus in Nan province (Thailand): Seventeen years of data to understand the impact of land cover change","PLoS Neglected Tropical Diseases","","","","","","2025","2026-06-21 20:18:18","2026-06-21 20:18:18","","e0013552","","9","19","","","","","","","","Public Library of Science San Francisco, CA USA","","","","","","","","","","","","","","","","","","","","","","","","","","","","","","","","","","","","","","","","","","","","","","","","","","","","","","","","","","","",""
"WDV9JSH9","journalArticle","2025","Bloch, Itai; Troupin, David; Toledo, Sivan; Nathan, Ran; Sapir, Nir","Combining radio-telemetry and radar measurements to test optimal foraging in an aerial insectivore bird","Elife","","","","","","2025","2026-06-21 20:18:18","2026-06-21 20:18:18","","RP96573","","","13","","","","","","","","eLife Sciences Publications, Ltd","","","","","","","","","","","","","","","","","","","","","","","","","","","","","","","","","","","","","","","","","","","","","","","","","","","","","","","","","","","",""
"Z6AKM83L","journalArticle","2025","Jahan, Israt; Scott, Trey J; Strassmann, Joan E; Queller, David C","Testing the coordination hypothesis: incompatibilities in aggregative development of an experimentally evolved social amoeba","Evolution Letters","","","","","","2025","2026-06-21 20:18:18","2026-06-21 20:18:18","","236–248","","2","9","","","","","","","","Oxford University Press US","","","","","","","","","","","","","","","","","","","","","","","","","","","","","","","","","","","","","","","","","","","","","","","","","","","","","","","","","","","",""
"QEUWR3M2","journalArticle","2025","Minguito-Frutos, Mario; Arthur, Rohan; Boada, Jordi; Marco-Méndez, Candela; Adams, Matthew P; Pagès, Jordi F; Buñuel, Xavier; Pessarrodona, Albert; Turon, Xavier; Ballesteros, Enric; others","Grazing halos reveal differential ecosystem vulnerabilities in vegetated habitats","Ecology","","","","","","2025","2026-06-21 20:18:18","2026-06-21 20:18:18","","e70239","","11","106","","","","","","","","Wiley Online Library","","","","","","","","","","","","","","","","","","","","","","","","","","","","","","","","","","","","","","","","","","","","","","","","","","","","","","","","","","","",""
"A7LQV6H9","journalArticle","2025","Pedrosa Guimarães, Luiza; Henrique Monteiro do Amaral, Pedro; da Gama Alves, Roberto","Temporal dynamics of aquatic insects and oligochaetes in tropical springs","Inland Waters","","","","","","2025","2026-06-21 20:18:18","2026-06-21 20:18:18","","1–11","","1","15","","","","","","","","Taylor & Francis","","","","","","","","","","","","","","","","","","","","","","","","","","","","","","","","","","","","","","","","","","","","","","","","","","","","","","","","","","","",""
"DXBTPIJJ","journalArticle","2025","González-Rodelas, Laura; Marín-García, Cristina; Romero, Clara; Pujol, Gala; Marín-Gual, Laia; Kratochvíl, Lukáš; Ruiz-Herrera, Aurora","Recombination plasticity in response to temperature variation in reptiles","PLoS Genetics","","","","","","2025","2026-06-21 20:18:18","2026-06-21 20:18:18","","e1011772","","8","21","","","","","","","","Public Library of Science San Francisco, CA USA","","","","","","","","","","","","","","","","","","","","","","","","","","","","","","","","","","","","","","","","","","","","","","","","","","","","","","","","","","","",""
"8A82EZNI","journalArticle","2025","Carriquiry, I García; Silva, V; Inchausti, P; Niell, S; Pizzarossa, A Berro; Medina, M; Fernandez, G; Geissen, V","The effects of sequential herbicide applications on phosphorus cycling and mycorrhization in soybean: A two-year field study","Agriculture, Ecosystems & Environment","","","","","","2025","2026-06-21 20:18:18","2026-06-21 20:18:18","","109754","","","392","","","","","","","","Elsevier","","","","","","","","","","","","","","","","","","","","","","","","","","","","","","","","","","","","","","","","","","","","","","","","","","","","","","","","","","","",""
"GLLZTTP6","journalArticle","2025","Blanco-Pérez, Rubén; de Toro, María; Álvarez-Ortega, Sergio; Pou, Alícia; Sánchez-Moreno, Sara; Campos-Herrera, Raquel","Metabarcoding-based characterization of soil nematode communities to assess soil health in viticulture","Ecological Indicators","","","","","","2025","2026-06-21 20:18:18","2026-06-21 20:18:18","","113696","","","176","","","","","","","","Elsevier","","","","","","","","","","","","","","","","","","","","","","","","","","","","","","","","","","","","","","","","","","","","","","","","","","","","","","","","","","","",""
"C2Q38LCX","journalArticle","2025","Yue, Bai; Niu, Kechang; Zi, Hongbiao; Zhao, Ning; Zhang, Zhenhua; He, Jin-Sheng","Functional trait space expansion explains productivity gains under moderate grazing","Oikos","","","","","","2025","2026-06-21 20:18:18","2026-06-21 20:18:18","","e11342","","12","2025","","","","","","","","Wiley Online Library","","","","","","","","","","","","","","","","","","","","","","","","","","","","","","","","","","","","","","","","","","","","","","","","","","","","","","","","","","","",""
"LPWWH8MQ","journalArticle","2025","Graciotti, Rodolfo P; Porto, Lucas MV; Gonçalves-Neto, Salatiel; Quental, Tiago B","Ecological and spatial overlap indicate interspecific competition during North American canid radiation","Evolution","","","","","","2025","2026-06-21 20:18:18","2026-06-21 20:18:18","","1835–1847","","9","79","","","","","","","","Oxford University Press","","","","","","","","","","","","","","","","","","","","","","","","","","","","","","","","","","","","","","","","","","","","","","","","","","","","","","","","","","","",""
"3BGWZXRA","journalArticle","2025","Kwun, Min Jung; Ion, Alexandru V; Apagyi, Katinka J; Croucher, Nicholas J","Chromosomal curing drives an arms race between bacterial transformation and prophage","Molecular Biology and Evolution","","","","","","2025","2026-06-21 20:18:18","2026-06-21 20:18:18","","msaf259","","11","42","","","","","","","","Oxford University Press UK","","","","","","","","","","","","","","","","","","","","","","","","","","","","","","","","","","","","","","","","","","","","","","","","","","","","","","","","","","","",""
"HH3B2HCF","journalArticle","2025","Robins, Hope; Kerr, CC; Dutka, TL; Donald, JA; Macdonald, A; Collin, SP; Chapuis, Lucille","The effects of anthropogenic sound on behaviour and physiology in female Port Jackson sharks Heterodontus portusjacksoni (Elasmobranchii)","Marine Pollution Bulletin","","","","","","2025","2026-06-21 20:18:18","2026-06-21 20:18:18","","118525","","","221","","","","","","","","Elsevier","","","","","","","","","","","","","","","","","","","","","","","","","","","","","","","","","","","","","","","","","","","","","","","","","","","","","","","","","","","",""
"GXDHG6VI","journalArticle","2025","Sirbu, Olga; Agarwal, Gunjan; Giuliani, Alessandro; Selvarajoo, Kumar","Understanding the role of toggle genes in chronic lymphocytic leukemia proliferation","npj Systems Biology and Applications","","","","","","2025","2026-06-21 20:18:18","2026-06-21 20:18:18","","91","","1","11","","","","","","","","Nature Publishing Group UK London","","","","","","","","","","","","","","","","","","","","","","","","","","","","","","","","","","","","","","","","","","","","","","","","","","","","","","","","","","","",""
"UHBTP6L8","journalArticle","2025","Bouchard, Raphaël; Babin, Charles; Normandeau, Éric; Boulanger, Félix; Coxon, Angela; Diamond, Sanford; Fireman, Robert; Louttit, Natasha; Natawapineskum, George; Torio, Dante; others","A multi-species mixed-stock analysis reveals latitudinal differences in stock overlap with implications for supporting local indigenous fisheries","ICES Journal of Marine Science","","","","","","2025","2026-06-21 20:18:18","2026-06-21 20:18:18","","fsaf187","","10","82","","","","","","","","Oxford University Press","","","","","","","","","","","","","","","","","","","","","","","","","","","","","","","","","","","","","","","","","","","","","","","","","","","","","","","","","","","",""
"MS92M75T","journalArticle","2025","Maldonado, M Belén; Laborda, Álvaro; Cajade, Manuel; Hagopián, Damián; Brazeiro, Alejandro; Simó, Miguel","Maintaining landscape connectivity for spider assemblages in temperate grasslands: The role of firebreaks in Eucalyptus dunnii plantations","Forest Ecology and Management","","","","","","2025","2026-06-21 20:18:18","2026-06-21 20:18:18","","122785","","","590","","","","","","","","Elsevier","","","","","","","","","","","","","","","","","","","","","","","","","","","","","","","","","","","","","","","","","","","","","","","","","","","","","","","","","","","",""
"KX6UWYBJ","journalArticle","2025","Ballenghein, Ugo; Lachaud, Léa","Cognitive engagement and reading comprehension of French pupils aged between 9-and 11-Years old are influenced by task relevance: evidence from concurrent recordings of postural and eye movements","Reading and Writing","","","","","","2025","2026-06-21 20:18:18","2026-06-21 20:18:18","","2715–2729","","9","38","","","","","","","","Springer","","","","","","","","","","","","","","","","","","","","","","","","","","","","","","","","","","","","","","","","","","","","","","","","","","","","","","","","","","","",""
"EDZQ5YU4","journalArticle","2025","Gubbins, Simon; Brown, Emma; Wungak, Yiltawe; Oyekan, Olumuyiwa; Adedeji, Adeyinka J; Ijoma, Sandra I; Atai, Rebecca B; Oguche, Moses O; Samson, Mark; Dogonyaro, Banenat B; others","Longitudinal study of foot-and-mouth disease virus in Northern Nigeria: implications for the roles of small ruminants and environmental contamination in endemic settings","Veterinary Research","","","","","","2025","2026-06-21 20:18:18","2026-06-21 20:18:18","","76","","1","56","","","","","","","","Springer","","","","","","","","","","","","","","","","","","","","","","","","","","","","","","","","","","","","","","","","","","","","","","","","","","","","","","","","","","","",""
"7IJUG87N","journalArticle","2025","Kawaguchi, Nijiho; Aguilar-Vega, Cecilia; Sasaki, Michihito; Orba, Yasuko; Sawa, Hirofumi; Sánchez-Vizcaíno, José Manuel; Isoda, Norikazu; Bosch, Jaime; Ito, Satoshi","Risk Mapping of African Swine Fever in Domestic Pigs and Wild Boars to Enhance Management and Surveillance in Asia","Transboundary and Emerging Diseases","","","","","","2025","2026-06-21 20:18:18","2026-06-21 20:18:18","","8850856","","1","2025","","","","","","","","Wiley Online Library","","","","","","","","","","","","","","","","","","","","","","","","","","","","","","","","","","","","","","","","","","","","","","","","","","","","","","","","","","","",""
"RPYLAK4X","journalArticle","2025","Chelkha, Maryan; Blanco-Pérez, Rubén; Dueñas-Hernani, Jorge; Vicente-Díez, Ignacio; Pastor, Victoria; Campos-Herrera, Raquel","Dual role of Eisenia fetida and its excreta in boosting tomato biomass and defense against Botrytis cinerea","Biological Control","","","","","","2025","2026-06-21 20:18:18","2026-06-21 20:18:18","","105806","","","207","","","","","","","","Elsevier","","","","","","","","","","","","","","","","","","","","","","","","","","","","","","","","","","","","","","","","","","","","","","","","","","","","","","","","","","","",""
"7GIPQFUZ","journalArticle","2025","Hale, Charles O; Hsu, Sheng-Kai; Zhai, Jingjing; Schulz, Aimee J; Aubuchon-Elder, Taylor; Costa-Neto, Germano; Gelfond, Allen; El-Walid, Mohamed; Hufford, Matthew; Kellogg, Elizabeth A; others","Extensive modulation of a conserved cis-regulatory code across 589 grass species","bioRxiv","","","","","","2025","2026-06-21 20:18:18","2026-06-21 20:18:18","","2025–04","","","","","","","","","","","Cold Spring Harbor Laboratory","","","","","","","","","","","","","","","","","","","","","","","","","","","","","","","","","","","","","","","","","","","","","","","","","","","","","","","","","","","",""
"UBXW6LR9","journalArticle","2025","Back, Janaína Paula; Bicca-Marques, Júlio César","Urinary health indicators in folivorous-frugivorous primates with and without food supplementation","Primates","","","","","","2025","2026-06-21 20:18:18","2026-06-21 20:18:18","","129–141","","1","66","","","","","","","","Springer","","","","","","","","","","","","","","","","","","","","","","","","","","","","","","","","","","","","","","","","","","","","","","","","","","","","","","","","","","","",""
"A5YBEIHP","journalArticle","2025","Martin, Michael A; Brizzi, Andrea; Xi, Xiaoyue; Galiwango, Ronald Moses; Moyo, Sikhulile; Ssemwanga, Deogratius; Blenkinsop, Alexandra; Redd, Andrew D; Abeler-Dörner, Lucie; Fraser, Christophe; others","Quantifying prevalence and risk factors of HIV multiple infection in Uganda from population-based deep-sequence data","PLoS pathogens","","","","","","2025","2026-06-21 20:18:18","2026-06-21 20:18:18","","e1013065","","4","21","","","","","","","","Public Library of Science San Francisco, CA USA","","","","","","","","","","","","","","","","","","","","","","","","","","","","","","","","","","","","","","","","","","","","","","","","","","","","","","","","","","","",""
"GZX7UZ68","journalArticle","2025","Simian, Catalina; Oviedo-Diego, Mariela Anahí; Palen-Pietri, Rocio; Olivero, Paola Andrea; Vrech, David Eduardo; Peretti, Alfredo Vicente","Changes in male behavior in response to female chemical stimulus in an understudied arthropod model","Ethology","","","","","","2025","2026-06-21 20:18:18","2026-06-21 20:18:18","","e13526","","2","131","","","","","","","","Wiley Online Library","","","","","","","","","","","","","","","","","","","","","","","","","","","","","","","","","","","","","","","","","","","","","","","","","","","","","","","","","","","",""
"8H2ECXC4","journalArticle","2025","Murphy, Sarah I; Pouillot, Régis; Boyer, Marc; Dennis, Sherri; Abt, Eileen; Gray, Patrick; Jarman, Dwayne; Nyambok, Edward; Van Doren, Jane M","Co-occurrence and correlation of arsenic, cadmium, and lead in processed foods intended for infants and young children: evaluation of two statistical approaches adapted to censored data and their implications for risk management","Food Additives & Contaminants: Part A","","","","","","2025","2026-06-21 20:18:18","2026-06-21 20:18:18","","22–39","","1","42","","","","","","","","Taylor & Francis","","","","","","","","","","","","","","","","","","","","","","","","","","","","","","","","","","","","","","","","","","","","","","","","","","","","","","","","","","","",""
"YV5WJMHX","journalArticle","2025","Diniz-Reis, Thaís Rovere; Abdalla Filho, Adibe Luiz; Augusto, Fernanda Gaudio; Kisaka, Tiago Borges; Marques, Thiago Simon; Ribeiro, Juliana Fernandes; Percequillo, Alexandre Reis; Nardoto, Gabriela Bielefeld; Verdade, Luciano Martins; de Camargo, Plínio Barbosa; others","Geographic variability of carbon and nitrogen isotope ratios of nonvolant terrestrial small mammals (Rodentia) across 3 Brazilian biomes","Journal of Mammalogy","","","","","","2025","2026-06-21 20:18:18","2026-06-21 20:18:18","","129–145","","1","106","","","","","","","","Oxford University Press US","","","","","","","","","","","","","","","","","","","","","","","","","","","","","","","","","","","","","","","","","","","","","","","","","","","","","","","","","","","",""
"PWVCDL3J","journalArticle","2025","Costa, Helena; Van Essche, Maud; Riedel, Juliane A; Gupta, Akash; Rikardsen, Audun H; Goksøyr, Anders; Blévin, Pierre; Harju, Mikael; Pirard, Laura; Nash, Susan Bengston; others","A whale in a well: Co-exposure of a persistent organic pollutant mixture and cetacean morbillivirus on killer whale (Orcinus orca) primary fibroblasts","Aquatic Toxicology","","","","","","2025","2026-06-21 20:18:18","2026-06-21 20:18:18","","107671","","","","","","","","","","","Elsevier","","","","","","","","","","","","","","","","","","","","","","","","","","","","","","","","","","","","","","","","","","","","","","","","","","","","","","","","","","","",""
"CL528EPD","journalArticle","2025","Dayan, David B; Hanley, Brenda J; Stiller, Joshua; Richter, Wayne; Gregg, Ian D; Huck, Nate R; Huang, Min T; Nichols, Theodore C; Spliethoff, Henry M; Becker, Jesse C; others","Environmental contaminants assessment for frequently harvested migratory waterfowl in the Northeast Atlantic flyway","Science of The Total Environment","","","","","","2025","2026-06-21 20:18:18","2026-06-21 20:18:18","","178474","","","963","","","","","","","","Elsevier","","","","","","","","","","","","","","","","","","","","","","","","","","","","","","","","","","","","","","","","","","","","","","","","","","","","","","","","","","","",""
"BFYRUSSJ","journalArticle","2025","Gallego-Abenza, Mario; Wheatcroft, David","Traffic noise exposure impacts song production in wild male field crickets (Gryllus bimaculatus) under predator and intrasexual competition contexts","Royal Society Open Science","","","","","","2025","2026-06-21 20:18:18","2026-06-21 20:18:18","","241346","","5","12","","","","","","","","","","","","","","","","","","","","","","","","","","","","","","","","","","","","","","","","","","","","","","","","","","","","","","","","","","","","","","","","","","","",""
"VILBXT4K","journalArticle","2025","Colegrove, Hunter L; Monnat Jr, Raymond J; Feder, Alison F","Epithelial competition determines gene therapy potential to suppress Fanconi Anemia oral cancer risk","PLOS Computational Biology","","","","","","2025","2026-06-21 20:18:18","2026-06-21 20:18:18","","e1012915","","9","21","","","","","","","","Public Library of Science San Francisco, CA USA","","","","","","","","","","","","","","","","","","","","","","","","","","","","","","","","","","","","","","","","","","","","","","","","","","","","","","","","","","","",""
"QTQIZH2U","journalArticle","2025","Peterson, Nick J; Marzluff, John M","Response of Great Blue Heron (Ardea herodias) habitat use to changing seasons and tidal levels across a grassland and estuarine ecosystem","Waterbirds","","","","","","2025","2026-06-21 20:18:18","2026-06-21 20:18:18","","1–10","","4","47","","","","","","","","BioOne","","","","","","","","","","","","","","","","","","","","","","","","","","","","","","","","","","","","","","","","","","","","","","","","","","","","","","","","","","","",""
"GZTGI2F6","journalArticle","2025","Givelas, Mark; Martin, Adam R; Boonstra, Rudy","Predation risk and decision-making of grey squirrels in urban and rural forested parks","Urban Ecosystems","","","","","","2025","2026-06-21 20:18:18","2026-06-21 20:18:18","","105","","3","28","","","","","","","","Springer","","","","","","","","","","","","","","","","","","","","","","","","","","","","","","","","","","","","","","","","","","","","","","","","","","","","","","","","","","","",""
"Q3VHPG6B","journalArticle","2025","Martínez-Ruiz, Yessenia; Andrés Micán, Camilo; Fernando Manotas-Duque, Diego","LCOE at Risk in Different Locations in Colombia.","International Journal of Sustainable Energy Planning & Management","","","","","","2025","2026-06-21 20:18:18","2026-06-21 20:18:18","","","","","44","","","","","","","","","","","","","","","","","","","","","","","","","","","","","","","","","","","","","","","","","","","","","","","","","","","","","","","","","","","","","","","","","","","",""
"9QCFNFQC","journalArticle","2025","Granados, Ignacio; Toro, Manuel; Rubio, Ángel; Camacho, Antonio","Trophic status and sedimentation rate as effective indicators of condition in alpine lake restoration","Restoration Ecology","","","","","","2025","2026-06-21 20:18:18","2026-06-21 20:18:18","","e70182","","8","33","","","","","","","","Wiley Online Library","","","","","","","","","","","","","","","","","","","","","","","","","","","","","","","","","","","","","","","","","","","","","","","","","","","","","","","","","","","",""
"PFG9X8GB","journalArticle","2025","Saha, Mahendra; Kumar, Sumit; Pareek, Pratibha; Doodwal, Gaurav; Meena, Bhagchand","Parametric confidence intervals of generalized process capability index for finite mixture distributions","International Journal of System Assurance Engineering and Management","","","","","","2025","2026-06-21 20:18:18","2026-06-21 20:18:18","","1679–1688","","5","16","","","","","","","","Springer","","","","","","","","","","","","","","","","","","","","","","","","","","","","","","","","","","","","","","","","","","","","","","","","","","","","","","","","","","","",""
"C3QPWJBV","journalArticle","2025","Sosa-Pivatto, María; Cosacov, Andrea; Sérsic, Alicia N","Relationship between the location of Pleistocene refugia and geographic and environmental centrality in a plant–pollinator mutualism from Patagonia","Proceedings B","","","","","","2025","2026-06-21 20:18:18","2026-06-21 20:18:18","","20252451","","2061","292","","","","","","","","The Royal Society","","","","","","","","","","","","","","","","","","","","","","","","","","","","","","","","","","","","","","","","","","","","","","","","","","","","","","","","","","","",""
"XE636KNJ","journalArticle","2025","Mazik, Aleksandra; Stanek, Paulina; Malczewska, Beata; Lochyński, Paweł","Towards Circular Economy Solutions: Managing Wastewater from Paint Production","Sustainability","","","","","","2025","2026-06-21 20:18:18","2026-06-21 20:18:18","","10515","","23","17","","","","","","","","MDPI","","","","","","","","","","","","","","","","","","","","","","","","","","","","","","","","","","","","","","","","","","","","","","","","","","","","","","","","","","","",""
"A6TPPQFN","journalArticle","2025","Fernandes, Patrick Faria; de Avelar São-Pedro, Vinícius; de Lima Souza, Breno; Moreira-Silva, Camila; de Cássia Quitete Portela, Rita; Mendes, Eduardo Teles Barbosa; de Oliveira Scarascia, Pietro; da Silva Carvalho, Carolina","Effects of defaunation of large seed dispersers, habitat loss and fragmentation on the population expansion of a tropical palm","Landscape Ecology","","","","","","2025","2026-06-21 20:18:18","2026-06-21 20:18:18","","71","","4","40","","","","","","","","Springer","","","","","","","","","","","","","","","","","","","","","","","","","","","","","","","","","","","","","","","","","","","","","","","","","","","","","","","","","","","",""
"JF5DZALN","journalArticle","2025","Gattis, Sabrina; Ben-Ami, Frida","The Role of Host Age at Exposure, Host–Parasite Genetics and Host Size-Parasite Length Mechanics in Shaping the Outcome of Parasitic Infections in Three Zooplankton Taxa","Freshwater Biology","","","","","","2025","2026-06-21 20:18:18","2026-06-21 20:18:18","","e70086","","8","70","","","","","","","","Wiley Online Library","","","","","","","","","","","","","","","","","","","","","","","","","","","","","","","","","","","","","","","","","","","","","","","","","","","","","","","","","","","",""
"T4D79YVQ","journalArticle","2025","Malik, Ireneusz; Chmura, Damian; Molenda, Tadeusz","Hydrological Fluctuations and Competition Drive Growth Dynamics of Invasive Robinia pseudoacacia L. in Post-Mining Novel Ecosystems","Land Degradation & Development","","","","","","2025","2026-06-21 20:18:18","2026-06-21 20:18:18","","6298–6309","","18","36","","","","","","","","Wiley Online Library","","","","","","","","","","","","","","","","","","","","","","","","","","","","","","","","","","","","","","","","","","","","","","","","","","","","","","","","","","","",""
"RG233MWK","journalArticle","2025","LaSharr, Tayler N; Gilbertson, Marie LJ; LaSharr, Kelsie; Carstensen, Michelle","Dispersal dynamics of white-tailed deer in human-altered landscapes and implications for disease risk","Plos one","","","","","","2025","2026-06-21 20:18:18","2026-06-21 20:18:18","","e0325656","","6","20","","","","","","","","Public Library of Science San Francisco, CA USA","","","","","","","","","","","","","","","","","","","","","","","","","","","","","","","","","","","","","","","","","","","","","","","","","","","","","","","","","","","",""
"4RMT2UNM","journalArticle","2025","Grant, Evan H Campbell; Werba, Jo A; Mummah, Riley O; Brand, Adrianne B","The value of reducing uncertainties to support the management of a high-elevation endemic salamander","Ecosphere","","","","","","2025","2026-06-21 20:18:18","2026-06-21 20:18:18","","e70434","","12","16","","","","","","","","Wiley Online Library","","","","","","","","","","","","","","","","","","","","","","","","","","","","","","","","","","","","","","","","","","","","","","","","","","","","","","","","","","","",""
"V75VMIDY","journalArticle","2025","Hautefeuille, Sophie; Guillou, Sandrine; Bouju-Albert, Agnès; Misery, Boris; Laroche, Béatrice; Haddad, Nabila; Tareb, Raouf","FREE-RANGE VERSUS CONVENTIONAL: A COMPARISON OF MICROBIAL COMPOSITION AND CAMPYLOBACTER CONTAMINATION IN BROILER CARCASSES AFTER CHILING","Poultry Science","","","","","","2025","2026-06-21 20:18:18","2026-06-21 20:18:18","","106111","","","","","","","","","","","Elsevier","","","","","","","","","","","","","","","","","","","","","","","","","","","","","","","","","","","","","","","","","","","","","","","","","","","","","","","","","","","",""
"IDF3JKZJ","journalArticle","2025","Gómez-del Campo, Víctor; Arrontes, Julio; Cruz, Teresa; Vázquez, Elsa; Macho, Gonzalo; Thiébaut, Eric; Geiger, Katja; Fernandes, Joana N; Jacinto, David; Aguión, Alba; others","Recovery after exploitation of stalked barnacles is facilitated by the presence of conspecifics: a study of post-harvest gap recolonization dynamics in SW Europe","Reviews in Fish Biology and Fisheries","","","","","","2025","2026-06-21 20:18:18","2026-06-21 20:18:18","","279–296","","1","35","","","","","","","","Springer","","","","","","","","","","","","","","","","","","","","","","","","","","","","","","","","","","","","","","","","","","","","","","","","","","","","","","","","","","","",""
"DEAAIQT4","journalArticle","2025","Zanoli, Anna; Tenneriello, Chiara; Morandi, Ilaria; Terranova, Francesca; Cadman, Melissa; Ludynia, Katrin; Mathevon, Nicolas; Reby, David; Favaro, Livio","Acoustic cues to development of African Penguins (Spheniscus demersus) begging calls","Ibis","","","","","","2025","2026-06-21 20:18:18","2026-06-21 20:18:18","","286–294","","1","167","","","","","","","","Wiley Online Library","","","","","","","","","","","","","","","","","","","","","","","","","","","","","","","","","","","","","","","","","","","","","","","","","","","","","","","","","","","",""
"JUW6AP36","journalArticle","2025","Asnicar, Davide; Jonah, Lauren; de Jourdan, Benjamin; Hamoutene, Dounia","Exploring cumulative effects of aquaculture chemicals in sediment on adult sea urchin behavioral, immunological, and metabolomic endpoints","Environmental Toxicology and Chemistry","","","","","","2025","2026-06-21 20:18:18","2026-06-21 20:18:18","","1686–1695","","6","44","","","","","","","","Oxford University Press","","","","","","","","","","","","","","","","","","","","","","","","","","","","","","","","","","","","","","","","","","","","","","","","","","","","","","","","","","","",""
"PY4RZ8YS","journalArticle","2025","Reyné, Bastien; Djidjou-Demasse, Ramsès; Sofonea, Mircea T; Alizon, Samuel","Mutant emergence timing and population immunisation status impact epidemiological dynamics","Journal of Theoretical Biology","","","","","","2025","2026-06-21 20:18:18","2026-06-21 20:18:18","","112140","","","608","","","","","","","","Elsevier","","","","","","","","","","","","","","","","","","","","","","","","","","","","","","","","","","","","","","","","","","","","","","","","","","","","","","","","","","","",""
"7SCRJVHX","journalArticle","2025","Soukhov, Anastasia; Higgins, Christopher D; Paez, Antonio; Mohamed, Moataz","Ten Years of School Closures and Consolidations in Hamilton, Canada and the Impact on Multimodal Accessibility","Networks and Spatial Economics","","","","","","2025","2026-06-21 20:18:18","2026-06-21 20:18:18","","1–30","","","","","","","","","","","Springer","","","","","","","","","","","","","","","","","","","","","","","","","","","","","","","","","","","","","","","","","","","","","","","","","","","","","","","","","","","",""
"T7RM8NWG","journalArticle","2025","Soares de Lima, Maira; López-Mársico, Luis; Abrigo, Micaela; Guido, Anaclara","Does Water Stress Affect Community Invasibility in a SubHumid Temperate Grassland?","Journal of Vegetation Science","","","","","","2025","2026-06-21 20:18:18","2026-06-21 20:18:18","","e70067","","5","36","","","","","","","","Wiley Online Library","","","","","","","","","","","","","","","","","","","","","","","","","","","","","","","","","","","","","","","","","","","","","","","","","","","","","","","","","","","",""
"ZJUQBZ2P","journalArticle","2025","Riederer, Anne M; Sherris, Allison R; Szpiro, Adam A; Melough, Melissa M; Simpson, Christopher D; Loftus, Christine T; Day, Drew B; Wallace, Erin R; Trasande, Leonardo; Barrett, Emily S; others","Environmental and dietary factors associated with urinary OH-PAHs in mid-pregnancy in a large multi-site study","Environmental research","","","","","","2025","2026-06-21 20:18:18","2026-06-21 20:18:18","","120516","","","266","","","","","","","","Elsevier","","","","","","","","","","","","","","","","","","","","","","","","","","","","","","","","","","","","","","","","","","","","","","","","","","","","","","","","","","","",""
"9489T9XJ","journalArticle","2025","Kovács, Tímea; Reicher, Vivien; Csibra, Barbara; Csepregi, Melitta; Kristóf, Kíra; Gácsi, Márta","Repeated Task Exposure and Sufficient Sleep May Mitigate ADHD-Related Cognitive Flexibility Impairments in Family Dogs","Animals","","","","","","2025","2026-06-21 20:18:18","2026-06-21 20:18:18","","3074","","21","15","","","","","","","","MDPI","","","","","","","","","","","","","","","","","","","","","","","","","","","","","","","","","","","","","","","","","","","","","","","","","","","","","","","","","","","",""
"PQ4EFYEK","journalArticle","2025","Grechi, Isabelle; Ba, Mame Diarra Bousso; Correa, Philippe; Diakhaté, Massamba; Nordey, Thibault; Sylla, Serigne; Brevault, Thierry; Chailleux, Anaïs","Predicting biological control performance under global change using model-based exploration of predator-prey dynamics: Application to the Nesidiocoris tenuis-Tuta absoluta system","Ecological Modelling","","","","","","2025","2026-06-21 20:18:18","2026-06-21 20:18:18","","111186","","","507","","","","","","","","Elsevier","","","","","","","","","","","","","","","","","","","","","","","","","","","","","","","","","","","","","","","","","","","","","","","","","","","","","","","","","","","",""
"BIAMI3SB","journalArticle","2025","Jacob, Suzanne Antoinette; De Boer, Willem Frederik; De Knegt, Henrik Johan; Engelen, Cassander Cassijn; Henley, Michelle","Environmental Determinants of Foraging Site Revisitation by African Elephants (Loxodonta africana)","Ecology and Evolution","","","","","","2025","2026-06-21 20:18:18","2026-06-21 20:18:18","","e71506","","6","15","","","","","","","","Wiley Online Library","","","","","","","","","","","","","","","","","","","","","","","","","","","","","","","","","","","","","","","","","","","","","","","","","","","","","","","","","","","",""
"YYEQ7WNS","journalArticle","2025","Jones, OE; Beckett, H; Abraham, AJ; Makunga, NP; Midgley, GF","Endozoochory by Black Rhinoceroses Enhances Germination of a Key Arid Savanna Tree Species","Ecology and Evolution","","","","","","2025","2026-06-21 20:18:18","2026-06-21 20:18:18","","e71951","","9","15","","","","","","","","Wiley Online Library","","","","","","","","","","","","","","","","","","","","","","","","","","","","","","","","","","","","","","","","","","","","","","","","","","","","","","","","","","","",""
"HA8RZ4NK","journalArticle","2025","Griffiths, Walter K; Blumenshine, Steve","Introduced piscivore scope for predation can limit the success of native fish reintroduction efforts","Transactions of the American Fisheries Society","","","","","","2025","2026-06-21 20:18:18","2026-06-21 20:18:18","","719–730","","6","154","","","","","","","","Oxford University Press US","","","","","","","","","","","","","","","","","","","","","","","","","","","","","","","","","","","","","","","","","","","","","","","","","","","","","","","","","","","",""
"9BRERCGF","journalArticle","2025","Jin, Rui; Liao, Yong","Simulating Advanced Social Botnets: A Framework for Behavior Realism and Coordinated Stealth","Information","","","","","","2025","2026-06-21 20:18:18","2026-06-21 20:18:18","","27","","1","17","","","","","","","","MDPI","","","","","","","","","","","","","","","","","","","","","","","","","","","","","","","","","","","","","","","","","","","","","","","","","","","","","","","","","","","",""
"KD6V3RB7","journalArticle","2025","Huang, Shuyue; Huang, Chen; Sun, Yanliang; Lu, Shena","Adaptation to invisible motion impairs the understanding of verb phrases.","Journal of Experimental Psychology: Human Perception and Performance","","","","","","2025","2026-06-21 20:18:18","2026-06-21 20:18:18","","303","","3","51","","","","","","","","American Psychological Association","","","","","","","","","","","","","","","","","","","","","","","","","","","","","","","","","","","","","","","","","","","","","","","","","","","","","","","","","","","",""
"ES3TFPKU","journalArticle","2025","Frenzel, Tobias; Bigalk, Sonia; Gamba, Raffaele; Görn, Sebastian; Haas, Michael; Haas-Renninger, Maura; Haselböck, Andreas; Hörren, Thomas; Sorg, Martin; Sumser, Hubert; others","Higher bee species richness in conservation areas compared with non-conservation areas in south-west Germany","Insect Conservation and Diversity","","","","","","2025","2026-06-21 20:18:18","2026-06-21 20:18:18","","191–205","","2","18","","","","","","","","Wiley Online Library","","","","","","","","","","","","","","","","","","","","","","","","","","","","","","","","","","","","","","","","","","","","","","","","","","","","","","","","","","","",""
"42SK5D3H","journalArticle","2025","Corbeil, Karalee A; Gitter, Anna; Ruvalcaba, Valeria; Powers, Nicole C; Hossain, Md Shakhawat; Bonaiti, Gabriele; Flores, Lucy; Pinchback, Jason; Jantrania, Anish; Gentry, Terry","Marker-and Microbiome-Based Microbial Source Tracking and Evaluation of Bather Health Risk from Fecal Contamination in Galveston, Texas","Water","","","","","","2025","2026-06-21 20:18:18","2026-06-21 20:18:18","","2310","","15","17","","","","","","","","MDPI","","","","","","","","","","","","","","","","","","","","","","","","","","","","","","","","","","","","","","","","","","","","","","","","","","","","","","","","","","","",""
"F685UX3I","journalArticle","2025","Dura, Valentin; Evin, Guillaume; Favre, Anne-Catherine; Penot, David","Improving Precipitation Interpolation Using Anisotropic Variograms Derived from Convection-Permitting Regional Climate Model Simulations","EGUsphere","","","","","","2025","2026-06-21 20:18:18","2026-06-21 20:18:18","","1–25","","","2025","","","","","","","","Copernicus Publications Göttingen, Germany","","","","","","","","","","","","","","","","","","","","","","","","","","","","","","","","","","","","","","","","","","","","","","","","","","","","","","","","","","","",""
"YJFCYZD3","journalArticle","2025","Almeida, Rony PS; Baccaro, Fabrício B; Ellison, Aaron M; Camarota, Flávio; Silva, Rogério R","Induced drought in an Amazonian forest affects diversity but not foraging distance of generalist ants","Ecological Entomology","","","","","","2025","2026-06-21 20:18:19","2026-06-21 20:18:19","","630–641","","4","50","","","","","","","","Wiley Online Library","","","","","","","","","","","","","","","","","","","","","","","","","","","","","","","","","","","","","","","","","","","","","","","","","","","","","","","","","","","",""
"E7S4GWPE","journalArticle","2025","Shuai, Mengying; Liu, Yihui; Wei, Yishan; Jiang, Peng; Liu, Mingyu; Wang, Kunyu; Li, Zhichao; Li, Xiaoming; Kong, Xiabing; Xu, Min; others","Occurrence and dietary intake risk assessment of heavy metals in Fuji apple","Journal of Food Composition and Analysis","","","","","","2025","2026-06-21 20:18:19","2026-06-21 20:18:19","","108482","","","","","","","","","","","Elsevier","","","","","","","","","","","","","","","","","","","","","","","","","","","","","","","","","","","","","","","","","","","","","","","","","","","","","","","","","","","",""
"L98YJYE3","journalArticle","2025","Bradford, John C; Robinson, Jennifer L","Media matters: phenol red and fetal bovine serum estrogen in traditional cell culture media influence human mesenchymal stromal cell (hMSC) processes and differentiation in a sex-biased manner","bioRxiv","","","","","","2025","2026-06-21 20:18:19","2026-06-21 20:18:19","","","","","","","","","","","","","Springer","","","","","","","","","","","","","","","","","","","","","","","","","","","","","","","","","","","","","","","","","","","","","","","","","","","","","","","","","","","",""
"ZSWMRP8C","journalArticle","2025","Gastal, Silvia B; Barreto, Cindy T; Mascarenhas, Carolina S; Bugoni, Leandro","Nasal mites in seabirds and shorebirds: the role of host morphology and phylogeny on measures of parasitism","Biological Journal of the Linnean Society","","","","","","2025","2026-06-21 20:18:19","2026-06-21 20:18:19","","blaf066","","1","146","","","","","","","","Oxford University Press","","","","","","","","","","","","","","","","","","","","","","","","","","","","","","","","","","","","","","","","","","","","","","","","","","","","","","","","","","","",""
"I7BB2475","journalArticle","2025","Tronstad, Lusha M; Mazur, Madison; Thelen-Wade, Lauren; Dority, Delina; Lester, Alexis; Weschler, Michelle; Dillon, Michael E","Infrasound-Altered Pollination in a Common Western North American Plant: Evidence from Wind Turbines and Railways","Environments","","","","","","2025","2026-06-21 20:18:19","2026-06-21 20:18:19","","266","","8","12","","","","","","","","MDPI","","","","","","","","","","","","","","","","","","","","","","","","","","","","","","","","","","","","","","","","","","","","","","","","","","","","","","","","","","","",""
"BSCJIS34","journalArticle","2025","Montardit-Tarda, Francesc; Casas, Ana M; Thomas, William TB; Schnaithmann, Florian; Sharma, Rajiv; Shaaf, Salar; Campoli, Chiara; Russell, Joanne; Ramsay, Luke; Bayer, Micha M; others","New loci and candidate genes in spring two-rowed barley detected through meta-analysis of a field trial European network","Theoretical and Applied Genetics","","","","","","2025","2026-06-21 20:18:19","2026-06-21 20:18:19","","158","","7","138","","","","","","","","Springer","","","","","","","","","","","","","","","","","","","","","","","","","","","","","","","","","","","","","","","","","","","","","","","","","","","","","","","","","","","",""
"66F842S5","journalArticle","2025","Wilson, Amanda M; Mussio, Irene; Verhougstraete, Marc P; Jung, Yoonhee; Ashraf, Ahamed; Chilton, Susan; Hamilton, Kerry A","A risk-risk tradeoff approach for incorporating the public's risk perceptions into quantitative microbial risk assessment","Journal of occupational and environmental hygiene","","","","","","2025","2026-06-21 20:18:19","2026-06-21 20:18:19","","132–148","","2","22","","","","","","","","Taylor & Francis","","","","","","","","","","","","","","","","","","","","","","","","","","","","","","","","","","","","","","","","","","","","","","","","","","","","","","","","","","","",""
"6LS4G9JC","journalArticle","2025","Takács, Attila; Molnár V, Attila; E-Vojtkó, Anna; Nagy, Jen\Ho","Estimating Rooting Depth From Herbarium Specimens Might Be More Accurate Than Using Large Trait Databases","Ecology and Evolution","","","","","","2025","2026-06-21 20:18:19","2026-06-21 20:18:19","","e71529","","6","15","","","","","","","","Wiley Online Library","","","","","","","","","","","","","","","","","","","","","","","","","","","","","","","","","","","","","","","","","","","","","","","","","","","","","","","","","","","",""
"STX4NDQG","journalArticle","2025","Meroi Arcerito, Facundo René; Mazzei, Mariana Paola; Corti, Camila; Lezcano, María Belén; Fernández de Landa, Gregorio; Fernández de Landa, Mateo; Iglesias, Azucena Elizabeth; Ramos, Facundo; Fernández, Natalia Jorgelina; Damiani, Natalia; others","Kiwifruit Cross-Pollination Analysis: Characterisation of the Pollinator-Assemblage and Practices to Enhance Fruit Quality","Plants","","","","","","2025","2026-06-21 20:18:19","2026-06-21 20:18:19","","2580","","16","14","","","","","","","","MDPI","","","","","","","","","","","","","","","","","","","","","","","","","","","","","","","","","","","","","","","","","","","","","","","","","","","","","","","","","","","",""
"UYW3URD5","journalArticle","2025","Dietz, SL; DuVal, EH; Cox, JA","Examining the role of natal habitat preference induction in the settlement decisions of Brown-headed Nuthatches","Behavioral Ecology and Sociobiology","","","","","","2025","2026-06-21 20:18:19","2026-06-21 20:18:19","","74","","7","79","","","","","","","","Springer","","","","","","","","","","","","","","","","","","","","","","","","","","","","","","","","","","","","","","","","","","","","","","","","","","","","","","","","","","","",""
"8FINU9WW","journalArticle","2025","Weng, Yu; Zapiec, Bolek; Paredes, Renato; Mombaerts, Peter","Glomeruli of the Mouse Olfactory Bulb: Numbers, Sizes, Shapes","European Journal of Neuroscience","","","","","","2025","2026-06-21 20:18:19","2026-06-21 20:18:19","","e70327","","11","62","","","","","","","","Wiley Online Library","","","","","","","","","","","","","","","","","","","","","","","","","","","","","","","","","","","","","","","","","","","","","","","","","","","","","","","","","","","",""
"4E4GRF5S","journalArticle","2025","Lopes Martins, Letícia; Martins, Wander Araújo; De Moraes, Jener Fernando Leite; Blain, Gabriel Constantino","Truncated distributions for the Standardized Precipitation Index (SPI) and Standardized Streamflow Index (SSI) in a tropical basin","Hydrological Sciences Journal","","","","","","2025","2026-06-21 20:18:19","2026-06-21 20:18:19","","3099–3114","","16","70","","","","","","","","Taylor & Francis","","","","","","","","","","","","","","","","","","","","","","","","","","","","","","","","","","","","","","","","","","","","","","","","","","","","","","","","","","","",""
"3ASWGAAI","journalArticle","2025","Brunod, Giada; Dellepiane, Federica; Valente, Daria; Ferrario, Valeria; Carugati, Filippo; Torti, Valeria; Ratsimbazafy, Jonah; Giacoma, Cristina; Gamba, Marco; De Gregorio, Chiara","Ontogeny of Diet and Behavior of a Wild, Critically Endangered Lemur (Indri indri)","American Journal of Primatology","","","","","","2025","2026-06-21 20:18:19","2026-06-21 20:18:19","","e70107","","12","87","","","","","","","","Wiley Online Library","","","","","","","","","","","","","","","","","","","","","","","","","","","","","","","","","","","","","","","","","","","","","","","","","","","","","","","","","","","",""
"AKW23VV9","journalArticle","2025","Li, Yiyi; Barnett-Neefs, Cecil; Stasiewicz, Matthew J","Salmonellosis risk assessment for comminuted turkey under different specificities of concentration-based and virulence-based final product standards","Microbial Risk Analysis","","","","","","2025","2026-06-21 20:18:19","2026-06-21 20:18:19","","100359","","","","","","","","","","","Elsevier","","","","","","","","","","","","","","","","","","","","","","","","","","","","","","","","","","","","","","","","","","","","","","","","","","","","","","","","","","","",""
"3KKKCWR8","journalArticle","2025","Gaciek, Paweł; Gaczek, Mariusz; Krause, Paweł","Bond Strength of Adhesive Mortars to Substrates in ETICS—Comparison of Testing Methods","Materials","","","","","","2025","2026-06-21 20:18:19","2026-06-21 20:18:19","","4977","","21","18","","","","","","","","MDPI","","","","","","","","","","","","","","","","","","","","","","","","","","","","","","","","","","","","","","","","","","","","","","","","","","","","","","","","","","","",""
"87NW8UZJ","journalArticle","2025","Hu, Pengwei; Xing, Jixiang; Yang, Wuritu; Chi, Hongxia; Xing, Yongqiang; Zuo, Yongchun","ScASplicer: An interactive shiny/R application for alternative splicing analysis of single-cell sequencing","Genomics","","","","","","2025","2026-06-21 20:18:19","2026-06-21 20:18:19","","111116","","","","","","","","","","","Elsevier","","","","","","","","","","","","","","","","","","","","","","","","","","","","","","","","","","","","","","","","","","","","","","","","","","","","","","","","","","","",""
"RKB5CQCA","journalArticle","2025","Angelakopoulos, Rafael; Tsipourlianos, Andreas; Fytsili, Alexia E; Moutou, Katerina A","Establishing the Physiological Values of Minimally Invasive Biomarkers in Gilthead Sea Bream (Sparus aurata)","Fishes","","","","","","2025","2026-06-21 20:18:19","2026-06-21 20:18:19","","52","","2","10","","","","","","","","MDPI","","","","","","","","","","","","","","","","","","","","","","","","","","","","","","","","","","","","","","","","","","","","","","","","","","","","","","","","","","","",""
"4HBGL8LA","journalArticle","2025","Godínez-Padilla, Carlos Javier","Insights Into the Relationship of Climate Events With the Distribution of Black Skipjack (Euthynnus lineatus) Catches in the Eastern Pacific","Fisheries Oceanography","","","","","","2025","2026-06-21 20:18:19","2026-06-21 20:18:19","","89–106","","6","34","","","","","","","","Wiley Online Library","","","","","","","","","","","","","","","","","","","","","","","","","","","","","","","","","","","","","","","","","","","","","","","","","","","","","","","","","","","",""
"7T9CNZP7","journalArticle","2025","Dye, Ashley M; Rubio, Andrew O; Bieri, Eli; Stuckert, Adam MM; Summers, Kyle","Evidence for an association between genetic and acoustic variation in the mimic poison frog Ranitomeya imitator","Behavioral Ecology and Sociobiology","","","","","","2025","2026-06-21 20:18:19","2026-06-21 20:18:19","","130","","12","79","","","","","","","","Springer","","","","","","","","","","","","","","","","","","","","","","","","","","","","","","","","","","","","","","","","","","","","","","","","","","","","","","","","","","","",""
"2U7J8N4R","journalArticle","2025","Lozano, Saul; Raman, Vivek; Connelly, C Roxanne","The expansion of the yellow fever mosquito (Aedes aegypti) and evidence of its establishment in the Las Vegas metropolitan area, Nevada, United States of America","Journal of medical entomology","","","","","","2025","2026-06-21 20:18:19","2026-06-21 20:18:19","","1611–1615","","6","62","","","","","","","","Oxford University Press","","","","","","","","","","","","","","","","","","","","","","","","","","","","","","","","","","","","","","","","","","","","","","","","","","","","","","","","","","","",""
"6EX44RUL","journalArticle","2025","Denton, Elsie M; Sheley, Roger L","Herbivory can reduce perennial grass seedling survival, but temperature and cumulative precipitation are more important predictors in the first growing season","Restoration Ecology","","","","","","2025","2026-06-21 20:18:19","2026-06-21 20:18:19","","e14320","","2","33","","","","","","","","Wiley Online Library","","","","","","","","","","","","","","","","","","","","","","","","","","","","","","","","","","","","","","","","","","","","","","","","","","","","","","","","","","","",""
"DX3TKFR5","journalArticle","2025","Deng, Zhangliang; Lloyd, Christopher T; Okotto, Lorna-Grace; Okotto-Okotto, Joseph; Wright, Jim","Graph and Community Detection Analysis of Pipeline Network Configuration and Urban Morphology in Kisumu and Kigali","Journal of Water Resources Planning and Management","","","","","","2025","2026-06-21 20:18:19","2026-06-21 20:18:19","","05025012","","9","151","","","","","","","","American Society of Civil Engineers","","","","","","","","","","","","","","","","","","","","","","","","","","","","","","","","","","","","","","","","","","","","","","","","","","","","","","","","","","","",""
"8DL4V4PT","journalArticle","2025","Silva, Ivana; Naya, Daniel E; Brugnoli, Ernesto; D'Anatro, Alejandro; de Mello, Franco Teixeira; Vidal, Nicolás; González-Bergonzoni, Iván","Golden mussel invasion alters basal resources promoting a trophic bottleneck in river food webs","Biological Invasions","","","","","","2025","2026-06-21 20:18:19","2026-06-21 20:18:19","","172","","8","27","","","","","","","","Springer","","","","","","","","","","","","","","","","","","","","","","","","","","","","","","","","","","","","","","","","","","","","","","","","","","","","","","","","","","","",""
"842SREDC","journalArticle","2025","Gao, Huize; Zhao, Dong; Zeng, Hua; Jiang, Yanchen; Li, Jialing; Zhang, Wei","Distribution patterns and environmental factors influencing Nymphalidae and Salticidae diversity in the Wuzhishan area of Hainan","Iscience","","","","","","2025","2026-06-21 20:18:19","2026-06-21 20:18:19","","","","5","28","","","","","","","","Elsevier","","","","","","","","","","","","","","","","","","","","","","","","","","","","","","","","","","","","","","","","","","","","","","","","","","","","","","","","","","","",""
"6H9A8Q4D","journalArticle","2025","Bennet, Morgan J; Kingston, Daniel G; Cullen, Nicolas J","Detection of Compound and Seesaw Hydrometeorological Extremes in New Zealand: A Copula-Based Approach","EGUsphere","","","","","","2025","2026-06-21 20:18:19","2026-06-21 20:18:19","","1–30","","","2025","","","","","","","","Copernicus Publications Göttingen, Germany","","","","","","","","","","","","","","","","","","","","","","","","","","","","","","","","","","","","","","","","","","","","","","","","","","","","","","","","","","","",""
"4HCXNV9M","journalArticle","2025","Silva, Ivana; Naya Monteverde, Daniel Ernesto; Brugnoli, Ernesto; D'Anatro, Alejandro; Teixeira de Mello, Franco; Vidal, Nicolás; Gonzalez-Bergonzoni, Ivan","Isotopic trophic discrimination factors (Δ13C, Δ15N) and their determinants in a subtropical macroinvertebrate food chain","Limnetica, 2025, 44 (2): 209-225.","","","","","","2025","2026-06-21 20:18:19","2026-06-21 20:18:19","","","","","","","","","","","","","Asociación Ibérica de Limnología","","","","","","","","","","","","","","","","","","","","","","","","","","","","","","","","","","","","","","","","","","","","","","","","","","","","","","","","","","","",""
"CEECAALK","journalArticle","2025","Petrou, Giorgos; Mavrogianni, Anna; Symonds, Phil; Chalabi, Zaid; Lomas, Kevin; Mylona, Anastasia; Davies, Michael","Development of a Bayesian calibration framework for archetype-based housing stock models of summer indoor temperature","Journal of Building Performance Simulation","","","","","","2025","2026-06-21 20:18:19","2026-06-21 20:18:19","","687–706","","5-6","18","","","","","","","","Taylor & Francis","","","","","","","","","","","","","","","","","","","","","","","","","","","","","","","","","","","","","","","","","","","","","","","","","","","","","","","","","","","",""
"TYRFVWHB","journalArticle","2025","Ren, Yifan; Miao, Zepu; Lin, Che-Yi; Yang, Ludong; Li, Huihui; Holland, Linda Z; Cho, Sung-Jin; Yu, Jr-Kai; Yue, Jia-Xing","The genome of the early diverged amphioxus, Asymmetron lucayanum, illuminates the evolution of genome architecture and gene repertoires in cephalochordates","bioRxiv","","","","","","2025","2026-06-21 20:18:19","2026-06-21 20:18:19","","2025–07","","","","","","","","","","","Cold Spring Harbor Laboratory","","","","","","","","","","","","","","","","","","","","","","","","","","","","","","","","","","","","","","","","","","","","","","","","","","","","","","","","","","","",""
"E9JADFZC","journalArticle","2025","Yilmaz, Cemre; Pabel, Laura; Kerschenbauer, Elias; Ischebeck, Anja; Sipatchin, Alexandra; Bartels, Andreas; Zaretskaya, Natalia","The complexity of human subjective experience during binocular rivalry","Neuroscience of Consciousness","","","","","","2025","2026-06-21 20:18:19","2026-06-21 20:18:19","","niaf004","","1","2025","","","","","","","","Oxford University Press UK","","","","","","","","","","","","","","","","","","","","","","","","","","","","","","","","","","","","","","","","","","","","","","","","","","","","","","","","","","","",""
"WABWBXZQ","journalArticle","2025","Zheng, Aner; Chong, Sang Chul","How location-based organization affects the extent of contextual cueing","Attention, Perception, & Psychophysics","","","","","","2025","2026-06-21 20:18:19","2026-06-21 20:18:19","","2370–2387","","8","87","","","","","","","","Springer","","","","","","","","","","","","","","","","","","","","","","","","","","","","","","","","","","","","","","","","","","","","","","","","","","","","","","","","","","","",""
"28A4IL8W","journalArticle","2025","Malick-Wahls, Sarah Lou; Høydal, Silje Maria M; Devineau, Olivier; Tofastrud, Morten","Optimal sheep grazing intensity for bumblebee Bombus species richness and abundance on traditional Norwegian summer farms","Ecological Solutions and Evidence","","","","","","2025","2026-06-21 20:18:19","2026-06-21 20:18:19","","e70054","","2","6","","","","","","","","Wiley Online Library","","","","","","","","","","","","","","","","","","","","","","","","","","","","","","","","","","","","","","","","","","","","","","","","","","","","","","","","","","","",""
"YZ6CG93B","journalArticle","2025","Akmeemana, Anuradha; Sigman, Michael E","Machine Learning Subjective Opinions: An Application in Forensic Chemistry","Algorithms","","","","","","2025","2026-06-21 20:18:19","2026-06-21 20:18:19","","482","","8","18","","","","","","","","MDPI","","","","","","","","","","","","","","","","","","","","","","","","","","","","","","","","","","","","","","","","","","","","","","","","","","","","","","","","","","","",""
"KY8KF6UJ","journalArticle","2025","da Silva, Melina Coelho; Canário, Adelino VM; Hubbard, Peter C; Cardoso, Sara D; Gonçalves, David","High variability in aggression and habituation to the mirror assay in ornamental Siamese fighting fish Betta splendens","acta ethologica","","","","","","2025","2026-06-21 20:18:19","2026-06-21 20:18:19","","139–150","","3","28","","","","","","","","Springer","","","","","","","","","","","","","","","","","","","","","","","","","","","","","","","","","","","","","","","","","","","","","","","","","","","","","","","","","","","",""
"2W7H693T","journalArticle","2025","Zhang, Xinyu","Dynamic Time-to-Event Models for Future Call Attempts Required Until Interview or Refusal","Journal of Official Statistics","","","","","","2025","2026-06-21 20:18:19","2026-06-21 20:18:19","","433–467","","1","41","","","","","","","","SAGE Publications Sage UK: London, England","","","","","","","","","","","","","","","","","","","","","","","","","","","","","","","","","","","","","","","","","","","","","","","","","","","","","","","","","","","",""
"7PKZEWPE","journalArticle","2025","Warret Rodrigues, C; Wang, F; Halden, NM; Yang, P; Roth, JD","How reliably do keratinous tissues predict total mercury concentration in internal tissues of a highly mobile carnivore with a terrestrial diet?","Journal of Zoology","","","","","","2025","2026-06-21 20:18:19","2026-06-21 20:18:19","","102–114","","2","325","","","","","","","","Wiley Online Library","","","","","","","","","","","","","","","","","","","","","","","","","","","","","","","","","","","","","","","","","","","","","","","","","","","","","","","","","","","",""
"58NM8QB8","journalArticle","2025","Işık, Hilmi; Kılıç, Muhammet Burak","Evaluation of genetic algorithm alternatives for wind speed modeling using grey relational analysis","Journal of Engineering and Applied Science","","","","","","2025","2026-06-21 20:18:19","2026-06-21 20:18:19","","50","","1","72","","","","","","","","Springer","","","","","","","","","","","","","","","","","","","","","","","","","","","","","","","","","","","","","","","","","","","","","","","","","","","","","","","","","","","",""
"W4XXPGZM","journalArticle","2025","Grampp, Mathilde; Girard-Buttoz, Cédric; Samuni, Liran; León, Julián; Tkaczynski, Patrick; Wittig, Roman M; Crockford, Catherine","Reciprocal signaling during approaches relates to close relationships within and between two primate species","Animal Behavior and Cognition","","","","","","2025","2026-06-21 20:18:19","2026-06-21 20:18:19","","360–403","","3","12","","","","","","","","","","","","","","","","","","","","","","","","","","","","","","","","","","","","","","","","","","","","","","","","","","","","","","","","","","","","","","","","","","","",""
"P3VM4EXI","journalArticle","2025","Fiscalini, Lorenzo; Willi, Liana; Wiedemeier, Daniel; Özcan, Mutlu; Ioannidis, Alexis","Load-Bearing Capacity of Lithium Silicate Derivates Applied as Ultra-Thin Occlusal Veneers on Molars","Prosthesis","","","","","","2025","2026-06-21 20:18:19","2026-06-21 20:18:19","","43","","2","7","","","","","","","","MDPI","","","","","","","","","","","","","","","","","","","","","","","","","","","","","","","","","","","","","","","","","","","","","","","","","","","","","","","","","","","",""
"AH8CCAJ9","journalArticle","2025","Dennis, Trent; Rubin-McGregor, Jordan; O'Connell, Michael J","Power analysis for zero-inflated Poisson and negative binomial generalized linear models using Monte Carlo simulation","Journal of Statistical Computation and Simulation","","","","","","2025","2026-06-21 20:18:19","2026-06-21 20:18:19","","868–885","","4","95","","","","","","","","Taylor & Francis","","","","","","","","","","","","","","","","","","","","","","","","","","","","","","","","","","","","","","","","","","","","","","","","","","","","","","","","","","","",""
"Y4AHC5T9","journalArticle","2025","Carvalho, Daniel A; Barbosa, Gabriel G; Kappes, Bruna B; Dröse, William; Ibarra-Issassi, Javier; Sendoya, Sebastian F","Taxonomic and functional diversity of foliage-dwelling ants in conventional and organic agroecosystems in southern Brazil: A landscape perspective","Ecological Entomology","","","","","","2025","2026-06-21 20:18:19","2026-06-21 20:18:19","","101–114","","1","50","","","","","","","","Wiley Online Library","","","","","","","","","","","","","","","","","","","","","","","","","","","","","","","","","","","","","","","","","","","","","","","","","","","","","","","","","","","",""
"WF2JZJ7L","journalArticle","2025","Chen, Yunjie; Chen, Yuying; Wang, Wenqiang","Assembly Processes and Co-occurrence Networks of Core and Random Bacterial Communities in Cryoconite-Related Habitats on the Tibetan Plateau","Geomicrobiology Journal","","","","","","2025","2026-06-21 20:18:19","2026-06-21 20:18:19","","805–817","","9","42","","","","","","","","Taylor & Francis","","","","","","","","","","","","","","","","","","","","","","","","","","","","","","","","","","","","","","","","","","","","","","","","","","","","","","","","","","","",""
"B32BBBQE","journalArticle","2025","Wani, Mohammad Kafeel; Ahmad, Peer Bilal","One-Inflated Zero-Truncated Poisson Distribution: Statistical Properties and Real Life Applications","Annals of Data Science","","","","","","2025","2026-06-21 20:18:19","2026-06-21 20:18:19","","639–666","","2","12","","","","","","","","Springer","","","","","","","","","","","","","","","","","","","","","","","","","","","","","","","","","","","","","","","","","","","","","","","","","","","","","","","","","","","",""
"UV4GTBEU","journalArticle","2025","HariKrishna, Mamidi; Vinod, Degavath; Desai, Sourab; Mahesha, Amai","A multivariate index-flood approach for flood frequency analysis of ungauged watersheds: a case study on state of Kerala in India","Acta Geophysica","","","","","","2025","2026-06-21 20:18:19","2026-06-21 20:18:19","","4691–4708","","5","73","","","","","","","","Springer","","","","","","","","","","","","","","","","","","","","","","","","","","","","","","","","","","","","","","","","","","","","","","","","","","","","","","","","","","","",""
"7ZHDZBGV","journalArticle","2025","Kingston, Alexandra CN; Lucia, Rebecca L; Chappell, Daniel R; Mierow, Tanner T; Speiser, Daniel I","Shock wave-damping orbital hoods cover the eyes of snapping shrimp (Alpheus heterochaelis) without impairing spatial vision","Journal of Experimental Biology","","","","","","2025","2026-06-21 20:18:19","2026-06-21 20:18:19","","jeb250592","","12","228","","","","","","","","The Company of Biologists","","","","","","","","","","","","","","","","","","","","","","","","","","","","","","","","","","","","","","","","","","","","","","","","","","","","","","","","","","","",""
"ALVFD2FT","journalArticle","2025","Correia, Tamires P; Veloso, Gustavo V; Lyra, Gustavo B; Michel, Roberto F; Fernandes Filho, Elpídio Inácio; Schaefer, Carlos Ernesto; Justino, Flavio B; Francelino, Marcio R","Temporal trend and dynamics of the active layer at different monitoring points in Maritime Antarctica and Peninsula","Anais da Academia Brasileira de Ciências","","","","","","2025","2026-06-21 20:18:19","2026-06-21 20:18:19","","e20240586","","4","97","","","","","","","","SciELO Brasil","","","","","","","","","","","","","","","","","","","","","","","","","","","","","","","","","","","","","","","","","","","","","","","","","","","","","","","","","","","",""
"IG2NSC7J","journalArticle","2025","Pamornchainavakul, Nakarin; Paploski, Igor AD; Makau, Dennis N; Baker, Julia P; Huang, Jing; Ferreira, Clarissa P; Corzo, Cesar A; Rovira, Albert; Cheeran, Maxim CJ; Lycett, Samantha; others","Experimental evidence of vaccine-driven evolution of porcine reproductive and respiratory syndrome virus type 2","Virus Evolution","","","","","","2025","2026-06-21 20:18:19","2026-06-21 20:18:19","","veaf056","","1","11","","","","","","","","Oxford University Press","","","","","","","","","","","","","","","","","","","","","","","","","","","","","","","","","","","","","","","","","","","","","","","","","","","","","","","","","","","",""
"SFQXF33W","journalArticle","2025","Wu, Xing Zheng","PileBetaGR: An R-based integrative tool for predicting the geometric reliability index of piles using load-displacement curves","SoftwareX","","","","","","2025","2026-06-21 20:18:19","2026-06-21 20:18:19","","102123","","","30","","","","","","","","Elsevier","","","","","","","","","","","","","","","","","","","","","","","","","","","","","","","","","","","","","","","","","","","","","","","","","","","","","","","","","","","",""
"RF2K8YBM","journalArticle","2025","Qasim, SM; Farooquie, Parveen; Jamali, MD Ashraf","Analysis of railways secondary queue waitlisted passengers: a data-driven queueing science comparison using M/M/C/K and G/G/C/K models","OPSEARCH","","","","","","2025","2026-06-21 20:18:19","2026-06-21 20:18:19","","1–31","","","","","","","","","","","Springer","","","","","","","","","","","","","","","","","","","","","","","","","","","","","","","","","","","","","","","","","","","","","","","","","","","","","","","","","","","",""
"YW5D6NIT","journalArticle","2025","Véle, Adam; Fulín, Martin; Rokaya, Maan Bahadur; Bílá, Karolína; others","Effects of tree characteristics and climatic conditions on gall midge abundance on European beech (Fagus sylvatica L.)","Journal of Forest Science","","","","","","2025","2026-06-21 20:18:19","2026-06-21 20:18:19","","565–573","","11","71","","","","","","","","Journal of Forest Science","","","","","","","","","","","","","","","","","","","","","","","","","","","","","","","","","","","","","","","","","","","","","","","","","","","","","","","","","","","",""
"MPQSFWXQ","journalArticle","2025","Thorley, Joe; Fisher, Rebecca; Fox, David; Schwarz, Carl","ssdtools v2: An R package to fit Species Sensitivity Distributions","Journal of Open Source Software","","","","","","2025","2026-06-21 20:18:19","2026-06-21 20:18:19","","7492","","105","10","","","","","","","","","","","","","","","","","","","","","","","","","","","","","","","","","","","","","","","","","","","","","","","","","","","","","","","","","","","","","","","","","","","",""
"HFJ4C8I7","journalArticle","2025","Zhang, Menghua; Peng, Mengjiao; Zhou, Yong","Semi-supervised learning for various comparison functions across two populations","Statistical Papers","","","","","","2025","2026-06-21 20:18:19","2026-06-21 20:18:19","","18","","1","66","","","","","","","","Springer","","","","","","","","","","","","","","","","","","","","","","","","","","","","","","","","","","","","","","","","","","","","","","","","","","","","","","","","","","","",""
"QKNYJMK2","journalArticle","2025","Papadopoulou, Dimitra; Raptis, Dimitrios; Kazana, Vassiliki; Tsitsoni, Thekla","Structure and dynamics of deadwood in the mixed beech-conifers Frakto virgin forest of Greece","Annals of Forest Research","","","","","","2025","2026-06-21 20:18:19","2026-06-21 20:18:19","","3–16","","2","68","","","","","","","","","","","","","","","","","","","","","","","","","","","","","","","","","","","","","","","","","","","","","","","","","","","","","","","","","","","","","","","","","","","",""
"P6TVDV73","journalArticle","2025","Mican, Camilo; Martínez-Ruiz, Yessenia; Manotas-Duque, Diego Fernando","LCOE at risk in different locations in Colombia","International Journal of Sustainable Energy Planning and Management","","","","","","2025","2026-06-21 20:18:19","2026-06-21 20:18:19","","73–90","","","44","","","","","","","","","","","","","","","","","","","","","","","","","","","","","","","","","","","","","","","","","","","","","","","","","","","","","","","","","","","","","","","","","","","",""
"UZUBHWH9","journalArticle","2025","Gallo-Cardozo, Flavio; Carvajal-Vallejos, Fernando M; Careaga, Matías; Herbas, Laura; Goitia, Edgar; Maldonado, Mabel","Population dynamics of two Andean Trichomycterus (Siluriformes: Trichomycteridae) species from Bolivia","Neotropical Ichthyology","","","","","","2025","2026-06-21 20:18:19","2026-06-21 20:18:19","","e240070","","","23","","","","","","","","SciELO Brasil","","","","","","","","","","","","","","","","","","","","","","","","","","","","","","","","","","","","","","","","","","","","","","","","","","","","","","","","","","","",""
"UYIIS8QM","journalArticle","2025","Pearse, Alan R; Bondell, Howard","Power-divergence copulas: A new class of Archimedean copulas, with an insurance application","arXiv preprint arXiv:2510.06177","","","","","","2025","2026-06-21 20:18:19","2026-06-21 20:18:19","","","","","","","","","","","","","","","","","","","","","","","","","","","","","","","","","","","","","","","","","","","","","","","","","","","","","","","","","","","","","","","","","","","","","","","","",""
"UZ7H8YLM","journalArticle","2025","Vila, Roberto; Saulo, Helton","An unbiased estimator of a novel extended mth Gini index for gamma distributed populations","Journal of Computational and Applied Mathematics","","","","","","2025","2026-06-21 20:18:19","2026-06-21 20:18:19","","117320","","","","","","","","","","","Elsevier","","","","","","","","","","","","","","","","","","","","","","","","","","","","","","","","","","","","","","","","","","","","","","","","","","","","","","","","","","","",""
"H87VAPYR","journalArticle","2025","Wu, Panlong; Zhao, Yi; Yang, Jinyi; Wu, Keyuan; Bai, Jinrui","Managed honeybees and soil nitrogen availability interactively modulate sunflower production in intensive agricultural landscapes of China","Journal of Economic Entomology","","","","","","2025","2026-06-21 20:18:19","2026-06-21 20:18:19","","19–27","","1","118","","","","","","","","Oxford University Press US","","","","","","","","","","","","","","","","","","","","","","","","","","","","","","","","","","","","","","","","","","","","","","","","","","","","","","","","","","","",""
"LJYIJVMQ","thesis","2025","Campo Jr, Frank Mario","Developing a Long-Term Wetland Monitoring Framework Through the Integration of Remote Sensing Techniques and Ground-Based Data Collection","","","","","","","2025","2026-06-21 20:18:19","2026-06-21 20:18:19","","","","","","","","","","","","","Southeastern Louisiana University","","","","Master's Thesis","","","","","","","","","","","","","","","","","","","","","","","","","","","","","","","","","","","","","","","","","","","","","","","","","","","","","","","",""
"I9GWB9N3","journalArticle","2025","Lucas, Anastasia; Reale, McKenna; Wolf, Yuri I; Duong, Bryant; Zhang, Yichi; Wickramasinghe, Jayamanna; Behlman, Lindsey; Jones, Steven M; Higgins, Stephanie; Moustafa, Ahmed M; others","Taxonomy-free fecal microbiome profiles enable robust prediction of immunotherapy response and toxicity in melanoma","bioRxiv","","","","","","2025","2026-06-21 20:18:19","2026-06-21 20:18:19","","2025–11","","","","","","","","","","","Cold Spring Harbor Laboratory","","","","","","","","","","","","","","","","","","","","","","","","","","","","","","","","","","","","","","","","","","","","","","","","","","","","","","","","","","","",""
"6A4MIU69","journalArticle","2025","Chugh, Sagrika; Shim, Heejung; McCarthy, Davis J","simPIC: flexible simulation of paired-insertion counts for single-cell ATAC sequencing data","bioRxiv","","","","","","2025","2026-06-21 20:18:19","2026-06-21 20:18:19","","","","","","","","","","","","","","","","","","","","","","","","","","","","","","","","","","","","","","","","","","","","","","","","","","","","","","","","","","","","","","","","","","","","","","","","",""
"N68T33PW","journalArticle","2025","Pozzi, Adrien CM; Shaw, Ruth G; May, Georgiana","The geographic scale of population-level variation in growth and nodulation differs for two species of prairie clover","American journal of botany","","","","","","2025","2026-06-21 20:18:19","2026-06-21 20:18:19","","e16450","","1","112","","","","","","","","Wiley Online Library","","","","","","","","","","","","","","","","","","","","","","","","","","","","","","","","","","","","","","","","","","","","","","","","","","","","","","","","","","","",""
"E27B4YTU","thesis","2025","Lewis, Madeline","Mechanistic model development for the evaluation of infection risks following environmentally mediated transmission of Clostridioides difficile and Candida auris through the patient environment","","","","","","","2025","2026-06-21 20:18:19","2026-06-21 20:18:19","","","","","","","","","","","","","The Ohio State University","","","","PhD Thesis","","","","","","","","","","","","","","","","","","","","","","","","","","","","","","","","","","","","","","","","","","","","","","","","","","","","","","","",""
"XSXU3BH2","journalArticle","2025","Rossetti, Manuel D; Hashemian, Farid; Aghamohammadghasem, Maryam","Automated input distribution fitting based on multiple criteria for the Kotlin Simulation Library","Simulation Modelling Practice and Theory","","","","","","2025","2026-06-21 20:18:19","2026-06-21 20:18:19","","103251","","","","","","","","","","","Elsevier","","","","","","","","","","","","","","","","","","","","","","","","","","","","","","","","","","","","","","","","","","","","","","","","","","","","","","","","","","","",""
"HXAHTTBQ","journalArticle","2025","King'ori, Edward M; Chiyo, Patrick I; Behangana, Mathias","Unveiling the Hidden Threat: Diversity of Ticks Infesting the Critically Endangered Mountain Bongo in Kenya","African Journal of Ecology","","","","","","2025","2026-06-21 20:18:19","2026-06-21 20:18:19","","e70129","","8","63","","","","","","","","Wiley Online Library","","","","","","","","","","","","","","","","","","","","","","","","","","","","","","","","","","","","","","","","","","","","","","","","","","","","","","","","","","","",""
"EALT7AWQ","journalArticle","2025","Estreich, Harry; Bullock, Nicola; Osborne, Mark; Santos-Fernandez, Edgar; Wu, Paul Pao-Yen","An analysis of pacing profiles in sprint kayak racing using functional principal components and hidden Markov models","PLoS One","","","","","","2025","2026-06-21 20:18:19","2026-06-21 20:18:19","","e0326375","","7","20","","","","","","","","Public Library of Science San Francisco, CA USA","","","","","","","","","","","","","","","","","","","","","","","","","","","","","","","","","","","","","","","","","","","","","","","","","","","","","","","","","","","",""
"T3UR73GD","journalArticle","2025","Huang, Chin-Gi; Tseng, Yi-Cheng; Yu, Tsung-Han; Cheng, Hui-Ching; Tsai, Tsung-Ju; Ting, Jou-Hsin; Ho, Hsin-Yi; Lee, Ya-Zhe; Chiu, Yen-Chieh; Huang, Yu-Ting; others","The Impact of Administrative Districts and Urban Landscape on the Dispersal of Aedes aegypti via Genetic Differentiation","Molecular Ecology","","","","","","2025","2026-06-21 20:18:19","2026-06-21 20:18:19","","e17644","","3","34","","","","","","","","Wiley Online Library","","","","","","","","","","","","","","","","","","","","","","","","","","","","","","","","","","","","","","","","","","","","","","","","","","","","","","","","","","","",""
"HAII6HNZ","book","2025","Harbicht, Andrew; Asselin, Natalie C; Aubry, Éliane; Akaishi, Fabiola","Revue du stock de crabe commun (Cancer irroratus) du sud du golfe du Saint-Laurent jusqu'en 2023","","","","","","","2025","2026-06-21 20:18:19","2026-06-21 20:18:19","","","","","","","","","","","","","Secrétariat canadien de consultation scientifique (SCCS) Ottawa (Ontario)","","","","","","","","","","","","","","","","","","","","","","","","","","","","","","","","","","","","","","","","","","","","","","","","","","","","","","","","","","","",""
"8QQAJW72","thesis","2025","Bartolucci, Nia Nilanjana","Anthropogenic Impacts on Carbon and Nitrogen Cycling in Vegetated Coastal Ecosystems: Implications for Ecosystem Function and Resilience","","","","","","","2025","2026-06-21 20:18:19","2026-06-21 20:18:19","","","","","","","","","","","","","Boston University","","","","PhD Thesis","","","","","","","","","","","","","","","","","","","","","","","","","","","","","","","","","","","","","","","","","","","","","","","","","","","","","","","",""
"TXYH2N42","journalArticle","2025","Sieder, Mike; Schänzlin, Jörg; Kaluza, Christian; Krug, Sebastian","Durchlaufwirkung von HBV-Decken: Durchlaufwirkung von Holz-Beton-Verbunddecken für die Anwendung im Mehrgeschoss-und Bürobau","BBSR-Online-Publikation","","","","","","2025","2026-06-21 20:18:19","2026-06-21 20:18:19","","1–221","","04/2025","","","","","","","","","","","","","","","","","","","","","","","","","","","","","","","","","","","","","","","","","","","","","","","","","","","","","","","","","","","","","","","","","","","","",""
"9I5HHLFX","journalArticle","2025","Ono, Yuri; Ishida, Atsushi","Competition and Investment Model of Wealth Distribution","arXiv preprint arXiv:2505.10818","","","","","","2025","2026-06-21 20:18:19","2026-06-21 20:18:19","","","","","","","","","","","","","","","","","","","","","","","","","","","","","","","","","","","","","","","","","","","","","","","","","","","","","","","","","","","","","","","","","","","","","","","","",""
"ZRQULQQR","journalArticle","2025","Levy, Joseph S; Subak, Thomas F; Armstrong, Ian; King, Izzy; Kuang, Lingfeng; Kuentz, Lily; Gearon, James H; Naylor, Sophie; Rapoza, MC; Wang, Haobo","Martian Chaos terrain fracture geometry indicates drainage and compaction of laterally heterogeneous confined aquifers","Icarus","","","","","","2025","2026-06-21 20:18:19","2026-06-21 20:18:19","","116377","","","426","","","","","","","","Elsevier","","","","","","","","","","","","","","","","","","","","","","","","","","","","","","","","","","","","","","","","","","","","","","","","","","","","","","","","","","","",""
"RC4VM39P","journalArticle","2025","Palavecino, Cintia C; Cuervo, Pablo F; Fantozzi, María C; Bontempi, Ivan A; Ruiz, Marcelo F; Marengo, Rafael E; Beldomenico, Pablo M; Racca, Andrea L","Environmental Challenges and Co-Infection Modulate Resistance and Tolerance Against Trypanosoma Cruzi and Trichinella Spiralis in Rats","Journal of Experimental Zoology Part A: Ecological and Integrative Physiology","","","","","","2025","2026-06-21 20:18:19","2026-06-21 20:18:19","","438–451","","3","343","","","","","","","","Wiley Online Library","","","","","","","","","","","","","","","","","","","","","","","","","","","","","","","","","","","","","","","","","","","","","","","","","","","","","","","","","","","",""
"DIC3G568","journalArticle","2025","Vojinović, Una; Schoenmakers, Tom; Deneer, Ruben; Leers, Mathie PG; Van Rosmalen, Frank; Gorissen, Stefan HM; Verboeket-van de Venne, Wilhelmine PHG; Van Mook, Walther NKA; Van Bussel, Bas CT; Savelkoul, Paul; others","Earlier de-isolation of SARS-CoV-2-infected ICU patients using a novel viability PCR: a prospective cohort study","Microbiology spectrum","","","","","","2025","2026-06-21 20:18:19","2026-06-21 20:18:19","","e01140–25","","1","14","","","","","","","","American Society for Microbiology 1752 N St., NW, Washington, DC","","","","","","","","","","","","","","","","","","","","","","","","","","","","","","","","","","","","","","","","","","","","","","","","","","","","","","","","","","","",""
"LC6ZC7HM","journalArticle","2025","Vaca-Genuit, Raul A; Reyes-Hernández, Humberto","Análisis del peligro de sequía meteorológica y percepción social del fenómeno en las regiones Media y Huasteca Potosina, México","Investigaciones geográficas","","","","","","2025","2026-06-21 20:18:19","2026-06-21 20:18:19","","","","116","","","","","","","","","Instituto de Geografía, UNAM","","","","","","","","","","","","","","","","","","","","","","","","","","","","","","","","","","","","","","","","","","","","","","","","","","","","","","","","","","","",""
"LIF56NN9","journalArticle","2025","Wolff, Jette; Fandos, Guillermo; Albert, Cécile H; Bocedi, Greta; Travis, Justin MJ; Zurell, Damaris","Landscape context drives within-species variation in dispersal kernels and limits transferability","bioRxiv","","","","","","2025","2026-06-21 20:18:19","2026-06-21 20:18:19","","2025–11","","","","","","","","","","","Cold Spring Harbor Laboratory","","","","","","","","","","","","","","","","","","","","","","","","","","","","","","","","","","","","","","","","","","","","","","","","","","","","","","","","","","","",""
"ELIC7B9Q","journalArticle","2025","Bester, Laura Catherine; Wege, Mia; Weldon, Christopher W; Pirk, Christian Walter Werner","The influence of sub-lethal neonicotinoid doses and ambient temperature on individual Apis mellifera scutellata flight efficiency","Journal of Apicultural Research","","","","","","2025","2026-06-21 20:18:19","2026-06-21 20:18:19","","242–253","","1","64","","","","","","","","Taylor & Francis","","","","","","","","","","","","","","","","","","","","","","","","","","","","","","","","","","","","","","","","","","","","","","","","","","","","","","","","","","","",""
"SVYII7EZ","journalArticle","2025","De-Sousa, Karolini Tenffen; Miranda, Catiucia Oliveira; Negrao, Joao Alberto; Vercesi Filho, Aníbal Eugênio; Salles, Marcia Saladini Vieira; Simili, Flavia Fernanda; El Faro, Lenira","Effects of brushing dairy calves on behaviour, physiology and genes expression","Applied Animal Behaviour Science","","","","","","2025","2026-06-21 20:18:19","2026-06-21 20:18:19","","106456","","","282","","","","","","","","Elsevier","","","","","","","","","","","","","","","","","","","","","","","","","","","","","","","","","","","","","","","","","","","","","","","","","","","","","","","","","","","",""
"MP23LP7B","journalArticle","2025","Cobarrubia-Russo, Sergio; Briceno, Yurasi; Sanchez, Leonardo; Velasquez, Grisel; Thielen, Dirk; Quintero-Torres, Enrique; Molero-Lizarraga, Alimar; Rodriguez, Jon Paul","Overlap of predator foraging and fishing over a cyclical annual biomass source in the South Caribbean","Regional Studies in Marine Science","","","","","","2025","2026-06-21 20:18:19","2026-06-21 20:18:19","","103936","","","81","","","","","","","","Elsevier","","","","","","","","","","","","","","","","","","","","","","","","","","","","","","","","","","","","","","","","","","","","","","","","","","","","","","","","","","","",""
"J7WZADSC","journalArticle","2025","Tramontana, Daniel; Franchini, Marcello; Giannerini, Sauro; Labate, Antonella; Cortesi, Claudio; Sorrenti, Michele","Common snipe (Gallinago gallinago) population trend using 12 years of data across different Italian regions","The Journal of Wildlife Management","","","","","","2025","2026-06-21 20:18:19","2026-06-21 20:18:19","","e22711","","3","89","","","","","","","","Wiley Online Library","","","","","","","","","","","","","","","","","","","","","","","","","","","","","","","","","","","","","","","","","","","","","","","","","","","","","","","","","","","",""
"9FG9BKXS","thesis","2025","Leroy, Valentine","Analyse de l'impact des trackers biaxes sur la biodiversité en grandes cultures et en prairies","","","","","","","2025","2026-06-21 20:18:19","2026-06-21 20:18:19","","","","","","","","","","","","","Université de Picardie-Jules Verne","","","","PhD Thesis","","","","","","","","","","","","","","","","","","","","","","","","","","","","","","","","","","","","","","","","","","","","","","","","","","","","","","","",""
"UCL3JRJR","journalArticle","2025","Besalú Mayol, Mireia; Langohr, Klaus; Francisco, Matilde; Garcia Fernández, Arnau; Gómez Melis, Guadalupe","R package GofCens: goodness-of-fit methods for right-censored data","R Journal","","","","","","2025","2026-06-21 20:18:19","2026-06-21 20:18:19","","100–124","","3","17","","","","","","","","","","","","","","","","","","","","","","","","","","","","","","","","","","","","","","","","","","","","","","","","","","","","","","","","","","","","","","","","","","","",""
"54BFU2LY","conferencePaper","2025","Caeiro, Frederico; Cardoso, Rui MR; Mateus, Ayana","Lifetime distributions: A review","AIP Conference Proceedings","","","","","","2025","2026-06-21 20:18:19","2026-06-21 20:18:19","","","","1","3315","","","","","","","","AIP Publishing","","","","","","","","","","","","","","","","","","","","","","","","","","","","","","","","","","","","","","","","","","","","","","","","","","","","","","","","","","","",""
"UMM6RLKJ","journalArticle","2025","Rivera-Ruiz, David Alfonso; Flores-Martínez, José Juan; Rosales, Carlos; Falcón, Luisa I; Solano de la Cruz, Marco Tulio; Herrera M, L Gerardo","Total immunoglobulin G variation through the phenological cycle of migrant and resident Long-nosed bats (Leptonycteris yerbabuenae) in the drylands of Mexico and its relationship with bacterial-killing ability of plasma","bioRxiv","","","","","","2025","2026-06-21 20:18:19","2026-06-21 20:18:19","","2025–06","","","","","","","","","","","Cold Spring Harbor Laboratory","","","","","","","","","","","","","","","","","","","","","","","","","","","","","","","","","","","","","","","","","","","","","","","","","","","","","","","","","","","",""
"PHQGTKCM","conferencePaper","2025","Leech, Sonya; Malone, David; Dunne, Jonathan","Lost In Rounding: How Small Data Adjustments Create Statistical Problems For MLE And MME","2025 35th Irish Signals and Systems Conference (ISSC)","","","","","","2025","2026-06-21 20:18:19","2026-06-21 20:18:19","","1–6","","","","","","","","","","","IEEE","","","","","","","","","","","","","","","","","","","","","","","","","","","","","","","","","","","","","","","","","","","","","","","","","","","","","","","","","","","",""
"PXL6XHQP","journalArticle","2025","Kiani, Nariman; Abubakar, Kabeer; Petanjek, Tin Luka; Esclapez, Monique; Ivanov, Anton; Bernard, Christophe","Dorso-Ventral and Night-Day Regulation of Extracellular K+ Dynamics in Mouse Hippocampal Astrocytes","bioRxiv","","","","","","2025","2026-06-21 20:18:19","2026-06-21 20:18:19","","2025–10","","","","","","","","","","","Cold Spring Harbor Laboratory","","","","","","","","","","","","","","","","","","","","","","","","","","","","","","","","","","","","","","","","","","","","","","","","","","","","","","","","","","","",""
"WIMNMBXC","journalArticle","2025","Pavón-Peláez, Camila; Martínez Villar, Mauro; Franco-Trecu, Valentina; Albo, Maria J","When all males cheat post-copulatory competition limits worthless gift-giving frequency in spiders","Evolutionary Ecology","","","","","","2025","2026-06-21 20:18:19","2026-06-21 20:18:19","","1–21","","1","39","","","","","","","","Springer","","","","","","","","","","","","","","","","","","","","","","","","","","","","","","","","","","","","","","","","","","","","","","","","","","","","","","","","","","","",""
"CVTN3S8Q","journalArticle","2025","Lee, Chun-Han; Tseng, Chih-Chen; Liu, Li-yu Daisy; Chen, Tsu-Wei","The Fallacy and Bias of Averages on Vegetation Indices based Plant Phenotyping","bioRxiv","","","","","","2025","2026-06-21 20:18:19","2026-06-21 20:18:19","","2025–10","","","","","","","","","","","Cold Spring Harbor Laboratory","","","","","","","","","","","","","","","","","","","","","","","","","","","","","","","","","","","","","","","","","","","","","","","","","","","","","","","","","","","",""
"UMV8TCXH","thesis","2025","Blondiaux, Paul","Evaluation et incorporation de l'incertitude dans des modèles prédictifs des émissions de méthane entérique des ruminants","","","","","","","2025","2026-06-21 20:18:19","2026-06-21 20:18:19","","","","","","","","","","","","","Université Paris-Saclay","","","","PhD Thesis","","","","","","","","","","","","","","","","","","","","","","","","","","","","","","","","","","","","","","","","","","","","","","","","","","","","","","","",""
"RKC6UAA8","journalArticle","2025","Borchers, Conrad","Toward Sufficient Statistical Power in Algorithmic Bias Assessment: A Test for ABROCA","arXiv preprint arXiv:2501.04683","","","","","","2025","2026-06-21 20:18:19","2026-06-21 20:18:19","","","","","","","","","","","","","","","","","","","","","","","","","","","","","","","","","","","","","","","","","","","","","","","","","","","","","","","","","","","","","","","","","","","","","","","","",""
"9JQGS7VJ","book","2025","Rüther, Tom","Elektrochemische Charakterisierung und systemtechnische Diagnose von Lithium-Ionen-Batterien","","","","","","","2025","2026-06-21 20:18:19","2026-06-21 20:18:19","","","","","","","","","","","","","Universitaet Bayreuth (Germany)","","","","","","","","","","","","","","","","","","","","","","","","","","","","","","","","","","","","","","","","","","","","","","","","","","","","","","","","","","","",""
"CXQDDMHM","journalArticle","2025","Loughrey, Ciara; Carnielli, Juliana BT; Dey, Shoumit; Ashwin, Helen; James, Sally; Gilbert, Lesley; Donninger, Samantha; Droop, Alastair; Calder, Grant; Hogg, Karen; others","Bi-directional highways and super-seeder tissues underpin parasite dissemination in experimental visceral leishmaniasis.","bioRxiv","","","","","","2025","2026-06-21 20:18:19","2026-06-21 20:18:19","","2025–12","","","","","","","","","","","Cold Spring Harbor Laboratory","","","","","","","","","","","","","","","","","","","","","","","","","","","","","","","","","","","","","","","","","","","","","","","","","","","","","","","","","","","",""
"ZMC9X739","journalArticle","2025","Ferreira, Tiago de Souza; Tetto, Alexandre França; Kovalsyki, Bruna; Santos, João Francisco Labres dos; Marcon, Amanda Köche; Batista, Antônio Carlos","Diversidade, estrutura e ecologia de uma comunidade arbóreo-arbustiva estabelecida em um ecótono campo-floresta excluído do fogo no sul do Brasil","Ciência Florestal","","","","","","2025","2026-06-21 20:18:19","2026-06-21 20:18:19","","e68951","","","35","","","","","","","","SciELO Brasil","","","","","","","","","","","","","","","","","","","","","","","","","","","","","","","","","","","","","","","","","","","","","","","","","","","","","","","","","","","",""
"DQGUM8E8","journalArticle","2025","van Laar, Thirza W; Licón-Saláiz, José; Bechtold, Michel; Gutsch, Martin; Hattermann, Fred; Hoffman, Peter; Nieberg, Mats; Sakschewski, Boris; Treu, Simon; Volkholz, Jan; others","Attributing extreme forest drought stress to climate change and effects of converting forests in Germany","","","","","","","2025","2026-06-21 20:18:19","2026-06-21 20:18:19","","","","","","","","","","","","","","","","","","","","","","","","","","","","","","","","","","","","","","","","","","","","","","","","","","","","","","","","","","","","","","","","","","","","","","","","",""
"6URVENAW","journalArticle","2025","Castellano Bueno, Janire; Paraskevopoulou, Alexandra; Miller, Christopher W; Petkov, Christopher I; Schmid, Michael C; Thiele, Alexander; Bateson, Melissa; Poirier, Colline","Effect of fluid control on the affective state of laboratory macaques","bioRxiv","","","","","","2025","2026-06-21 20:18:19","2026-06-21 20:18:19","","2025–10","","","","","","","","","","","Cold Spring Harbor Laboratory","","","","","","","","","","","","","","","","","","","","","","","","","","","","","","","","","","","","","","","","","","","","","","","","","","","","","","","","","","","",""
"MCSS9MRS","journalArticle","2025","Bradford, John C; Robinson, Jennifer L","Endogenous Estrogen-Mimetic Compounds in Cell Culture Media Influence Human Mesenchymal Stromal Cell (hMSC) Processes and Differentiation in a Sex-Biased Manner","bioRxiv","","","","","","2025","2026-06-21 20:18:19","2026-06-21 20:18:19","","2025–05","","","","","","","","","","","Cold Spring Harbor Laboratory","","","","","","","","","","","","","","","","","","","","","","","","","","","","","","","","","","","","","","","","","","","","","","","","","","","","","","","","","","","",""
"SKY4Z79N","journalArticle","2025","Chappa, Merbelita Yalta; Angeles, Wildor Gosgot; Quispe-Sanchez, Luz; Servan, Diana Carina Mori; Gomez, Homar Santillan; Oliva-Cruz, Manuel; Gurbillón, Miguel Ángel Barrena","Journal of Agriculture and Food Research","Journal of Agriculture and Food Research","","","","","","2025","2026-06-21 20:18:19","2026-06-21 20:18:19","","101696","","","19","","","","","","","","","","","","","","","","","","","","","","","","","","","","","","","","","","","","","","","","","","","","","","","","","","","","","","","","","","","","","","","","","","","",""
"6N7SATJA","document","2025","Kérébel, Adrien; Sackur, Jérôme","Dynamics of the Stream of Thought: Insights from an Accumulation-to-Threshold Model","","","","","","","2025","2026-06-21 20:18:19","2026-06-21 20:18:19","","","","","","","","","","","","","OSF","","","","","","","","","","","","","","","","","","","","","","","","","","","","","","","","","","","","","","","","","","","","","","","","","","","","","","","","","","","",""
"T3FKIEV5","journalArticle","2025","Bénard, Annaëlle; Lengagne, Thierry","Experimental and Simulated Approaches to Roadkill Persistence: Implications for Road Mortality Assessment","bioRxiv","","","","","","2025","2026-06-21 20:18:19","2026-06-21 20:18:19","","2025–07","","","","","","","","","","","Cold Spring Harbor Laboratory","","","","","","","","","","","","","","","","","","","","","","","","","","","","","","","","","","","","","","","","","","","","","","","","","","","","","","","","","","","",""
"C4J7NB8U","journalArticle","2025","Camilleri, Stephen","`Happy Children'A project that has the aim of developing emotional literacy and conflict resolution skills. A Maltese Case Study","Pastoral Care in Education","","","","","","2025","2026-06-21 20:18:19","2026-06-21 20:18:19","","","","","","","","","","","","","","","","","","","","","","","","","","","","","","","","","","","","","","","","","","","","","","","","","","","","","","","","","","","","","","","","","","","","","","","","",""
"RS83SHCS","journalArticle","2025","Ferreira, Tiago de Souza; Tetto, Alexandre França; Kovalsyki, Bruna; Santos, João Francisco Labres dos; Marcon, Amanda Köche; Batista, Antônio Carlos","Diversity, structure and ecology of a tree-shrub community established in a fire-excluded forest-grassland ecotone in southern Brazil","Ciência Florestal","","","","","","2025","2026-06-21 20:18:19","2026-06-21 20:18:19","","e68951","","","35","","","","","","","","SciELO Brasil","","","","","","","","","","","","","","","","","","","","","","","","","","","","","","","","","","","","","","","","","","","","","","","","","","","","","","","","","","","",""
"MFC52K28","thesis","2025","Fordyce, Alexander John","Toward a framework for predicting structural decay on coral reefs following extreme marine heatwaves","","","","","","","2025","2026-06-21 20:18:19","2026-06-21 20:18:19","","","","","","","","","","","","","Open Research Newcastle","","","","PhD Thesis","","","","","","","","","","","","","","","","","","","","","","","","","","","","","","","","","","","","","","","","","","","","","","","","","","","","","","","",""
"AYMF9DZQ","journalArticle","2025","Worley, Jeremy; Noh, Heeju; You, Daoqi; Turunen, Mikko M; Ding, Hongxu; Paull, Evan; Griffin, Aaron T; Grunn, Adina; Zhang, Mingxuan; Guillan, Kristina; others","Identification and pharmacological targeting of treatment-resistant, stem-like breast cancer cells for combination therapy","bioRxiv","","","","","","2025","2026-06-21 20:18:19","2026-06-21 20:18:19","","2023–11","","","","","","","","","","","","","","","","","","","","","","","","","","","","","","","","","","","","","","","","","","","","","","","","","","","","","","","","","","","","","","","","","","","","","","",""
"C5MUGHAC","journalArticle","2025","Alrefae, Mr Tarek","Predicting the spatio-temporal reproductive potential of Aedes aegypti","International Journal of Infectious Diseases","","","","","","2025","2026-06-21 20:18:19","2026-06-21 20:18:19","","107695","","","152","","","","","","","","Elsevier","","","","","","","","","","","","","","","","","","","","","","","","","","","","","","","","","","","","","","","","","","","","","","","","","","","","","","","","","","","",""
"ZLTQYJQ5","journalArticle","2025","Rakitzis, Athanasios C","On The Performance of a Two-Sided Shewhart Chart for Continuous Proportions with Estimated Parameters","arXiv preprint arXiv:2502.02296","","","","","","2025","2026-06-21 20:18:19","2026-06-21 20:18:19","","","","","","","","","","","","","","","","","","","","","","","","","","","","","","","","","","","","","","","","","","","","","","","","","","","","","","","","","","","","","","","","","","","","","","","","",""
"WB5U77JB","journalArticle","2025","Vaca-Genuit, Raul A; Reyes-Hernández, Humberto","Analysis of the meteorological risk of drought and the social perception of the phenomenon in the Media and Huasteca Potosina regions of Mexico","Investigaciones geográficas","","","","","","2025","2026-06-21 20:18:19","2026-06-21 20:18:19","","","","116","","","","","","","","","","","","","","","","","","","","","","","","","","","","","","","","","","","","","","","","","","","","","","","","","","","","","","","","","","","","","","","","","","","","",""
"8IY8FFA4","journalArticle","2025","Umbra, Robin; Fasbender, Ulrike","The daily relations between","","","","","","","2025","2026-06-21 20:18:19","2026-06-21 20:18:19","","","","","","","","","","","","","","","","","","","","","","","","","","","","","","","","","","","","","","","","","","","","","","","","","","","","","","","","","","","","","","","","","","","","","","","","",""
"TWEIG7U9","journalArticle","2025","Chalkowski, Kayleigh; Sack, Alexandra; Wittemyer, George; Miller, Ryan S; Boughton, Raoul K; Raymond, William S; Snow, Nathan P; Beasley, Jim C; Ditchkoff, Stephen S; Evans, Tyler S; others","Predicting animal movement across the species range for landscape-scale applications","bioRxiv","","","","","","2025","2026-06-21 20:18:19","2026-06-21 20:18:19","","2025–06","","","","","","","","","","","Cold Spring Harbor Laboratory","","","","","","","","","","","","","","","","","","","","","","","","","","","","","","","","","","","","","","","","","","","","","","","","","","","","","","","","","","","",""
"JYMDIZA8","book","2025","Harbicht, Andrew; Asselin, Natalie C; Aubry, Éliane; Akaishi, Fabiola","Southern Gulf of St. Lawrence Atlantic Rock Crab (Cancer Irroratus) Stock Review to 2023","","","","","","","2025","2026-06-21 20:18:19","2026-06-21 20:18:19","","","","","","","","","","","","","Canadian Science Advisory Secretariat (CSAS)","","","","","","","","","","","","","","","","","","","","","","","","","","","","","","","","","","","","","","","","","","","","","","","","","","","","","","","","","","","",""
"CBVGMLW3","journalArticle","2025","Vila, Roberto; Saulo, Helton","Unbiased estimation in new Gini index extensions under gamma distributions","arXiv preprint arXiv:2506.00666","","","","","","2025","2026-06-21 20:18:19","2026-06-21 20:18:19","","","","","","","","","","","","","","","","","","","","","","","","","","","","","","","","","","","","","","","","","","","","","","","","","","","","","","","","","","","","","","","","","","","","","","","","",""
"C86F6ABY","journalArticle","2025","Daeschel, Devin; Chen, Long; Zoellner, Claire; Snyder, Abigail B","A simulation model to quantify the efficacy of dry cleaning interventions on a contaminated milk powder line","Applied and Environmental Microbiology","","","","","","2025","2026-06-21 20:18:19","2026-06-21 20:18:19","","e02086–24","","5","91","","","","","","","","American Society for Microbiology 1752 N St., NW, Washington, DC","","","","","","","","","","","","","","","","","","","","","","","","","","","","","","","","","","","","","","","","","","","","","","","","","","","","","","","","","","","",""
"9PP6Y39X","journalArticle","2025","Hurtado-Beltran, Antonio; Pérez-Cruz, José R; Madrigal-Arteaga, Víctor M","Impact of stochastic vehicle generation on traffic microsimulation model output","SIMULATION","","","","","","2025","2026-06-21 20:18:19","2026-06-21 20:18:19","","87–100","","1","101","","","","","","","","Sage Publications Sage UK: London, England","","","","","","","","","","","","","","","","","","","","","","","","","","","","","","","","","","","","","","","","","","","","","","","","","","","","","","","","","","","",""
"TBXSH5YA","journalArticle","2025","Ferguson, Elaine A; Lugelo, Ahmed; Czupryna, Anna; Anderson, Danni; Lankester, Felix; Sikana, Lwitiko; Dushoff, Jonathan; Hampson, Katie","Reducing spatial heterogeneity in coverage improves the effectiveness of dog vaccination campaigns against rabies","bioRxiv","","","","","","2025","2026-06-21 20:18:19","2026-06-21 20:18:19","","2024–10","","","","","","","","","","","","","","","","","","","","","","","","","","","","","","","","","","","","","","","","","","","","","","","","","","","","","","","","","","","","","","","","","","","","","","",""
"NKVVEER5","journalArticle","2025","Litovchenko, Daria; Matveev, Sergey; Mironenko, Alexey; Popova, Anna; Krutovsky, Konstantin","Species Composition of Phytocenoses, Structure, Viability, and Carbon Content of the Modal 120–140-Year-Old Pine Forest Stands in the East European Forest-Steppe","","","","","","","2025","2026-06-21 20:18:19","2026-06-21 20:18:19","","","","","","","","","","","","","Preprints","","","","","","","","","","","","","","","","","","","","","","","","","","","","","","","","","","","","","","","","","","","","","","","","","","","","","","","","","","","",""
"XKF2A5UX","journalArticle","2025","Donhauser, Jonathan; Han, Xingguo; Doménech-Pascual, Anna; Jordaan, Karen; Casas-Ruiz, Joan; Ramond, Jean-Baptiste; Romaní, Anna; Frossard, Aline; Priemé, Anders","Cross-continental soil prokaryotic phenotypic traits driven by precipitation regime and land cover","","","","","","","2025","2026-06-21 20:18:20","2026-06-21 20:18:20","","","","","","","","","","","","","","","","","","","","","","","","","","","","","","","","","","","","","","","","","","","","","","","","","","","","","","","","","","","","","","","","","","","","","","","","",""
"FP6SEVSN","thesis","2025","Doraisami, Mahendra","Variation in wood carbon concentrations as a driver of forest carbon storage across spatial and biological scales.","","","","","","","2025","2026-06-21 20:18:20","2026-06-21 20:18:20","","","","","","","","","","","","","","","","","PhD Thesis","","","","","","","","","","","","","","","","","","","","","","","","","","","","","","","","","","","","","","","","","","","","","","","","","","","","","","","",""
"L2STXXHI","journalArticle","2025","Saha, Mahendra; Pareek, Pratibha; Devi, Anju; Yadav, Abhimanyu S","PARAMETRIC ESTIMATION OF THE PROCESS CAPABILITY INDEX S”pk AND ITS APPLICATION TO ELECTRONIC INDUSTRIES","Reliability: Theory & Applications","","","","","","2025","2026-06-21 20:18:20","2026-06-21 20:18:20","","931–947","","4 (89)","20","","","","","","","","Интернет-сообщество Gnedenko Forum","","","","","","","","","","","","","","","","","","","","","","","","","","","","","","","","","","","","","","","","","","","","","","","","","","","","","","","","","","","",""
"5R3HC9PU","journalArticle","2025","Ramadhanti, Byan Aristia; Putro, Utomo Sarjono","Analytic Hierarchy Process-Based Decision Making for Selecting Yearly Vaccine Production Capacity Under Demand Uncertainty","European Journal of Business and Management Research","","","","","","2025","2026-06-21 20:18:20","2026-06-21 20:18:20","","103–111","","4","10","","","","","","","","","","","","","","","","","","","","","","","","","","","","","","","","","","","","","","","","","","","","","","","","","","","","","","","","","","","","","","","","","","","",""
"A5IBYDUP","journalArticle","2025","Elamir, Elsayed AH","Data Analytics and Distribution Function Estimation via Mean Absolute Deviation: Nonparametric Approach","REVSTAT-Statistical Journal","","","","","","2025","2026-06-21 20:18:20","2026-06-21 20:18:20","","79–100","","1","23","","","","","","","","","","","","","","","","","","","","","","","","","","","","","","","","","","","","","","","","","","","","","","","","","","","","","","","","","","","","","","","","","","","",""
"YA3UEAJI","journalArticle","2025","Yang, Jing; Cuenca-Cambronero, Maria; Lemmens, Pieter; Beklioğlu, Meryem; Biggs, Jeremy; Boissezon, Aurélie; Boix, Dani; Colina, Maite; Davidson, Thomas A; De Meester, Luc; others","Why ponds concentrate nutrients: the roles of internal features, land use, and climate","","","","","","","2025","2026-06-21 20:18:20","2026-06-21 20:18:20","","","","","","","","","","","","","","","","","","","","","","","","","","","","","","","","","","","","","","","","","","","","","","","","","","","","","","","","","","","","","","","","","","","","","","","","",""
"VZ35MDAL","report","2025","Camarena, José Andrée; Medina, Juan Pablo; Riera-Crichton, Daniel; Vegh, Carlos A; Vuletin, Guillermo","We Are Not in a Gaussian World Anymore: Implications for the Composition of Official Foreign Assets","","","","","","","2025","2026-06-21 20:18:20","2026-06-21 20:18:20","","","","","","","","","","","","","National Bureau of Economic Research","","","","","","","","","","","","","","","","","","","","","","","","","","","","","","","","","","","","","","","","","","","","","","","","","","","","","","","","","","","",""
"KF4B972C","journalArticle","2025","Grampp, Mathilde Léa","Social complexity shapes signal production and complexity in wild chimpanzees and sooty mangabeys","","","","","","","2025","2026-06-21 20:18:20","2026-06-21 20:18:20","","","","","","","","","","","","","","","","","","","","","","","","","","","","","","","","","","","","","","","","","","","","","","","","","","","","","","","","","","","","","","","","","","","","","","","","",""
"NL7W2JU3","bookSection","2025","Ivanov, Dmitry; Millhiser, William P; Nguyen, Phu","Computer Simulation: General Methodologies","Introduction to Operations and Supply Chain Simulation with AnyLogic","","","","","","2025","2026-06-21 20:18:20","2026-06-21 20:18:20","","1–25","","","","","","","","","","","Springer","","","","","","","","","","","","","","","","","","","","","","","","","","","","","","","","","","","","","","","","","","","","","","","","","","","","","","","","","","","",""
"UHZ2F5NE","journalArticle","2025","Okazaki, Michio","A Generalizable Distribution Structure Analysis Algorithm with Audit-Ready Framework for Medical Research","medRxiv","","","","","","2025","2026-06-21 20:18:20","2026-06-21 20:18:20","","2025–11","","","","","","","","","","","Cold Spring Harbor Laboratory Press","","","","","","","","","","","","","","","","","","","","","","","","","","","","","","","","","","","","","","","","","","","","","","","","","","","","","","","","","","","",""
"V3FD4IXK","bookSection","2025","Fletcher Jr, Robert J; Fortin, Marie-Josée","Connectivity","Spatial Ecology and Conservation Modeling: Applications with R","","","","","","2025","2026-06-21 20:18:20","2026-06-21 20:18:20","","427–483","","","","","","","","","","","Springer","","","","","","","","","","","","","","","","","","","","","","","","","","","","","","","","","","","","","","","","","","","","","","","","","","","","","","","","","","","",""
"4FNG6JZE","journalArticle","2025","Martínez-Ruíz, Omar; Corral-Rivas, Sacramento; Abel Nájera-Luna, Juan; Nwabueze Ogana, Friday; Javier Corral-Rivas, José","Modeling diameter structures with the Log-Logistic function in natural forests of Durango, Mexico.","Revista Cubana de Ciencias Forestales","","","","","","2025","2026-06-21 20:18:20","2026-06-21 20:18:20","","","","2","13","","","","","","","","","","","","","","","","","","","","","","","","","","","","","","","","","","","","","","","","","","","","","","","","","","","","","","","","","","","","","","","","","","","",""
"GEUQMLUM","journalArticle","2025","Wigle, Augustine","Statistical developments for network meta-analysis and methane emissions quantification","","","","","","","2025","2026-06-21 20:18:20","2026-06-21 20:18:20","","","","","","","","","","","","","University of Waterloo","","","","","","","","","","","","","","","","","","","","","","","","","","","","","","","","","","","","","","","","","","","","","","","","","","","","","","","","","","","",""
"ZKVENJPB","bookSection","2025","Auer, Alicia; Heß, Philipp; Bracke, Stefan","Methods for Analyzing Reliability Engineering: Probabilistics and Accelerated Testing in Early Phases of Product Emergence Process","Safety Engineering: Fundamentals, Methods, Research topics","","","","","","2025","2026-06-21 20:18:20","2026-06-21 20:18:20","","29–49","","","","","","","","","","","Springer","","","","","","","","","","","","","","","","","","","","","","","","","","","","","","","","","","","","","","","","","","","","","","","","","","","","","","","","","","","",""
"WEEXCT3Z","journalArticle","2025","Crosby, Estella","Rapid Understorey Restoration of a Red Pine Plantation in Algonquin Provincial Park","","","","","","","2025","2026-06-21 20:18:20","2026-06-21 20:18:20","","","","","","","","","","","","","University of Waterloo","","","","","","","","","","","","","","","","","","","","","","","","","","","","","","","","","","","","","","","","","","","","","","","","","","","","","","","","","","","",""
"GB5VUU9Z","thesis","2025","Evans, Carson B","Bridging Climatology and Energy: Understanding Michigan's Wind Speeds for a Sustainable Future","","","","","","","2025","2026-06-21 20:18:20","2026-06-21 20:18:20","","","","","","","","","","","","","Western Michigan University","","","","Master's Thesis","","","","","","","","","","","","","","","","","","","","","","","","","","","","","","","","","","","","","","","","","","","","","","","","","","","","","","","",""
"CIJ8A6JQ","thesis","2025","Alena, Hayley","Examining the contribution of lizards to seed dispersal in New Zealand","","","","","","","2025","2026-06-21 20:18:20","2026-06-21 20:18:20","","","","","","","","","","","","","ResearchSpace@ Auckland","","","","PhD Thesis","","","","","","","","","","","","","","","","","","","","","","","","","","","","","","","","","","","","","","","","","","","","","","","","","","","","","","","",""
"LLMM98VY","journalArticle","2025","Dorado Suárez, Juan Camilo","Behavioral and volatile profiles of orchid bees (Sub-genus Euglossa): Unveiling diversity and chemical ecology in an andean forests","","","","","","","2025","2026-06-21 20:18:20","2026-06-21 20:18:20","","","","","","","","","","","","","Universidad de los Andes","","","","","","","","","","","","","","","","","","","","","","","","","","","","","","","","","","","","","","","","","","","","","","","","","","","","","","","","","","","",""
"39CI5UZG","thesis","2025","Smiley, Rachel","Tradeoffs in Financing Reproduction: The Role of Energy, Behavior, and Disease in Ungulate Life Histories","","","","","","","2025","2026-06-21 20:18:20","2026-06-21 20:18:20","","","","","","","","","","","","","University of Wyoming","","","","PhD Thesis","","","","","","","","","","","","","","","","","","","","","","","","","","","","","","","","","","","","","","","","","","","","","","","","","","","","","","","",""
"9PFJR586","journalArticle","2025","Parsons, Sheena","Spatiotemporal dynamics of habitat productivity across a watershed habitat mosaic: implications for juvenile Pacific salmon","","","","","","","2025","2026-06-21 20:18:20","2026-06-21 20:18:20","","","","","","","","","","","","","Simon Fraser University","","","","","","","","","","","","","","","","","","","","","","","","","","","","","","","","","","","","","","","","","","","","","","","","","","","","","","","","","","","",""
"EDDDHUUW","thesis","2025","Johnson, Anthony Ryan","Landscape Physiology and Drivers of Stress Proxies in the American Alligator (Alligator mississippiensis)","","","","","","","2025","2026-06-21 20:18:20","2026-06-21 20:18:20","","","","","","","","","","","","","Southeastern Louisiana University","","","","Master's Thesis","","","","","","","","","","","","","","","","","","","","","","","","","","","","","","","","","","","","","","","","","","","","","","","","","","","","","","","",""
"6TTSVXFK","journalArticle","2025","Raghavan, Srivatsan; Winter, Peter S; Amini, Ava P; Crawford, Lorin","Artificial variables help to avoid over-clustering in single-cell RNA sequencing","","","","","","","2025","2026-06-21 20:18:20","2026-06-21 20:18:20","","","","","","","","","","","","","","","","","","","","","","","","","","","","","","","","","","","","","","","","","","","","","","","","","","","","","","","","","","","","","","","","","","","","","","","","",""
"SEFS8L52","thesis","2025","Kérébel, Adrien","Studying inter-individual differences in the dynamics of spontaneous thought: spontaneous word generation as a proxy for the stream of thought","","","","","","","2025","2026-06-21 20:18:20","2026-06-21 20:18:20","","","","","","","","","","","","","Université Paris sciences et lettres","","","","PhD Thesis","","","","","","","","","","","","","","","","","","","","","","","","","","","","","","","","","","","","","","","","","","","","","","","","","","","","","","","",""
"JTAJSLB8","thesis","2025","Deng, Zhangliang","Understanding urban water utility performance, water network topology and geographic water access: case studies in Sub-Sahara Africa","","","","","","","2025","2026-06-21 20:18:20","2026-06-21 20:18:20","","","","","","","","","","","","","University of Southampton","","","","PhD Thesis","","","","","","","","","","","","","","","","","","","","","","","","","","","","","","","","","","","","","","","","","","","","","","","","","","","","","","","",""
"KRZ35ADV","journalArticle","2025","Alam, Farouq Mohammad A; others","Assessing Method-Strategy Pairs in the R nleqslv Package: A Comparative Study","Journal of Statistical Models and Methods","","","","","","2025","2026-06-21 20:18:20","2026-06-21 20:18:20","","45–73","","1","1","","","","","","","","","","","","","","","","","","","","","","","","","","","","","","","","","","","","","","","","","","","","","","","","","","","","","","","","","","","","","","","","","","","",""
"329ILQAR","journalArticle","2025","Vidmar, Gaj; Vratanar, Bor","Severe problems with kurtosis","Advances in Methodology and Statistics","","","","","","2025","2026-06-21 20:18:20","2026-06-21 20:18:20","","51–59","","2","22","","","","","","","","","","","","","","","","","","","","","","","","","","","","","","","","","","","","","","","","","","","","","","","","","","","","","","","","","","","","","","","","","","","",""
"3KBUMFNW","journalArticle","2025","Martínez-Ruíz, Omar; Corral-Rivas, Sacramento; Nájera-Luna, Juan Abel; Ogana, Friday Nwabueze; Corral-Rivas, José Javier","Modelación de estructuras diamétricas con la función Log-Logistic en bosques naturales de Durango, México","Revista Cubana de Ciencias Forestales","","","","","","2025","2026-06-21 20:18:20","2026-06-21 20:18:20","","","","2","13","","","","","","","","","","","","","","","","","","","","","","","","","","","","","","","","","","","","","","","","","","","","","","","","","","","","","","","","","","","","","","","","","","","",""
"6N925K7V","journalArticle","2025","Käärik, Meelis; Selart, Anne","Lambert W normal distribution: a viable extension for skew-normal?","Acta et Commentationes Universitatis Tartuensis de Mathematica","","","","","","2025","2026-06-21 20:18:20","2026-06-21 20:18:20","","53–78","","1","29","","","","","","","","","","","","","","","","","","","","","","","","","","","","","","","","","","","","","","","","","","","","","","","","","","","","","","","","","","","","","","","","","","","",""
"3R8ILULQ","journalArticle","2025","Čabla, Adam","The Impact of Interval Choice in Grouped Frequency Tables on Statistical Modelling.","Statistika: Statistics & Economy Journal","","","","","","2025","2026-06-21 20:18:20","2026-06-21 20:18:20","","","","2","105","","","","","","","","","","","","","","","","","","","","","","","","","","","","","","","","","","","","","","","","","","","","","","","","","","","","","","","","","","","","","","","","","","","",""
"H4AUGYU5","journalArticle","2025","LIAO, Yan; YU, Zhenxing; ZENG, Jialin; PENG, Wei; SU, Weiwei; PAN, Huajin; WANG, Bing; WANG, Shuhong; XIE, Shiting; SU, Chang; others","Synephrine quantification and health risk assessment of Xinhui Qinggan peel.","Acta Scientiarum Naturalium Universitatis Sunyatseni/Zhongshan Daxue Xuebao","","","","","","2025","2026-06-21 20:18:20","2026-06-21 20:18:20","","","","6","64","","","","","","","","","","","","","","","","","","","","","","","","","","","","","","","","","","","","","","","","","","","","","","","","","","","","","","","","","","","","","","","","","","","",""
"QENZUPQA","journalArticle","2025","Silva, Ivana; Brugnoli, Ernesto; Mary-Lauyé, Ana Lucía; Cortondo, Facundo; Feris, Anna Lucía; González-Bergonzoni, Iván","REPRODUCTIVE SEASONALITY DIFFER BETWEEN CONTRASTING MORPHOTYPES OF Megaleporinus obtusidens IN LOWER URUGUAY RIVER","Boletín de la Sociedad Zoológica del Uruguay","","","","","","2025","2026-06-21 20:18:20","2026-06-21 20:18:20","","34–1","","1","34","","","","","","","","","","","","","","","","","","","","","","","","","","","","","","","","","","","","","","","","","","","","","","","","","","","","","","","","","","","","","","","","","","","",""
"QYV7RLID","thesis","2025","Kalpagé, Rushil Michael","Simulation of energy flexible systems for the decarbonisation of process heat in the food industry","","","","","","","2025","2026-06-21 20:18:20","2026-06-21 20:18:20","","","","","","","","","","","","","ResearchSpace@ Auckland","","","","PhD Thesis","","","","","","","","","","","","","","","","","","","","","","","","","","","","","","","","","","","","","","","","","","","","","","","","","","","","","","","",""
"8IZ4YVAB","journalArticle","2025","Fonseca, Ana Catarina Alonso da","Is the use of r-FSH and r-LH advantageous in comparison with r-FSH treatment in ovarian stimulation cycles?","","","","","","","2025","2026-06-21 20:18:20","2026-06-21 20:18:20","","","","","","","","","","","","","","","","","","","","","","","","","","","","","","","","","","","","","","","","","","","","","","","","","","","","","","","","","","","","","","","","","","","","","","","","",""
"2GXF2X96","journalArticle","2025","Costa, Helena","Whale exhale: Innovating pathogen surveillance in free-swimming cetaceans through novel field and in vitro experimental techniques","","","","","","","2025","2026-06-21 20:18:20","2026-06-21 20:18:20","","","","","","","","","","","","","Nord University","","","","","","","","","","","","","","","","","","","","","","","","","","","","","","","","","","","","","","","","","","","","","","","","","","","","","","","","","","","",""
"WKWDS4YZ","journalArticle","2025","Samuh, Monjed H; Salhab, Anas M","Analytical distributions for functions of independent rician random variables: Application to wireless communications","Journal of Statistical Research","","","","","","2025","2026-06-21 20:18:20","2026-06-21 20:18:20","","203–219","","2","59","","","","","","","","","","","","","","","","","","","","","","","","","","","","","","","","","","","","","","","","","","","","","","","","","","","","","","","","","","","","","","","","","","","",""
"SFPL5X3N","journalArticle","2025","Piburn, Jesse O","Domain-Informed Bayesian Modeling of Place-Based Temporal Dynamics","","","","","","","2025","2026-06-21 20:18:20","2026-06-21 20:18:20","","","","","","","","","","","","","","","","","","","","","","","","","","","","","","","","","","","","","","","","","","","","","","","","","","","","","","","","","","","","","","","","","","","","","","","","",""
"5YFRIVQ6","journalArticle","2025","Mazzei, Mariana Paola; Galetto, Leonardo; Vesprini, José Luis","Zumbido urbano: implicancia de polinizadores silvestres en la carga polínica de'Solanum lycopersicum'en Rosario","Ciencias Agronómicas","","","","","","2025","2026-06-21 20:18:20","2026-06-21 20:18:20","","e054–e054","","46","","","","","","","","","","","","","","","","","","","","","","","","","","","","","","","","","","","","","","","","","","","","","","","","","","","","","","","","","","","","","","","","","","","","",""
"NS8US7EB","journalArticle","2025","Hamid, Ghorbani","Modelling Monthly Rainfall in the Case of Excessive Zeros","한국수학교육학회지시리즈 B: 순수및응용수학","","","","","","2025","2026-06-21 20:18:20","2026-06-21 20:18:20","","1–11","","1","32","","","","","","","","한국수학교육학회","","","","","","","","","","","","","","","","","","","","","","","","","","","","","","","","","","","","","","","","","","","","","","","","","","","","","","","","","","","",""
"7QEIKM9G","thesis","2025","ZÚÑIGA, ELISA LUNA","Evaluación de las barreras de reclutamiento de plantas arbóreas nativas en los bosques de la isla Socorro","","","","","","","2025","2026-06-21 20:18:20","2026-06-21 20:18:20","","","","","","","","","","","","","UNIVERSIDAD NACIONAL AUTÓNOMA DE MÉXICO","","","","PhD Thesis","","","","","","","","","","","","","","","","","","","","","","","","","","","","","","","","","","","","","","","","","","","","","","","","","","","","","","","",""
"UQMQP43B","thesis","2025","Milstead, Lani Nicole","Effects of Light and Density on the Physiological Stress Response of the American Alligator (Alligator mississippiensis) in Aquacultural Facilities","","","","","","","2025","2026-06-21 20:18:20","2026-06-21 20:18:20","","","","","","","","","","","","","Southeastern Louisiana University","","","","Master's Thesis","","","","","","","","","","","","","","","","","","","","","","","","","","","","","","","","","","","","","","","","","","","","","","","","","","","","","","","",""
"AMA3Z7DK","journalArticle","2025","Silva, Ivana; Brugnoli, Ernesto; Mary Lauyé, Ana Lucía; Cortondo, Facundo; Feris, Anna Lucía; González-Bergonzoni, Iván","Reproductive seasonality differs between contrasting morphotypes of Megaleporinus obtusidens (Teleostei: Characiformes) in lower Uruguay River","Boletín de la Sociedad Zoológica del Uruguay, 2025, 34 (1): e34. 1.3.","","","","","","2025","2026-06-21 20:18:20","2026-06-21 20:18:20","","","","","","","","","","","","","Sociedad Zoológica del Uruguay","","","","","","","","","","","","","","","","","","","","","","","","","","","","","","","","","","","","","","","","","","","","","","","","","","","","","","","","","","","",""
"SHJ924FL","journalArticle","2025","Corral-Rivas, Sacramento; Martínez-Ruíz, Omar; Nájera-Luna, Juan Abel; Ogana, Friday Nwabueze; Corral-Rivas, José Javier","Modelación de estructuras diamétricas con la función Log-Logistic en bosques naturales de Durango, México: Modeling diameter structures with the Log-Logistic function in natural forests of Durango, Mexico","Revista Cubana de Ciencias Forestales","","","","","","2025","2026-06-21 20:18:20","2026-06-21 20:18:20","","e873–e873","","2","13","","","","","","","","","","","","","","","","","","","","","","","","","","","","","","","","","","","","","","","","","","","","","","","","","","","","","","","","","","","","","","","","","","","",""
"GGY5RYBQ","bookSection","2025","Guo, Zihao; Ali, Sheikh Taslim; Zhao, Shi","The serial interval distribution of the mpox virus infection","The Scientific Basis of Mpox (Monkeypox)","","","","","","2025","2026-06-21 20:18:20","2026-06-21 20:18:20","","149–166","","","","","","","","","","","Elsevier","","","","","","","","","","","","","","","","","","","","","","","","","","","","","","","","","","","","","","","","","","","","","","","","","","","","","","","","","","","",""
"ZH9EZ7IZ","journalArticle","2025","Ribeiro, Andre F","Spatio-Causal Patterns of Sample Growth","Journal of Artificial Intelligence Research","","","","","","2025","2026-06-21 20:18:20","2026-06-21 20:18:20","","","","","83","","","","","","","","","","","","","","","","","","","","","","","","","","","","","","","","","","","","","","","","","","","","","","","","","","","","","","","","","","","","","","","","","","","",""
"UF8JQUI4","journalArticle","2025","Çetinkaya, Çağatay","Inference for Weibull Expected Shortfall From Record Data","Science and Mathematics: Theory, Methodology and Practice","","","","","","2025","2026-06-21 20:18:20","2026-06-21 20:18:20","","66","","","","","","","","","","","","","","","","","","","","","","","","","","","","","","","","","","","","","","","","","","","","","","","","","","","","","","","","","","","","","","","","","","","","","","",""
"DUPV3K8G","journalArticle","2025","Hair, Emma; Hahn, Philip","Herbivory Variability in Florida Plants: Rare Species Show Higher Mean but Less Skewed Distributions of Damage","UF Journal of Undergraduate Research","","","","","","2025","2026-06-21 20:18:20","2026-06-21 20:18:20","","","","","27","","","","","","","","","","","","","","","","","","","","","","","","","","","","","","","","","","","","","","","","","","","","","","","","","","","","","","","","","","","","","","","","","","","",""
"CBSCFKCJ","journalArticle","","Williams, Paul Allen; Roberts, Emily K; Nguyen, Quynh-Anh; Rahmouni, Kamal","Results in Engineering","","","","","","","","2026-06-21 20:18:20","2026-06-21 20:18:20","","","","","","","","","","","","","","","","","","","","","","","","","","","","","","","","","","","","","","","","","","","","","","","","","","","","","","","","","","","","","","","","","","","","","","","","",""
"R836ZC2R","journalArticle","","Ferrari, Pier Francesco; Wittig, Roman M; Crockford, Catherine","Social tolerance and role model diversity increase tool use learning opportunities across chimpanzee ontogeny","","","","","","","","2026-06-21 20:18:20","2026-06-21 20:18:20","","","","","","","","","","","","","","","","","","","","","","","","","","","","","","","","","","","","","","","","","","","","","","","","","","","","","","","","","","","","","","","","","","","","","","","","",""
"YIJ5QE4P","journalArticle","","Proença-Ferreira, António","Extensive pastures and dirt-road verges promote landscape connectivity for a threatened rodent in Mediterranean farmland","","","","","","","","2026-06-21 20:18:20","2026-06-21 20:18:20","","","","","","","","","","","","","","","","","","","","","","","","","","","","","","","","","","","","","","","","","","","","","","","","","","","","","","","","","","","","","","","","","","","","","","","","",""
"X9JTHKBC","journalArticle","","Vetr, Nikolai G; Gay, Nicole R; Adkins, Joshua N; Albertson, Brent G; Amar, David","LSU Scholarly Repositor y","","","","","","","","2026-06-21 20:18:20","2026-06-21 20:18:20","","","","","","","","","","","","","","","","","","","","","","","","","","","","","","","","","","","","","","","","","","","","","","","","","","","","","","","","","","","","","","","","","","","","","","","","",""
"43YX7GKY","journalArticle","2025","Lambert, Joshua W; Kucharski, Adam; Adam, Dillon C","r-superspreading","","","","","","","2025","2026-06-21 20:18:20","2026-06-21 20:18:20","","","","","","","","","","","","","","","","","","","","","","","","","","","","","","","","","","","","","","","","","","","","","","","","","","","","","","","","","","","","","","","","","","","","","","","","",""
"9E74PJ2P","journalArticle","2025","Gao, Meixiang; Ye, Yanyan; Zheng, Ye; Lai, Jiangshan","2008–2023 年 R 在生态学研究中的应用","Journal of Plant Ecology","","","","","","2025","2026-06-21 20:18:20","2026-06-21 20:18:20","","1","","1","18","","","","","","","","","","","","","","","","","","","","","","","","","","","","","","","","","","","","","","","","","","","","","","","","","","","","","","","","","","","","","","","","","","","",""
"AG8A8GJ8","journalArticle","2025","Golański, Piotr; Golański, Michał","Statystyczna ocena wydajności serwera symulatora mieszanej rzeczywistości","Pomiary Automatyka Robotyka","","","","","","2025","2026-06-21 20:18:20","2026-06-21 20:18:20","","77–83","","3","29","","","","","","","","Sieć Badawcza Łukasiewicz-Przemysłowy Instytut Automatyki i Pomiarów","","","","","","","","","","","","","","","","","","","","","","","","","","","","","","","","","","","","","","","","","","","","","","","","","","","","","","","","","","","",""
"6LQWIWY7","journalArticle","","Kristóf, Szabados","Do Developers Have Agency? A Longitudinal Study Revealing the Duality of Software Evolution in 65,987 Open Source Projects.","","","","","","","","2026-06-21 20:18:20","2026-06-21 20:18:20","","","","","","","","","","","","","","","","","","","","","","","","","","","","","","","","","","","","","","","","","","","","","","","","","","","","","","","","","","","","","","","","","","","","","","","","",""
"PJMN2U4Q","conferencePaper","2025","Rahmah, Nabila DA; Sari, Shania P; Ginanjar, Irlandia; Arisanti, Restu","Negative Binomial Regression Analysis Of Welfare's Impact On Crime Involving Fraud, Embezzlement, And Corruption In Indonesia","Proceedings International Conference on Applied Statistics","","","","","","2025","2026-06-21 20:18:20","2026-06-21 20:18:20","","","","1","3","","","","","","","","","","","","","","","","","","","","","","","","","","","","","","","","","","","","","","","","","","","","","","","","","","","","","","","","","","","","","","","","","","","",""
"T4JBJ4JK","journalArticle","","Fuchs, Andrea; Delamer, Isabelle; Jessen, Lisa; Cott, Grace","Lack of Greenhouse Gas Emissions from a Temperate Saltmarsh in Ireland: The Influence of Vegetation Zones and Tidal Inundation","Available at SSRN 5641719","","","","","","","2026-06-21 20:18:20","2026-06-21 20:18:20","","","","","","","","","","","","","","","","","","","","","","","","","","","","","","","","","","","","","","","","","","","","","","","","","","","","","","","","","","","","","","","","","","","","","","","","",""
"JK67UQBF","journalArticle","2025","Negrete Arias, Rafael; others","Caracterización de una población de Chamaeleo chamaeleon en el monumento natural Dunas de Artola (Marbella)","","","","","","","2025","2026-06-21 20:18:20","2026-06-21 20:18:20","","","","","","","","","","","","","","","","","","","","","","","","","","","","","","","","","","","","","","","","","","","","","","","","","","","","","","","","","","","","","","","","","","","","","","","","",""
"3Z43KR82","journalArticle","2025","Çetinkaya, Merve Kandemir; Kaçıranlar, Selahattin","Jackknifed estimators for generalized linear models with multicollinearity","Hacettepe Journal of Mathematics and Statistics","","","","","","2025","2026-06-21 20:18:20","2026-06-21 20:18:20","","684–709","","2","54","","","","","","","","Hacettepe University","","","","","","","","","","","","","","","","","","","","","","","","","","","","","","","","","","","","","","","","","","","","","","","","","","","","","","","","","","","",""
"7E5QPXZG","journalArticle","2025","Lambert, Joshua W; Kucharski, Adam; Adam, Dillon C","superspreading: Estimate individual-level variation in transmission","","","","","","","2025","2026-06-21 20:18:20","2026-06-21 20:18:20","","","","","","","","","","","","","","","","","","","","","","","","","","","","","","","","","","","","","","","","","","","","","","","","","","","","","","","","","","","","","","","","","","","","","","","","",""
"TNIPYWQ2","journalArticle","2025","Moro, Pablo Esgueva","DISTRIBUTION FITTING in C+","","","","","","","2025","2026-06-21 20:18:20","2026-06-21 20:18:20","","","","","","","","","","","","","","","","","","","","","","","","","","","","","","","","","","","","","","","","","","","","","","","","","","","","","","","","","","","","","","","","","","","","","","","","",""
"6MLLZ2YP","journalArticle","2025","Souza, Sheila Trierveiler de","Limitações nutricionais nos invertebrados da serapilheira em florestas da Amazônia Central","","","","","","","2025","2026-06-21 20:18:20","2026-06-21 20:18:20","","","","","","","","","","","","","Instituto Nacional de Pesquisas da Amazônia-INPA","","","","","","","","","","","","","","","","","","","","","","","","","","","","","","","","","","","","","","","","","","","","","","","","","","","","","","","","","","","",""
"KQNBC3XN","journalArticle","2025","Binkowski, Łukasz J","CO PTAKI MOGĄ POWIEDZIEĆ O ZANIECZYSZCZENIACH? ANALIZA STATYSTYCZNA DANYCH ŚRODOWISKOWYCH.","","","","","","","2025","2026-06-21 20:18:20","2026-06-21 20:18:20","","","","","","","","","","","","","","","","","","","","","","","","","","","","","","","","","","","","","","","","","","","","","","","","","","","","","","","","","","","","","","","","","","","","","","","","",""
"KPYS86VU","journalArticle","","TÖRNQVIST, OSCAR","Modellering av effekter av fysisk påverkan på makrovegetation och epibentisk fauna","","","","","","","","2026-06-21 20:18:20","2026-06-21 20:18:20","","","","","","","","","","","","","","","","","","","","","","","","","","","","","","","","","","","","","","","","","","","","","","","","","","","","","","","","","","","","","","","","","","","","","","","","",""
"3Z2HRWY2","journalArticle","","Simoes, BGS; Puga, CA; Junqueira, AOR","VARIAÇÃO TEMPORAL DA BIOTA DE COSTÕES ROCHOSOS DA BAÍA DE GUANABARA NUM CONTEXTO DE LONGA DURAÇÃO","bjast","","","","","","","2026-06-21 20:18:20","2026-06-21 20:18:20","","20662","","2","28","","","","","","","","","","","","","","","","","","","","","","","","","","","","","","","","","","","","","","","","","","","","","","","","","","","","","","","","","","","","","","","","","","","",""
"626PQHI8","journalArticle","2025","Jaffray, Bruce","Defining an Anastomotic Stricture Following Oesophageal Atresia Repair","Journal of Pediatric Surgery","","","","","","2025","2026-06-21 20:18:20","2026-06-21 20:18:20","","162405","","9","60","","","","","","","","Elsevier","","","","","","","","","","","","","","","","","","","","","","","","","","","","","","","","","","","","","","","","","","","","","","","","","","","","","","","","","","","",""
"BPPQJKY9","journalArticle","","Rodriguez Hernandez, Ivan Francisco","Alternative formats","","","","","","","","2026-06-21 20:18:20","2026-06-21 20:18:20","","","","","","","","","","","","","","","","","","","","","","","","","","","","","","","","","","","","","","","","","","","","","","","","","","","","","","","","","","","","","","","","","","","","","","","","",""